To honour the JVM settings for this build a single-use Daemon process will be forked. For more on this, please refer to https://docs.gradle.org/9.5.1/userguide/gradle_daemon.html#sec:disabling_the_daemon in the Gradle documentation.
Daemon will be stopped at the end of the build 
Type-safe project accessors is an incubating feature.

> Task :server:dependencies

------------------------------------------------------------
Project ':server'
------------------------------------------------------------

annotationProcessor - Annotation processors and their dependencies for source set 'main'.
No dependencies

api - API dependencies for 'main'. (n)
\--- project observability-api (n)

apiElements - API elements for the 'main' feature. (n)
No dependencies

apiElements-published (n)
No dependencies

compileClasspath - Compile classpath for 'main'.
+--- project :observability-api
|    +--- org.jetbrains.kotlinx:kotlinx-serialization-json:1.9.0
|    |    \--- org.jetbrains.kotlinx:kotlinx-serialization-json-jvm:1.9.0
|    |         +--- org.jetbrains.kotlinx:kotlinx-serialization-bom:1.9.0
|    |         |    +--- org.jetbrains.kotlinx:kotlinx-serialization-core:1.9.0 (c)
|    |         |    +--- org.jetbrains.kotlinx:kotlinx-serialization-json-jvm:1.9.0 (c)
|    |         |    +--- org.jetbrains.kotlinx:kotlinx-serialization-json:1.9.0 (c)
|    |         |    \--- org.jetbrains.kotlinx:kotlinx-serialization-core-jvm:1.9.0 (c)
|    |         +--- org.jetbrains.kotlin:kotlin-stdlib:2.2.0 -> 2.3.10
|    |         |    +--- org.jetbrains:annotations:13.0 -> 23.0.0
|    |         |    \--- org.jetbrains.kotlin:kotlin-stdlib-common:2.3.10 (c)
|    |         \--- org.jetbrains.kotlinx:kotlinx-serialization-core:1.9.0
|    |              \--- org.jetbrains.kotlinx:kotlinx-serialization-core-jvm:1.9.0
|    |                   +--- org.jetbrains.kotlinx:kotlinx-serialization-bom:1.9.0 (*)
|    |                   \--- org.jetbrains.kotlin:kotlin-stdlib:2.2.0 -> 2.3.10 (*)
|    +--- org.jetbrains.kotlinx:kotlinx-coroutines-core:1.9.0
|    |    \--- org.jetbrains.kotlinx:kotlinx-coroutines-core-jvm:1.9.0
|    |         +--- org.jetbrains:annotations:23.0.0
|    |         +--- org.jetbrains.kotlinx:kotlinx-coroutines-bom:1.9.0
|    |         |    +--- org.jetbrains.kotlinx:kotlinx-coroutines-core-jvm:1.9.0 (c)
|    |         |    \--- org.jetbrains.kotlinx:kotlinx-coroutines-core:1.9.0 (c)
|    |         \--- org.jetbrains.kotlin:kotlin-stdlib:2.0.0 -> 2.3.10 (*)
|    \--- org.jetbrains.kotlin:kotlin-stdlib:2.3.10 (*)
+--- org.jetbrains.kotlin:kotlin-stdlib:2.3.10 (*)
+--- project :api
+--- project :sharding-core
|    \--- org.jetbrains.kotlin:kotlin-stdlib:2.3.10 (*)
+--- me.tatarka.inject:kotlin-inject-runtime:0.7.1
|    \--- me.tatarka.inject:kotlin-inject-runtime-jvm:0.7.1
|         \--- org.jetbrains.kotlin:kotlin-stdlib:1.9.24 -> 2.3.10 (*)
+--- com.latenighthack.ktbuf:ktbuf-library:1.1.10
|    \--- com.latenighthack.ktbuf:ktbuf-library-jvm:1.1.10
|         \--- org.jetbrains.kotlin:kotlin-stdlib:2.3.10 (*)
+--- com.latenighthack.ktbuf:ktbuf-rpc:1.1.10
|    \--- com.latenighthack.ktbuf:ktbuf-rpc-jvm:1.1.10
|         +--- com.squareup.okhttp3:okhttp:4.9.1
|         |    +--- com.squareup.okio:okio:2.8.0
|         |    |    +--- org.jetbrains.kotlin:kotlin-stdlib:1.4.0 -> 2.3.10 (*)
|         |    |    \--- org.jetbrains.kotlin:kotlin-stdlib-common:1.4.0 -> 2.3.10
|         |    |         \--- org.jetbrains.kotlin:kotlin-stdlib:2.3.10 (*)
|         |    \--- org.jetbrains.kotlin:kotlin-stdlib:1.4.10 -> 2.3.10 (*)
|         \--- org.jetbrains.kotlin:kotlin-stdlib:2.3.10 (*)
+--- com.latenighthack.ktbuf:ktbuf-server:1.1.10
|    \--- org.jetbrains.kotlin:kotlin-stdlib:2.3.10 (*)
+--- org.jetbrains.kotlinx:kotlinx-coroutines-core:1.9.0 (*)
+--- io.ktor:ktor-server-core:3.0.2
|    \--- io.ktor:ktor-server-core-jvm:3.0.2
|         +--- org.slf4j:slf4j-api:2.0.16
|         +--- com.typesafe:config:1.4.3
|         +--- org.jetbrains.kotlinx:kotlinx-coroutines-core:1.9.0 (*)
|         +--- io.ktor:ktor-utils:3.0.2
|         |    \--- io.ktor:ktor-utils-jvm:3.0.2
|         |         +--- org.slf4j:slf4j-api:2.0.16
|         |         +--- org.jetbrains.kotlinx:kotlinx-coroutines-core:1.9.0 (*)
|         |         +--- io.ktor:ktor-io:3.0.2
|         |         |    \--- io.ktor:ktor-io-jvm:3.0.2
|         |         |         +--- org.slf4j:slf4j-api:2.0.16
|         |         |         +--- org.jetbrains.kotlinx:kotlinx-coroutines-core:1.9.0 (*)
|         |         |         +--- org.jetbrains.kotlinx:kotlinx-io-core:0.5.4
|         |         |         |    \--- org.jetbrains.kotlinx:kotlinx-io-core-jvm:0.5.4
|         |         |         |         +--- org.jetbrains.kotlinx:kotlinx-io-bytestring:0.5.4
|         |         |         |         |    \--- org.jetbrains.kotlinx:kotlinx-io-bytestring-jvm:0.5.4
|         |         |         |         |         \--- org.jetbrains.kotlin:kotlin-stdlib:2.0.0 -> 2.3.10 (*)
|         |         |         |         \--- org.jetbrains.kotlin:kotlin-stdlib:2.0.0 -> 2.3.10 (*)
|         |         |         \--- org.jetbrains.kotlin:kotlin-stdlib:2.0.21 -> 2.3.10 (*)
|         |         +--- org.jetbrains.kotlinx:kotlinx-serialization-core:1.7.3 -> 1.9.0 (*)
|         |         \--- org.jetbrains.kotlin:kotlin-stdlib:2.0.21 -> 2.3.10 (*)
|         +--- io.ktor:ktor-http:3.0.2
|         |    \--- io.ktor:ktor-http-jvm:3.0.2
|         |         +--- org.slf4j:slf4j-api:2.0.16
|         |         +--- org.jetbrains.kotlinx:kotlinx-coroutines-core:1.9.0 (*)
|         |         +--- io.ktor:ktor-utils:3.0.2 (*)
|         |         +--- org.jetbrains.kotlinx:kotlinx-serialization-core:1.7.3 -> 1.9.0 (*)
|         |         \--- org.jetbrains.kotlin:kotlin-stdlib:2.0.21 -> 2.3.10 (*)
|         +--- io.ktor:ktor-serialization:3.0.2
|         |    \--- io.ktor:ktor-serialization-jvm:3.0.2
|         |         +--- org.slf4j:slf4j-api:2.0.16
|         |         +--- org.jetbrains.kotlinx:kotlinx-coroutines-core:1.9.0 (*)
|         |         +--- io.ktor:ktor-http:3.0.2 (*)
|         |         +--- io.ktor:ktor-websockets:3.0.2
|         |         |    \--- io.ktor:ktor-websockets-jvm:3.0.2
|         |         |         +--- org.slf4j:slf4j-api:2.0.16
|         |         |         +--- org.jetbrains.kotlinx:kotlinx-coroutines-core:1.9.0 (*)
|         |         |         +--- io.ktor:ktor-http:3.0.2 (*)
|         |         |         \--- org.jetbrains.kotlin:kotlin-stdlib:2.0.21 -> 2.3.10 (*)
|         |         \--- org.jetbrains.kotlin:kotlin-stdlib:2.0.21 -> 2.3.10 (*)
|         +--- io.ktor:ktor-events:3.0.2
|         |    \--- io.ktor:ktor-events-jvm:3.0.2
|         |         +--- org.slf4j:slf4j-api:2.0.16
|         |         +--- org.jetbrains.kotlinx:kotlinx-coroutines-core:1.9.0 (*)
|         |         +--- io.ktor:ktor-http:3.0.2 (*)
|         |         +--- io.ktor:ktor-utils:3.0.2 (*)
|         |         \--- org.jetbrains.kotlin:kotlin-stdlib:2.0.21 -> 2.3.10 (*)
|         +--- io.ktor:ktor-http-cio:3.0.2
|         |    \--- io.ktor:ktor-http-cio-jvm:3.0.2
|         |         +--- org.slf4j:slf4j-api:2.0.16
|         |         +--- io.ktor:ktor-network:3.0.2
|         |         |    \--- io.ktor:ktor-network-jvm:3.0.2
|         |         |         +--- org.slf4j:slf4j-api:2.0.16
|         |         |         +--- io.ktor:ktor-utils:3.0.2 (*)
|         |         |         +--- org.jetbrains.kotlinx:kotlinx-coroutines-core:1.9.0 (*)
|         |         |         \--- org.jetbrains.kotlin:kotlin-stdlib:2.0.21 -> 2.3.10 (*)
|         |         +--- org.jetbrains.kotlinx:kotlinx-coroutines-core:1.9.0 (*)
|         |         +--- io.ktor:ktor-http:3.0.2 (*)
|         |         +--- io.ktor:ktor-io:3.0.2 (*)
|         |         \--- org.jetbrains.kotlin:kotlin-stdlib:2.0.21 -> 2.3.10 (*)
|         +--- io.ktor:ktor-websockets:3.0.2 (*)
|         +--- org.jetbrains.kotlin:kotlin-reflect:2.0.21
|         |    \--- org.jetbrains.kotlin:kotlin-stdlib:2.0.21 -> 2.3.10 (*)
|         \--- org.jetbrains.kotlin:kotlin-stdlib:2.0.21 -> 2.3.10 (*)
+--- io.ktor:ktor-server-cio:3.0.2
|    \--- io.ktor:ktor-server-cio-jvm:3.0.2
|         +--- org.slf4j:slf4j-api:2.0.16
|         +--- io.ktor:ktor-server-core:3.0.2 (*)
|         +--- io.ktor:ktor-http-cio:3.0.2 (*)
|         +--- io.ktor:ktor-websockets:3.0.2 (*)
|         +--- io.ktor:ktor-network:3.0.2 (*)
|         +--- org.jetbrains.kotlinx:kotlinx-coroutines-core:1.9.0 (*)
|         \--- org.jetbrains.kotlin:kotlin-stdlib:2.0.21 -> 2.3.10 (*)
+--- io.ktor:ktor-server-websockets:3.0.2
|    \--- io.ktor:ktor-server-websockets-jvm:3.0.2
|         +--- org.slf4j:slf4j-api:2.0.16
|         +--- org.jetbrains.kotlinx:kotlinx-coroutines-core:1.9.0 (*)
|         +--- io.ktor:ktor-server-core:3.0.2 (*)
|         +--- io.ktor:ktor-websockets:3.0.2 (*)
|         +--- io.ktor:ktor-websocket-serialization:3.0.2
|         |    \--- io.ktor:ktor-websocket-serialization-jvm:3.0.2
|         |         +--- org.slf4j:slf4j-api:2.0.16
|         |         +--- org.jetbrains.kotlinx:kotlinx-coroutines-core:1.9.0 (*)
|         |         +--- io.ktor:ktor-http:3.0.2 (*)
|         |         +--- io.ktor:ktor-serialization:3.0.2 (*)
|         |         \--- org.jetbrains.kotlin:kotlin-stdlib:2.0.21 -> 2.3.10 (*)
|         \--- org.jetbrains.kotlin:kotlin-stdlib:2.0.21 -> 2.3.10 (*)
+--- com.latenighthack.ktstore:ktstore-library:{strictly 0.2.0-fh.1698650f0e9502d006d3} -> 0.2.0-fh.1698650f0e9502d006d3
|    \--- com.latenighthack.ktstore:ktstore-library-jvm:0.2.0-fh.1698650f0e9502d006d3
|         \--- org.jetbrains.kotlin:kotlin-stdlib:2.3.10 (*)
+--- com.latenighthack.ktcrypto:ktcrypto-library:0.0.8
|    \--- com.latenighthack.ktcrypto:ktcrypto-library-jvm:0.0.8
|         \--- org.jetbrains.kotlin:kotlin-stdlib:2.3.10 (*)
+--- org.jetbrains.kotlinx:kotlinx-datetime:0.6.1
|    \--- org.jetbrains.kotlinx:kotlinx-datetime-jvm:0.6.1
|         \--- org.jetbrains.kotlin:kotlin-stdlib:1.9.21 -> 2.3.10 (*)
+--- io.micrometer:micrometer-core:1.10.3
|    +--- io.micrometer:micrometer-commons:1.10.3
|    \--- io.micrometer:micrometer-observation:1.10.3
|         \--- io.micrometer:micrometer-commons:1.10.3
+--- io.github.reactivecircus.cache4k:cache4k:0.14.0
|    \--- io.github.reactivecircus.cache4k:cache4k-jvm:0.14.0
|         \--- org.jetbrains.kotlin:kotlin-stdlib:2.1.0 -> 2.3.10 (*)
+--- io.netty:netty-bom:4.1.139.Final
|    +--- io.netty:netty-codec-http2:4.1.139.Final (c)
|    +--- io.netty:netty-handler-proxy:4.1.139.Final (c)
|    +--- io.netty:netty-resolver-dns:4.1.139.Final (c)
|    +--- io.netty:netty-codec-http:4.1.139.Final (c)
|    +--- io.netty:netty-handler:4.1.139.Final (c)
|    +--- io.netty:netty-transport:4.1.139.Final (c)
|    +--- io.netty:netty-common:4.1.139.Final (c)
|    +--- io.netty:netty-buffer:4.1.139.Final (c)
|    +--- io.netty:netty-codec:4.1.139.Final (c)
|    +--- io.netty:netty-codec-socks:4.1.139.Final (c)
|    +--- io.netty:netty-resolver:4.1.139.Final (c)
|    +--- io.netty:netty-codec-dns:4.1.139.Final (c)
|    \--- io.netty:netty-transport-native-unix-common:4.1.139.Final (c)
+--- com.eatthepath:pushy:0.15.4
|    +--- io.netty:netty-codec-http2:4.1.104.Final -> 4.1.139.Final
|    |    +--- io.netty:netty-common:4.1.139.Final
|    |    +--- io.netty:netty-buffer:4.1.139.Final
|    |    |    \--- io.netty:netty-common:4.1.139.Final
|    |    +--- io.netty:netty-transport:4.1.139.Final
|    |    |    +--- io.netty:netty-common:4.1.139.Final
|    |    |    +--- io.netty:netty-buffer:4.1.139.Final (*)
|    |    |    \--- io.netty:netty-resolver:4.1.139.Final
|    |    |         \--- io.netty:netty-common:4.1.139.Final
|    |    +--- io.netty:netty-codec:4.1.139.Final
|    |    |    +--- io.netty:netty-common:4.1.139.Final
|    |    |    +--- io.netty:netty-buffer:4.1.139.Final (*)
|    |    |    \--- io.netty:netty-transport:4.1.139.Final (*)
|    |    +--- io.netty:netty-handler:4.1.139.Final
|    |    |    +--- io.netty:netty-common:4.1.139.Final
|    |    |    +--- io.netty:netty-resolver:4.1.139.Final (*)
|    |    |    +--- io.netty:netty-buffer:4.1.139.Final (*)
|    |    |    +--- io.netty:netty-transport:4.1.139.Final (*)
|    |    |    +--- io.netty:netty-transport-native-unix-common:4.1.139.Final
|    |    |    |    +--- io.netty:netty-common:4.1.139.Final
|    |    |    |    +--- io.netty:netty-buffer:4.1.139.Final (*)
|    |    |    |    \--- io.netty:netty-transport:4.1.139.Final (*)
|    |    |    \--- io.netty:netty-codec:4.1.139.Final (*)
|    |    \--- io.netty:netty-codec-http:4.1.139.Final
|    |         +--- io.netty:netty-common:4.1.139.Final
|    |         +--- io.netty:netty-buffer:4.1.139.Final (*)
|    |         +--- io.netty:netty-transport:4.1.139.Final (*)
|    |         +--- io.netty:netty-codec:4.1.139.Final (*)
|    |         \--- io.netty:netty-handler:4.1.139.Final (*)
|    +--- io.netty:netty-handler-proxy:4.1.104.Final -> 4.1.139.Final
|    |    +--- io.netty:netty-common:4.1.139.Final
|    |    +--- io.netty:netty-buffer:4.1.139.Final (*)
|    |    +--- io.netty:netty-transport:4.1.139.Final (*)
|    |    +--- io.netty:netty-codec:4.1.139.Final (*)
|    |    +--- io.netty:netty-codec-socks:4.1.139.Final
|    |    |    +--- io.netty:netty-common:4.1.139.Final
|    |    |    +--- io.netty:netty-buffer:4.1.139.Final (*)
|    |    |    +--- io.netty:netty-transport:4.1.139.Final (*)
|    |    |    \--- io.netty:netty-codec:4.1.139.Final (*)
|    |    \--- io.netty:netty-codec-http:4.1.139.Final (*)
|    +--- io.netty:netty-resolver-dns:4.1.104.Final -> 4.1.139.Final
|    |    +--- io.netty:netty-common:4.1.139.Final
|    |    +--- io.netty:netty-buffer:4.1.139.Final (*)
|    |    +--- io.netty:netty-resolver:4.1.139.Final (*)
|    |    +--- io.netty:netty-transport:4.1.139.Final (*)
|    |    +--- io.netty:netty-codec:4.1.139.Final (*)
|    |    +--- io.netty:netty-codec-dns:4.1.139.Final
|    |    |    +--- io.netty:netty-common:4.1.139.Final
|    |    |    +--- io.netty:netty-buffer:4.1.139.Final (*)
|    |    |    +--- io.netty:netty-transport:4.1.139.Final (*)
|    |    |    \--- io.netty:netty-codec:4.1.139.Final (*)
|    |    \--- io.netty:netty-handler:4.1.139.Final (*)
|    +--- com.eatthepath:fast-uuid:0.2.0
|    \--- org.slf4j:slf4j-api:1.7.21 -> 2.0.16
+--- com.google.firebase:firebase-admin:9.4.3
|    +--- com.google.api-client:google-api-client:2.7.1
|    |    +--- commons-codec:commons-codec:1.17.1
|    |    +--- com.google.oauth-client:google-oauth-client:1.36.0
|    |    |    +--- com.google.http-client:google-http-client:1.43.3 -> 1.45.3
|    |    |    |    +--- org.apache.httpcomponents:httpclient:4.5.14
|    |    |    |    |    +--- org.apache.httpcomponents:httpcore:4.4.16
|    |    |    |    |    +--- commons-logging:commons-logging:1.2
|    |    |    |    |    \--- commons-codec:commons-codec:1.11 -> 1.17.1
|    |    |    |    +--- org.apache.httpcomponents:httpcore:4.4.16
|    |    |    |    +--- com.google.code.findbugs:jsr305:3.0.2
|    |    |    |    +--- com.google.errorprone:error_prone_annotations:2.36.0
|    |    |    |    +--- com.google.guava:guava:30.1.1-android -> 33.3.1-jre
|    |    |    |    |    +--- com.google.guava:failureaccess:1.0.2
|    |    |    |    |    +--- com.google.guava:listenablefuture:9999.0-empty-to-avoid-conflict-with-guava
|    |    |    |    |    +--- com.google.code.findbugs:jsr305:3.0.2
|    |    |    |    |    +--- org.checkerframework:checker-qual:3.43.0 -> 3.48.3
|    |    |    |    |    +--- com.google.errorprone:error_prone_annotations:2.28.0 -> 2.36.0
|    |    |    |    |    \--- com.google.j2objc:j2objc-annotations:3.0.0
|    |    |    |    +--- com.google.j2objc:j2objc-annotations:3.0.0
|    |    |    |    +--- io.grpc:grpc-context:1.69.0
|    |    |    |    +--- io.opencensus:opencensus-api:0.31.1
|    |    |    |    |    \--- io.grpc:grpc-context:1.27.2 -> 1.69.0
|    |    |    |    \--- io.opencensus:opencensus-contrib-http-util:0.31.1
|    |    |    |         +--- io.opencensus:opencensus-api:0.31.1 (*)
|    |    |    |         \--- com.google.guava:guava:29.0-android -> 33.3.1-jre (*)
|    |    |    +--- com.google.http-client:google-http-client-gson:1.43.3 -> 1.45.3
|    |    |    |    +--- com.google.http-client:google-http-client:1.45.3 (*)
|    |    |    |    \--- com.google.code.gson:gson:2.11.0
|    |    |    \--- com.google.guava:guava:31.1-android -> 33.3.1-jre (*)
|    |    +--- com.google.auth:google-auth-library-credentials:1.30.0 -> 1.30.1
|    |    +--- com.google.auth:google-auth-library-oauth2-http:1.30.0 -> 1.30.1
|    |    |    +--- com.google.auto.value:auto-value-annotations:1.11.0
|    |    |    +--- com.google.code.findbugs:jsr305:3.0.2
|    |    |    +--- com.google.auth:google-auth-library-credentials:1.30.1
|    |    |    +--- com.google.http-client:google-http-client:1.45.2 -> 1.45.3 (*)
|    |    |    +--- com.google.http-client:google-http-client-gson:1.45.2 -> 1.45.3 (*)
|    |    |    +--- com.google.guava:guava:33.3.1-android -> 33.3.1-jre (*)
|    |    |    \--- com.google.errorprone:error_prone_annotations:2.36.0
|    |    +--- com.google.http-client:google-http-client-gson:1.45.2 -> 1.45.3 (*)
|    |    +--- com.google.guava:guava:33.1.0-jre -> 33.3.1-jre (*)
|    |    +--- com.google.http-client:google-http-client-apache-v2:1.45.2 -> 1.45.3
|    |    |    +--- com.google.http-client:google-http-client:1.45.3 (*)
|    |    |    +--- org.apache.httpcomponents:httpclient:4.5.14 (*)
|    |    |    \--- org.apache.httpcomponents:httpcore:4.4.16
|    |    +--- org.apache.httpcomponents:httpcore:4.4.16
|    |    +--- org.apache.httpcomponents:httpclient:4.5.14 (*)
|    |    \--- com.google.http-client:google-http-client:1.45.2 -> 1.45.3 (*)
|    +--- com.google.api-client:google-api-client-gson:2.7.1
|    |    +--- com.google.api-client:google-api-client:2.7.1 (*)
|    |    +--- com.google.http-client:google-http-client:1.45.2 -> 1.45.3 (*)
|    |    \--- com.google.http-client:google-http-client-gson:1.45.2 -> 1.45.3 (*)
|    +--- com.google.http-client:google-http-client:1.45.3 (*)
|    +--- com.google.api:api-common:2.42.0
|    |    +--- com.google.guava:guava:33.3.1-jre (*)
|    |    +--- com.google.auto.value:auto-value-annotations:1.11.0
|    |    +--- com.google.code.findbugs:jsr305:3.0.2
|    |    +--- javax.annotation:javax.annotation-api:1.3.2
|    |    +--- com.google.errorprone:error_prone_annotations:2.36.0
|    |    \--- com.google.j2objc:j2objc-annotations:3.0.0
|    +--- com.google.auth:google-auth-library-oauth2-http:1.30.1 (*)
|    +--- com.google.cloud:google-cloud-storage:2.46.0
|    |    +--- com.google.guava:guava:33.3.1-jre (*)
|    |    +--- com.google.guava:failureaccess:1.0.2
|    |    +--- com.google.guava:listenablefuture:9999.0-empty-to-avoid-conflict-with-guava
|    |    +--- com.google.errorprone:error_prone_annotations:2.36.0
|    |    +--- com.google.j2objc:j2objc-annotations:3.0.0
|    |    +--- com.google.http-client:google-http-client:1.45.3 (*)
|    |    +--- io.grpc:grpc-context:1.69.0
|    |    +--- io.opencensus:opencensus-contrib-http-util:0.31.1 (*)
|    |    +--- com.google.http-client:google-http-client-jackson2:1.45.3
|    |    +--- com.google.http-client:google-http-client-gson:1.45.3 (*)
|    |    +--- com.google.api-client:google-api-client:2.7.1 (*)
|    |    +--- commons-codec:commons-codec:1.17.1
|    |    +--- com.google.oauth-client:google-oauth-client:1.36.0 (*)
|    |    +--- com.google.http-client:google-http-client-apache-v2:1.45.3 (*)
|    |    +--- com.google.apis:google-api-services-storage:v1-rev20241206-2.0.0
|    |    +--- com.google.code.gson:gson:2.11.0
|    |    +--- com.google.cloud:google-cloud-core:2.49.0
|    |    +--- com.google.auto.value:auto-value-annotations:1.11.0
|    |    +--- com.google.cloud:google-cloud-core-http:2.49.0
|    |    +--- com.google.http-client:google-http-client-appengine:1.45.3
|    |    +--- com.google.api:gax-httpjson:2.59.0
|    |    +--- com.google.cloud:google-cloud-core-grpc:2.49.0
|    |    +--- com.google.api:gax:2.59.0
|    |    +--- com.google.api:gax-grpc:2.59.0
|    |    +--- io.grpc:grpc-inprocess:1.69.0
|    |    +--- io.grpc:grpc-alts:1.69.0
|    |    +--- io.grpc:grpc-grpclb:1.69.0
|    |    +--- org.conscrypt:conscrypt-openjdk-uber:2.5.2
|    |    +--- io.grpc:grpc-auth:1.69.0
|    |    +--- com.google.auth:google-auth-library-credentials:1.30.1
|    |    +--- com.google.auth:google-auth-library-oauth2-http:1.30.1 (*)
|    |    +--- com.google.api:api-common:2.42.0 (*)
|    |    +--- javax.annotation:javax.annotation-api:1.3.2
|    |    +--- io.opencensus:opencensus-api:0.31.1 (*)
|    |    +--- com.google.api.grpc:proto-google-iam-v1:1.45.0
|    |    +--- com.google.protobuf:protobuf-java:3.25.5
|    |    +--- com.google.protobuf:protobuf-java-util:3.25.5
|    |    +--- io.grpc:grpc-core:1.69.0
|    |    +--- io.grpc:grpc-protobuf:1.69.0
|    |    +--- com.google.api.grpc:proto-google-common-protos:2.50.0
|    |    +--- org.threeten:threetenbp:1.7.0
|    |    +--- com.google.api.grpc:proto-google-cloud-storage-v2:2.46.0-beta
|    |    +--- com.google.api.grpc:grpc-google-cloud-storage-v2:2.46.0-beta
|    |    +--- com.google.api.grpc:gapic-google-cloud-storage-v2:2.46.0-beta
|    |    +--- io.opentelemetry:opentelemetry-sdk:1.45.0
|    |    +--- io.opentelemetry:opentelemetry-sdk-trace:1.45.0
|    |    +--- io.opentelemetry:opentelemetry-sdk-logs:1.45.0
|    |    +--- io.grpc:grpc-opentelemetry:1.69.0
|    |    +--- io.opentelemetry:opentelemetry-api:1.45.0
|    |    +--- io.opentelemetry:opentelemetry-context:1.45.0
|    |    +--- io.opentelemetry:opentelemetry-sdk-metrics:1.45.0
|    |    +--- io.opentelemetry:opentelemetry-sdk-common:1.45.0
|    |    +--- io.opentelemetry:opentelemetry-sdk-extension-autoconfigure-spi:1.45.0
|    |    +--- io.opentelemetry.semconv:opentelemetry-semconv:1.27.0-alpha
|    |    +--- com.google.cloud.opentelemetry:exporter-metrics:0.33.0
|    |    +--- org.slf4j:slf4j-api:2.0.16
|    |    +--- com.google.cloud:google-cloud-monitoring:3.52.0
|    |    +--- com.google.api.grpc:proto-google-cloud-monitoring-v3:3.52.0
|    |    +--- io.opentelemetry.contrib:opentelemetry-gcp-resources:1.37.0-alpha
|    |    +--- org.checkerframework:checker-qual:3.48.3
|    |    +--- com.fasterxml.jackson.core:jackson-core:2.18.2
|    |    |    \--- com.fasterxml.jackson:jackson-bom:2.18.2
|    |    |         \--- com.fasterxml.jackson.core:jackson-core:2.18.2 (c)
|    |    +--- com.google.code.findbugs:jsr305:3.0.2
|    |    +--- io.grpc:grpc-api:1.69.0
|    |    \--- io.grpc:grpc-stub:1.69.0
|    +--- com.google.cloud:google-cloud-firestore:3.30.2
|    |    +--- com.google.cloud:google-cloud-core-grpc:2.49.0
|    |    +--- com.google.http-client:google-http-client:1.45.3 (*)
|    |    +--- org.apache.httpcomponents:httpclient:4.5.14 (*)
|    |    +--- org.apache.httpcomponents:httpcore:4.4.16
|    |    +--- io.grpc:grpc-context:1.69.0
|    |    +--- io.opencensus:opencensus-contrib-http-util:0.31.1 (*)
|    |    +--- com.google.errorprone:error_prone_annotations:2.36.0
|    |    +--- com.google.api.grpc:proto-google-cloud-firestore-v1:3.30.2
|    |    |    +--- com.google.auto.value:auto-value-annotations:1.11.0
|    |    |    +--- com.google.code.findbugs:jsr305:3.0.2
|    |    |    +--- com.google.errorprone:error_prone_annotations:2.36.0
|    |    |    +--- com.google.j2objc:j2objc-annotations:3.0.0
|    |    |    +--- com.google.guava:failureaccess:1.0.2
|    |    |    +--- com.google.guava:listenablefuture:9999.0-empty-to-avoid-conflict-with-guava
|    |    |    \--- org.checkerframework:checker-qual:3.48.3
|    |    +--- com.google.cloud:proto-google-cloud-firestore-bundle-v1:3.30.2
|    |    |    +--- com.google.api:api-common:2.42.0 (*)
|    |    |    +--- com.google.auto.value:auto-value-annotations:1.11.0
|    |    |    +--- com.google.code.findbugs:jsr305:3.0.2
|    |    |    +--- com.google.errorprone:error_prone_annotations:2.36.0
|    |    |    +--- com.google.j2objc:j2objc-annotations:3.0.0
|    |    |    +--- com.google.api.grpc:proto-google-common-protos:2.50.0
|    |    |    +--- com.google.guava:guava:33.3.1-jre (*)
|    |    |    +--- com.google.guava:failureaccess:1.0.2
|    |    |    +--- com.google.guava:listenablefuture:9999.0-empty-to-avoid-conflict-with-guava
|    |    |    \--- org.checkerframework:checker-qual:3.48.3
|    |    +--- com.google.auto.value:auto-value-annotations:1.11.0
|    |    +--- com.google.code.findbugs:jsr305:3.0.2
|    |    +--- com.google.api:api-common:2.42.0 (*)
|    |    +--- com.google.j2objc:j2objc-annotations:3.0.0
|    |    +--- io.grpc:grpc-protobuf:1.69.0
|    |    +--- com.google.protobuf:protobuf-java:3.25.5
|    |    +--- com.google.api.grpc:proto-google-common-protos:2.50.0
|    |    +--- com.google.api:gax:2.59.0
|    |    +--- io.opencensus:opencensus-api:0.31.1 (*)
|    |    +--- com.google.auth:google-auth-library-oauth2-http:1.30.1 (*)
|    |    +--- io.grpc:grpc-api:1.69.0
|    |    +--- com.google.api:gax-grpc:2.59.0
|    |    +--- io.grpc:grpc-inprocess:1.69.0
|    |    +--- io.grpc:grpc-core:1.69.0
|    |    +--- io.grpc:grpc-alts:1.69.0
|    |    +--- io.grpc:grpc-grpclb:1.69.0
|    |    +--- org.conscrypt:conscrypt-openjdk-uber:2.5.2
|    |    +--- io.grpc:grpc-auth:1.69.0
|    |    +--- io.grpc:grpc-netty-shaded:1.69.0
|    |    +--- com.google.api:gax-httpjson:2.59.0
|    |    +--- com.google.http-client:google-http-client-gson:1.45.3 (*)
|    |    +--- com.google.guava:guava:33.3.1-jre (*)
|    |    +--- com.google.guava:failureaccess:1.0.2
|    |    +--- com.google.guava:listenablefuture:9999.0-empty-to-avoid-conflict-with-guava
|    |    +--- org.checkerframework:checker-qual:3.48.3
|    |    +--- org.threeten:threetenbp:1.7.0
|    |    +--- io.grpc:grpc-stub:1.69.0
|    |    +--- com.google.auth:google-auth-library-credentials:1.30.1
|    |    +--- com.google.cloud:google-cloud-core:2.49.0
|    |    +--- com.google.api.grpc:proto-google-iam-v1:1.45.0
|    |    +--- com.google.protobuf:protobuf-java-util:3.25.5
|    |    +--- io.opentelemetry:opentelemetry-api:1.45.0
|    |    +--- io.opentelemetry:opentelemetry-context:1.45.0
|    |    +--- io.opentelemetry.instrumentation:opentelemetry-grpc-1.6:2.1.0-alpha
|    |    +--- io.opentelemetry.instrumentation:opentelemetry-instrumentation-api:2.1.0
|    |    +--- io.opentelemetry.instrumentation:opentelemetry-instrumentation-api-incubator:2.1.0-alpha
|    |    +--- io.opentelemetry:opentelemetry-sdk:1.45.0
|    |    +--- io.opentelemetry:opentelemetry-sdk-common:1.45.0
|    |    +--- io.opentelemetry:opentelemetry-sdk-trace:1.45.0
|    |    +--- io.opentelemetry:opentelemetry-sdk-logs:1.45.0
|    |    +--- io.opentelemetry:opentelemetry-sdk-metrics:1.45.0
|    |    +--- com.google.cloud.opentelemetry:exporter-metrics:0.33.0
|    |    +--- org.slf4j:slf4j-api:2.0.16
|    |    +--- com.google.cloud:google-cloud-monitoring:3.52.0
|    |    +--- com.google.api.grpc:proto-google-cloud-monitoring-v3:3.52.0
|    |    +--- commons-codec:commons-codec:1.17.1
|    |    +--- io.opentelemetry.semconv:opentelemetry-semconv:1.27.0-alpha
|    |    \--- javax.annotation:javax.annotation-api:1.3.2
|    +--- com.google.guava:guava:33.3.1-jre (*)
|    +--- org.slf4j:slf4j-api:2.0.16
|    +--- io.netty:netty-codec-http:4.1.116.Final -> 4.1.139.Final (*)
|    +--- io.netty:netty-handler:4.1.116.Final -> 4.1.139.Final (*)
|    +--- io.netty:netty-transport:4.1.116.Final -> 4.1.139.Final (*)
|    \--- org.apache.httpcomponents.client5:httpclient5:5.3.1
|         +--- org.apache.httpcomponents.core5:httpcore5:5.2.4
|         +--- org.apache.httpcomponents.core5:httpcore5-h2:5.2.4
|         |    \--- org.apache.httpcomponents.core5:httpcore5:5.2.4
|         \--- org.slf4j:slf4j-api:1.7.36 -> 2.0.16
\--- com.interaso:webpush:1.1.0
     \--- org.jetbrains.kotlin:kotlin-stdlib:1.9.22 -> 2.3.10 (*)

compileOnly - Compile only dependencies for 'main'. (n)
No dependencies

default - Configuration for default artifacts. (n)
No dependencies

detekt - The detekt dependencies to be used for this project.
\--- io.gitlab.arturbosch.detekt:detekt-cli:1.23.7
     +--- org.jcommander:jcommander:1.85
     +--- io.gitlab.arturbosch.detekt:detekt-tooling:1.23.7
     |    +--- io.gitlab.arturbosch.detekt:detekt-api:1.23.7
     |    |    +--- io.gitlab.arturbosch.detekt:detekt-utils:1.23.7
     |    |    |    \--- org.jetbrains.kotlin:kotlin-stdlib:2.0.10
     |    |    |         +--- org.jetbrains:annotations:13.0
     |    |    |         +--- org.jetbrains.kotlin:kotlin-stdlib-common:2.0.10 (c)
     |    |    |         +--- org.jetbrains.kotlin:kotlin-stdlib-jdk8:1.8.0 (c)
     |    |    |         \--- org.jetbrains.kotlin:kotlin-stdlib-jdk7:1.8.0 (c)
     |    |    +--- dev.drewhamilton.poko:poko-annotations:0.16.0
     |    |    |    \--- dev.drewhamilton.poko:poko-annotations-jvm:0.16.0
     |    |    |         \--- org.jetbrains.kotlin:kotlin-stdlib:2.0.0 -> 2.0.10 (*)
     |    |    +--- org.jetbrains.kotlin:kotlin-compiler-embeddable:2.0.10
     |    |    |    +--- org.jetbrains.kotlin:kotlin-stdlib:2.0.10 (*)
     |    |    |    +--- org.jetbrains.kotlin:kotlin-script-runtime:2.0.10
     |    |    |    +--- org.jetbrains.kotlin:kotlin-reflect:1.6.10 -> 2.0.10
     |    |    |    |    \--- org.jetbrains.kotlin:kotlin-stdlib:2.0.10 (*)
     |    |    |    +--- org.jetbrains.kotlin:kotlin-daemon-embeddable:2.0.10
     |    |    |    \--- org.jetbrains.intellij.deps:trove4j:1.0.20200330
     |    |    +--- io.gitlab.arturbosch.detekt:detekt-psi-utils:1.23.7
     |    |    |    +--- org.jetbrains.kotlin:kotlin-compiler-embeddable:2.0.10 (*)
     |    |    |    \--- org.jetbrains.kotlin:kotlin-stdlib:2.0.10 (*)
     |    |    \--- org.jetbrains.kotlin:kotlin-stdlib:2.0.10 (*)
     |    \--- org.jetbrains.kotlin:kotlin-stdlib:2.0.10 (*)
     +--- io.gitlab.arturbosch.detekt:detekt-parser:1.23.7
     |    +--- io.gitlab.arturbosch.detekt:detekt-psi-utils:1.23.7 (*)
     |    +--- io.github.davidburstrom.contester:contester-breakpoint:0.2.0
     |    +--- org.jetbrains.kotlin:kotlin-compiler-embeddable:2.0.10 (*)
     |    \--- org.jetbrains.kotlin:kotlin-stdlib:2.0.10 (*)
     +--- org.jetbrains.kotlin:kotlin-compiler-embeddable:{strictly 2.0.10} -> 2.0.10 (*)
     +--- org.jetbrains.kotlin:kotlin-stdlib:2.0.10 (*)
     +--- io.gitlab.arturbosch.detekt:detekt-core:1.23.7
     |    +--- org.snakeyaml:snakeyaml-engine:2.7
     |    +--- org.jetbrains.kotlin:kotlin-reflect:2.0.10 (*)
     |    +--- io.gitlab.arturbosch.detekt:detekt-metrics:1.23.7
     |    |    +--- io.gitlab.arturbosch.detekt:detekt-api:1.23.7 (*)
     |    |    \--- org.jetbrains.kotlin:kotlin-stdlib:2.0.10 (*)
     |    +--- io.gitlab.arturbosch.detekt:detekt-psi-utils:1.23.7 (*)
     |    +--- io.gitlab.arturbosch.detekt:detekt-report-html:1.23.7
     |    |    +--- io.gitlab.arturbosch.detekt:detekt-utils:1.23.7 (*)
     |    |    +--- org.jetbrains.kotlinx:kotlinx-html-jvm:0.8.1
     |    |    \--- org.jetbrains.kotlin:kotlin-stdlib:2.0.10 (*)
     |    +--- io.gitlab.arturbosch.detekt:detekt-report-md:1.23.7
     |    |    +--- io.gitlab.arturbosch.detekt:detekt-metrics:1.23.7 (*)
     |    |    +--- io.gitlab.arturbosch.detekt:detekt-api:1.23.7 (*)
     |    |    +--- io.gitlab.arturbosch.detekt:detekt-utils:1.23.7 (*)
     |    |    \--- org.jetbrains.kotlin:kotlin-stdlib:2.0.10 (*)
     |    +--- io.gitlab.arturbosch.detekt:detekt-report-txt:1.23.7
     |    |    \--- org.jetbrains.kotlin:kotlin-stdlib:2.0.10 (*)
     |    +--- io.gitlab.arturbosch.detekt:detekt-report-xml:1.23.7
     |    |    \--- org.jetbrains.kotlin:kotlin-stdlib:2.0.10 (*)
     |    +--- io.gitlab.arturbosch.detekt:detekt-report-sarif:1.23.7
     |    |    +--- io.github.detekt.sarif4k:sarif4k:0.6.0
     |    |    |    \--- io.github.detekt.sarif4k:sarif4k-jvm:0.6.0
     |    |    |         +--- org.jetbrains.kotlinx:kotlinx-serialization-json:1.4.1
     |    |    |         |    \--- org.jetbrains.kotlinx:kotlinx-serialization-json-jvm:1.4.1
     |    |    |         |         +--- org.jetbrains.kotlin:kotlin-stdlib:1.7.20 -> 2.0.10 (*)
     |    |    |         |         +--- org.jetbrains.kotlin:kotlin-stdlib-common:1.7.20 -> 2.0.10
     |    |    |         |         |    \--- org.jetbrains.kotlin:kotlin-stdlib:2.0.10 (*)
     |    |    |         |         +--- org.jetbrains.kotlinx:kotlinx-serialization-core:1.4.1
     |    |    |         |         |    \--- org.jetbrains.kotlinx:kotlinx-serialization-core-jvm:1.4.1
     |    |    |         |         |         +--- org.jetbrains.kotlin:kotlin-stdlib:1.7.20 -> 2.0.10 (*)
     |    |    |         |         |         +--- org.jetbrains.kotlin:kotlin-stdlib-common:1.7.20 -> 2.0.10 (*)
     |    |    |         |         |         \--- org.jetbrains.kotlin:kotlin-stdlib-jdk8:1.7.20 -> 1.8.0
     |    |    |         |         |              +--- org.jetbrains.kotlin:kotlin-stdlib:1.8.0 -> 2.0.10 (*)
     |    |    |         |         |              \--- org.jetbrains.kotlin:kotlin-stdlib-jdk7:1.8.0
     |    |    |         |         |                   \--- org.jetbrains.kotlin:kotlin-stdlib:1.8.0 -> 2.0.10 (*)
     |    |    |         |         \--- org.jetbrains.kotlin:kotlin-stdlib-jdk8:1.7.20 -> 1.8.0 (*)
     |    |    |         \--- org.jetbrains.kotlin:kotlin-stdlib:1.9.23 -> 2.0.10 (*)
     |    |    \--- org.jetbrains.kotlin:kotlin-stdlib:2.0.10 (*)
     |    +--- io.gitlab.arturbosch.detekt:detekt-utils:1.23.7 (*)
     |    +--- io.gitlab.arturbosch.detekt:detekt-api:1.23.7 (*)
     |    +--- io.gitlab.arturbosch.detekt:detekt-parser:1.23.7 (*)
     |    +--- io.gitlab.arturbosch.detekt:detekt-tooling:1.23.7 (*)
     |    \--- org.jetbrains.kotlin:kotlin-stdlib:2.0.10 (*)
     \--- io.gitlab.arturbosch.detekt:detekt-rules:1.23.7
          +--- org.jetbrains.kotlin:kotlin-stdlib:2.0.10 (*)
          +--- io.gitlab.arturbosch.detekt:detekt-rules-complexity:1.23.7
          |    \--- org.jetbrains.kotlin:kotlin-stdlib:2.0.10 (*)
          +--- io.gitlab.arturbosch.detekt:detekt-rules-coroutines:1.23.7
          |    \--- org.jetbrains.kotlin:kotlin-stdlib:2.0.10 (*)
          +--- io.gitlab.arturbosch.detekt:detekt-rules-documentation:1.23.7
          |    \--- org.jetbrains.kotlin:kotlin-stdlib:2.0.10 (*)
          +--- io.gitlab.arturbosch.detekt:detekt-rules-empty:1.23.7
          |    \--- org.jetbrains.kotlin:kotlin-stdlib:2.0.10 (*)
          +--- io.gitlab.arturbosch.detekt:detekt-rules-errorprone:1.23.7
          |    +--- io.gitlab.arturbosch.detekt:detekt-tooling:1.23.7 (*)
          |    \--- org.jetbrains.kotlin:kotlin-stdlib:2.0.10 (*)
          +--- io.gitlab.arturbosch.detekt:detekt-rules-exceptions:1.23.7
          |    \--- org.jetbrains.kotlin:kotlin-stdlib:2.0.10 (*)
          +--- io.gitlab.arturbosch.detekt:detekt-rules-naming:1.23.7
          |    \--- org.jetbrains.kotlin:kotlin-stdlib:2.0.10 (*)
          +--- io.gitlab.arturbosch.detekt:detekt-rules-performance:1.23.7
          |    \--- org.jetbrains.kotlin:kotlin-stdlib:2.0.10 (*)
          \--- io.gitlab.arturbosch.detekt:detekt-rules-style:1.23.7
               \--- org.jetbrains.kotlin:kotlin-stdlib:2.0.10 (*)

detektPlugins - The detektPlugins libraries to be used for this project.
No dependencies

implementation - Implementation only dependencies for 'main'. (n)
+--- project api (n)
+--- project sharding-core (n)
+--- me.tatarka.inject:kotlin-inject-runtime:0.7.1 (n)
+--- com.latenighthack.ktbuf:ktbuf-library:1.1.10 (n)
+--- com.latenighthack.ktbuf:ktbuf-rpc:1.1.10 (n)
+--- com.latenighthack.ktbuf:ktbuf-server:1.1.10 (n)
+--- org.jetbrains.kotlinx:kotlinx-coroutines-core:1.9.0 (n)
+--- io.ktor:ktor-server-core:3.0.2 (n)
+--- io.ktor:ktor-server-cio:3.0.2 (n)
+--- io.ktor:ktor-server-websockets:3.0.2 (n)
+--- com.latenighthack.ktstore:ktstore-library:0.2.0-fh.1698650f0e9502d006d3 (n)
+--- com.latenighthack.ktcrypto:ktcrypto-library:0.0.8 (n)
+--- org.jetbrains.kotlinx:kotlinx-datetime:0.6.1 (n)
+--- io.micrometer:micrometer-core:1.10.3 (n)
+--- io.github.reactivecircus.cache4k:cache4k:0.14.0 (n)
+--- io.netty:netty-bom:4.1.139.Final (n)
+--- com.eatthepath:pushy:0.15.4 (n)
+--- com.google.firebase:firebase-admin:9.4.3 (n)
\--- com.interaso:webpush:1.1.0 (n)

implementationDependenciesMetadata
No dependencies

kotlinBuildToolsApiClasspath
+--- org.jetbrains.kotlin:kotlin-build-tools-compat:2.3.10
|    \--- org.jetbrains.kotlin:kotlin-tooling-core:2.3.10
\--- org.jetbrains.kotlin:kotlin-build-tools-impl:{strictly 2.3.10} -> 2.3.10
     +--- org.jetbrains.kotlin:kotlin-build-tools-api:2.3.10
     +--- org.jetbrains.kotlin:kotlin-stdlib:2.3.10
     |    \--- org.jetbrains:annotations:13.0
     +--- org.jetbrains.kotlin:kotlin-compiler-embeddable:2.3.10
     |    +--- org.jetbrains.kotlin:kotlin-stdlib:2.3.10 (*)
     |    +--- org.jetbrains.kotlin:kotlin-script-runtime:2.3.10
     |    +--- org.jetbrains.kotlin:kotlin-reflect:1.6.10
     |    +--- org.jetbrains.kotlin:kotlin-daemon-embeddable:2.3.10
     |    \--- org.jetbrains.kotlinx:kotlinx-coroutines-core-jvm:1.8.0
     \--- org.jetbrains.kotlin:kotlin-compiler-runner:2.3.10
          +--- org.jetbrains.kotlin:kotlin-daemon-client:2.3.10
          |    \--- org.jetbrains.kotlin:kotlin-stdlib:2.1.21 -> 2.3.10 (*)
          +--- org.jetbrains.kotlinx:kotlinx-coroutines-core-jvm:1.8.0
          \--- org.jetbrains.kotlin:kotlin-compiler-embeddable:2.3.10 (*)

kotlinCompilerClasspath
\--- org.jetbrains.kotlin:kotlin-compiler-embeddable:2.3.10
     +--- org.jetbrains.kotlin:kotlin-stdlib:2.3.10
     |    \--- org.jetbrains:annotations:13.0
     +--- org.jetbrains.kotlin:kotlin-script-runtime:2.3.10
     +--- org.jetbrains.kotlin:kotlin-reflect:1.6.10
     +--- org.jetbrains.kotlin:kotlin-daemon-embeddable:2.3.10
     \--- org.jetbrains.kotlinx:kotlinx-coroutines-core-jvm:1.8.0

kotlinCompilerPluginClasspath
No dependencies

kotlinCompilerPluginClasspathMain - Kotlin compiler plugins for compilation
+--- org.jetbrains.kotlin:kotlin-scripting-compiler-embeddable:2.3.10
|    +--- org.jetbrains.kotlin:kotlin-scripting-common:2.3.10
|    |    \--- org.jetbrains.kotlin:kotlin-stdlib:2.3.10 -> 2.3.20
|    |         \--- org.jetbrains:annotations:13.0
|    +--- org.jetbrains.kotlin:kotlin-scripting-jvm:2.3.10
|    |    +--- org.jetbrains.kotlin:kotlin-script-runtime:2.3.10
|    |    +--- org.jetbrains.kotlin:kotlin-stdlib:2.3.10 -> 2.3.20 (*)
|    |    \--- org.jetbrains.kotlin:kotlin-scripting-common:2.3.10 (*)
|    +--- org.jetbrains.kotlin:kotlin-scripting-compiler-impl-embeddable:2.3.10
|    |    +--- org.jetbrains.kotlin:kotlin-scripting-common:2.3.10 (*)
|    |    +--- org.jetbrains.kotlin:kotlin-scripting-jvm:2.3.10 (*)
|    |    \--- org.jetbrains.kotlin:kotlin-stdlib:2.3.10 -> 2.3.20 (*)
|    \--- org.jetbrains.kotlin:kotlin-stdlib:2.3.10 -> 2.3.20 (*)
\--- com.google.devtools.ksp:symbol-processing-api:2.3.10
     \--- org.jetbrains.kotlin:kotlin-stdlib:2.3.20 (*)

kotlinCompilerPluginClasspathTest - Kotlin compiler plugins for compilation
+--- org.jetbrains.kotlin:kotlin-scripting-compiler-embeddable:2.3.10
|    +--- org.jetbrains.kotlin:kotlin-scripting-common:2.3.10
|    |    \--- org.jetbrains.kotlin:kotlin-stdlib:2.3.10 -> 2.3.20
|    |         \--- org.jetbrains:annotations:13.0
|    +--- org.jetbrains.kotlin:kotlin-scripting-jvm:2.3.10
|    |    +--- org.jetbrains.kotlin:kotlin-script-runtime:2.3.10
|    |    +--- org.jetbrains.kotlin:kotlin-stdlib:2.3.10 -> 2.3.20 (*)
|    |    \--- org.jetbrains.kotlin:kotlin-scripting-common:2.3.10 (*)
|    +--- org.jetbrains.kotlin:kotlin-scripting-compiler-impl-embeddable:2.3.10
|    |    +--- org.jetbrains.kotlin:kotlin-scripting-common:2.3.10 (*)
|    |    +--- org.jetbrains.kotlin:kotlin-scripting-jvm:2.3.10 (*)
|    |    \--- org.jetbrains.kotlin:kotlin-stdlib:2.3.10 -> 2.3.20 (*)
|    \--- org.jetbrains.kotlin:kotlin-stdlib:2.3.10 -> 2.3.20 (*)
\--- com.google.devtools.ksp:symbol-processing-api:2.3.10
     \--- org.jetbrains.kotlin:kotlin-stdlib:2.3.20 (*)

kotlinInternalAbiValidation
\--- org.jetbrains.kotlin:abi-tools:2.3.10
     +--- org.jetbrains.kotlin:abi-tools-api:2.3.10
     +--- org.jetbrains.kotlin:kotlin-metadata-jvm:2.3.10
     |    \--- org.jetbrains.kotlin:kotlin-stdlib:2.3.10
     |         \--- org.jetbrains:annotations:13.0
     +--- org.jetbrains.kotlin:kotlin-klib-abi-reader:2.3.10
     |    \--- org.jetbrains.kotlin:kotlin-stdlib:2.3.10 (*)
     \--- io.github.java-diff-utils:java-diff-utils:4.12

kotlinKlibCommonizerClasspath
\--- org.jetbrains.kotlin:kotlin-klib-commonizer-embeddable:2.3.10
     +--- org.jetbrains.kotlin:kotlin-stdlib:2.3.10
     |    \--- org.jetbrains:annotations:13.0
     \--- org.jetbrains.kotlin:kotlin-compiler-embeddable:2.3.10
          +--- org.jetbrains.kotlin:kotlin-stdlib:2.3.10 (*)
          +--- org.jetbrains.kotlin:kotlin-script-runtime:2.3.10
          +--- org.jetbrains.kotlin:kotlin-reflect:1.6.10
          +--- org.jetbrains.kotlin:kotlin-daemon-embeddable:2.3.10
          \--- org.jetbrains.kotlinx:kotlinx-coroutines-core-jvm:1.8.0

kotlinNativeCompilerPluginClasspath
No dependencies

kotlinScriptDef - Script filename extensions discovery classpath configuration (n)
No dependencies

kotlinScriptDefExtensions
No dependencies

ksp - KSP dependencies for the 'main' source set. (n)
\--- me.tatarka.inject:kotlin-inject-compiler-ksp:0.7.1 (n)

kspKotlinProcessorClasspath
\--- me.tatarka.inject:kotlin-inject-compiler-ksp:0.7.1
     +--- me.tatarka.inject:kotlin-inject-runtime-kmp:0.7.1
     |    \--- me.tatarka.inject:kotlin-inject-runtime-kmp-jvm:0.7.1
     |         +--- me.tatarka.inject:kotlin-inject-runtime:0.7.1
     |         |    \--- me.tatarka.inject:kotlin-inject-runtime-jvm:0.7.1
     |         |         \--- org.jetbrains.kotlin:kotlin-stdlib:1.9.24
     |         |              +--- org.jetbrains:annotations:13.0
     |         |              +--- org.jetbrains.kotlin:kotlin-stdlib-jdk8:1.8.0 -> 1.9.0 (c)
     |         |              \--- org.jetbrains.kotlin:kotlin-stdlib-jdk7:1.8.0 -> 1.9.0 (c)
     |         \--- org.jetbrains.kotlin:kotlin-stdlib:1.9.24 (*)
     +--- me.tatarka.inject:kotlin-inject-compiler-core:0.7.1
     |    +--- me.tatarka.inject:kotlin-inject-runtime-kmp:0.7.1 (*)
     |    +--- me.tatarka.inject:ast-core:0.7.1
     |    |    +--- com.squareup:kotlinpoet:1.16.0
     |    |    |    \--- com.squareup:kotlinpoet-jvm:1.16.0
     |    |    |         +--- org.jetbrains.kotlin:kotlin-stdlib:1.9.22 -> 1.9.24 (*)
     |    |    |         \--- org.jetbrains.kotlin:kotlin-reflect:1.9.22
     |    |    |              \--- org.jetbrains.kotlin:kotlin-stdlib:1.9.22 -> 1.9.24 (*)
     |    |    \--- org.jetbrains.kotlin:kotlin-stdlib:1.9.24 (*)
     |    \--- org.jetbrains.kotlin:kotlin-stdlib:1.9.24 (*)
     +--- me.tatarka.inject:ast-ksp:0.7.1
     |    +--- com.squareup:kotlinpoet-ksp:1.16.0
     |    |    +--- com.squareup:kotlinpoet:1.16.0 (*)
     |    |    \--- org.jetbrains.kotlin:kotlin-stdlib:1.9.22 -> 1.9.24 (*)
     |    +--- me.tatarka.inject:ast-core:0.7.1 (*)
     |    +--- com.google.devtools.ksp:symbol-processing-api:1.9.24-1.0.20
     |    |    \--- org.jetbrains.kotlin:kotlin-stdlib-jdk8:1.9.0
     |    |         +--- org.jetbrains.kotlin:kotlin-stdlib:1.9.0 -> 1.9.24 (*)
     |    |         \--- org.jetbrains.kotlin:kotlin-stdlib-jdk7:1.9.0
     |    |              \--- org.jetbrains.kotlin:kotlin-stdlib:1.9.0 -> 1.9.24 (*)
     |    \--- org.jetbrains.kotlin:kotlin-stdlib:1.9.24 (*)
     +--- com.google.devtools.ksp:symbol-processing-api:1.9.24-1.0.20 (*)
     +--- com.squareup:kotlinpoet-ksp:1.16.0 (*)
     \--- org.jetbrains.kotlin:kotlin-stdlib:1.9.24 (*)

kspPluginClasspath
\--- com.google.devtools.ksp:symbol-processing-api:2.3.10
     \--- org.jetbrains.kotlin:kotlin-stdlib:2.3.20
          \--- org.jetbrains:annotations:13.0

kspPluginClasspathNonEmbeddable
\--- com.google.devtools.ksp:symbol-processing-api:2.3.10
     \--- org.jetbrains.kotlin:kotlin-stdlib:2.3.20
          \--- org.jetbrains:annotations:13.0

kspTest - KSP dependencies for the 'test' source set. (n)
No dependencies

kspTestKotlinProcessorClasspath
No dependencies

mainSourceElements - List of source directories contained in the Main SourceSet. (n)
No dependencies

runtimeClasspath - Runtime classpath of 'main'.
+--- project :observability-api
|    +--- org.jetbrains.kotlinx:kotlinx-serialization-json:1.9.0
|    |    \--- org.jetbrains.kotlinx:kotlinx-serialization-json-jvm:1.9.0
|    |         +--- org.jetbrains.kotlinx:kotlinx-serialization-bom:1.9.0
|    |         |    +--- org.jetbrains.kotlinx:kotlinx-serialization-core:1.9.0 (c)
|    |         |    +--- org.jetbrains.kotlinx:kotlinx-serialization-json-jvm:1.9.0 (c)
|    |         |    +--- org.jetbrains.kotlinx:kotlinx-serialization-json:1.9.0 (c)
|    |         |    \--- org.jetbrains.kotlinx:kotlinx-serialization-core-jvm:1.9.0 (c)
|    |         +--- org.jetbrains.kotlin:kotlin-stdlib:2.2.0 -> 2.3.10
|    |         |    +--- org.jetbrains:annotations:13.0 -> 23.0.0
|    |         |    \--- org.jetbrains.kotlin:kotlin-stdlib-common:2.3.10 (c)
|    |         \--- org.jetbrains.kotlinx:kotlinx-serialization-core:1.9.0
|    |              \--- org.jetbrains.kotlinx:kotlinx-serialization-core-jvm:1.9.0
|    |                   +--- org.jetbrains.kotlinx:kotlinx-serialization-bom:1.9.0 (*)
|    |                   \--- org.jetbrains.kotlin:kotlin-stdlib:2.2.0 -> 2.3.10 (*)
|    +--- org.jetbrains.kotlinx:kotlinx-coroutines-core:1.9.0 -> 1.10.1
|    |    \--- org.jetbrains.kotlinx:kotlinx-coroutines-core-jvm:1.10.1
|    |         +--- org.jetbrains:annotations:23.0.0
|    |         +--- org.jetbrains.kotlinx:kotlinx-coroutines-bom:1.10.1
|    |         |    +--- org.jetbrains.kotlinx:kotlinx-coroutines-core-jvm:1.10.1 (c)
|    |         |    \--- org.jetbrains.kotlinx:kotlinx-coroutines-core:1.10.1 (c)
|    |         \--- org.jetbrains.kotlin:kotlin-stdlib:2.1.0 -> 2.3.10 (*)
|    \--- org.jetbrains.kotlin:kotlin-stdlib:2.3.10 (*)
+--- org.jetbrains.kotlin:kotlin-stdlib:2.3.10 (*)
+--- project :api
|    +--- org.jetbrains.kotlin:kotlin-stdlib -> 2.3.10 (*)
|    +--- com.latenighthack.ktbuf:ktbuf-library:1.1.10
|    |    \--- com.latenighthack.ktbuf:ktbuf-library-jvm:1.1.10
|    |         +--- org.jetbrains.kotlin:kotlin-stdlib:2.3.10 (*)
|    |         +--- com.squareup.okhttp3:okhttp:4.9.1
|    |         |    +--- com.squareup.okio:okio:2.8.0
|    |         |    |    +--- org.jetbrains.kotlin:kotlin-stdlib:1.4.0 -> 2.3.10 (*)
|    |         |    |    \--- org.jetbrains.kotlin:kotlin-stdlib-common:1.4.0 -> 2.3.10
|    |         |    |         \--- org.jetbrains.kotlin:kotlin-stdlib:2.3.10 (*)
|    |         |    \--- org.jetbrains.kotlin:kotlin-stdlib:1.4.10 -> 2.3.10 (*)
|    |         \--- org.jetbrains.kotlinx:kotlinx-coroutines-core:1.9.0 -> 1.10.1 (*)
|    +--- com.latenighthack.ktbuf:ktbuf-rpc:1.1.10
|    |    \--- com.latenighthack.ktbuf:ktbuf-rpc-jvm:1.1.10
|    |         +--- com.squareup.okhttp3:okhttp:4.9.1 (*)
|    |         +--- org.jetbrains.kotlin:kotlin-stdlib:2.3.10 (*)
|    |         +--- org.jetbrains.kotlinx:kotlinx-coroutines-core:1.9.0 -> 1.10.1 (*)
|    |         \--- com.latenighthack.ktbuf:ktbuf-library:1.1.10 (*)
|    +--- org.jetbrains.kotlinx:kotlinx-coroutines-core:1.9.0 -> 1.10.1 (*)
|    \--- org.jetbrains.kotlin:kotlin-stdlib:2.3.10 (c)
+--- project :sharding-core
|    +--- org.jetbrains.kotlin:kotlin-stdlib:2.3.10 (*)
|    \--- org.jetbrains.kotlinx:kotlinx-coroutines-core:1.9.0 -> 1.10.1 (*)
+--- me.tatarka.inject:kotlin-inject-runtime:0.7.1
|    \--- me.tatarka.inject:kotlin-inject-runtime-jvm:0.7.1
|         \--- org.jetbrains.kotlin:kotlin-stdlib:1.9.24 -> 2.3.10 (*)
+--- com.latenighthack.ktbuf:ktbuf-library:1.1.10 (*)
+--- com.latenighthack.ktbuf:ktbuf-rpc:1.1.10 (*)
+--- com.latenighthack.ktbuf:ktbuf-server:1.1.10
|    +--- org.jetbrains.kotlinx:kotlinx-coroutines-core:1.9.0 -> 1.10.1 (*)
|    +--- com.latenighthack.ktbuf:ktbuf-library:1.1.10 (*)
|    +--- io.ktor:ktor-server-core:3.0.2
|    |    \--- io.ktor:ktor-server-core-jvm:3.0.2
|    |         +--- org.slf4j:slf4j-api:2.0.16
|    |         +--- com.typesafe:config:1.4.3
|    |         +--- org.jetbrains.kotlinx:kotlinx-coroutines-core:1.9.0 -> 1.10.1 (*)
|    |         +--- io.ktor:ktor-utils:3.0.2
|    |         |    \--- io.ktor:ktor-utils-jvm:3.0.2
|    |         |         +--- org.slf4j:slf4j-api:2.0.16
|    |         |         +--- org.jetbrains.kotlinx:kotlinx-coroutines-core:1.9.0 -> 1.10.1 (*)
|    |         |         +--- io.ktor:ktor-io:3.0.2
|    |         |         |    \--- io.ktor:ktor-io-jvm:3.0.2
|    |         |         |         +--- org.slf4j:slf4j-api:2.0.16
|    |         |         |         +--- org.jetbrains.kotlinx:kotlinx-coroutines-core:1.9.0 -> 1.10.1 (*)
|    |         |         |         +--- org.jetbrains.kotlinx:kotlinx-io-core:0.5.4
|    |         |         |         |    \--- org.jetbrains.kotlinx:kotlinx-io-core-jvm:0.5.4
|    |         |         |         |         +--- org.jetbrains.kotlinx:kotlinx-io-bytestring:0.5.4
|    |         |         |         |         |    \--- org.jetbrains.kotlinx:kotlinx-io-bytestring-jvm:0.5.4
|    |         |         |         |         |         \--- org.jetbrains.kotlin:kotlin-stdlib:2.0.0 -> 2.3.10 (*)
|    |         |         |         |         \--- org.jetbrains.kotlin:kotlin-stdlib:2.0.0 -> 2.3.10 (*)
|    |         |         |         \--- org.jetbrains.kotlin:kotlin-stdlib:2.0.21 -> 2.3.10 (*)
|    |         |         +--- org.jetbrains.kotlinx:kotlinx-serialization-core:1.7.3 -> 1.9.0 (*)
|    |         |         \--- org.jetbrains.kotlin:kotlin-stdlib:2.0.21 -> 2.3.10 (*)
|    |         +--- io.ktor:ktor-http:3.0.2
|    |         |    \--- io.ktor:ktor-http-jvm:3.0.2
|    |         |         +--- org.slf4j:slf4j-api:2.0.16
|    |         |         +--- org.jetbrains.kotlinx:kotlinx-coroutines-core:1.9.0 -> 1.10.1 (*)
|    |         |         +--- io.ktor:ktor-utils:3.0.2 (*)
|    |         |         +--- org.jetbrains.kotlinx:kotlinx-serialization-core:1.7.3 -> 1.9.0 (*)
|    |         |         \--- org.jetbrains.kotlin:kotlin-stdlib:2.0.21 -> 2.3.10 (*)
|    |         +--- io.ktor:ktor-serialization:3.0.2
|    |         |    \--- io.ktor:ktor-serialization-jvm:3.0.2
|    |         |         +--- org.slf4j:slf4j-api:2.0.16
|    |         |         +--- org.jetbrains.kotlinx:kotlinx-coroutines-core:1.9.0 -> 1.10.1 (*)
|    |         |         +--- io.ktor:ktor-http:3.0.2 (*)
|    |         |         +--- io.ktor:ktor-websockets:3.0.2
|    |         |         |    \--- io.ktor:ktor-websockets-jvm:3.0.2
|    |         |         |         +--- org.slf4j:slf4j-api:2.0.16
|    |         |         |         +--- org.jetbrains.kotlinx:kotlinx-coroutines-core:1.9.0 -> 1.10.1 (*)
|    |         |         |         +--- io.ktor:ktor-http:3.0.2 (*)
|    |         |         |         \--- org.jetbrains.kotlin:kotlin-stdlib:2.0.21 -> 2.3.10 (*)
|    |         |         \--- org.jetbrains.kotlin:kotlin-stdlib:2.0.21 -> 2.3.10 (*)
|    |         +--- io.ktor:ktor-events:3.0.2
|    |         |    \--- io.ktor:ktor-events-jvm:3.0.2
|    |         |         +--- org.slf4j:slf4j-api:2.0.16
|    |         |         +--- org.jetbrains.kotlinx:kotlinx-coroutines-core:1.9.0 -> 1.10.1 (*)
|    |         |         +--- io.ktor:ktor-http:3.0.2 (*)
|    |         |         +--- io.ktor:ktor-utils:3.0.2 (*)
|    |         |         \--- org.jetbrains.kotlin:kotlin-stdlib:2.0.21 -> 2.3.10 (*)
|    |         +--- io.ktor:ktor-http-cio:3.0.2
|    |         |    \--- io.ktor:ktor-http-cio-jvm:3.0.2
|    |         |         +--- org.slf4j:slf4j-api:2.0.16
|    |         |         +--- io.ktor:ktor-network:3.0.2
|    |         |         |    \--- io.ktor:ktor-network-jvm:3.0.2
|    |         |         |         +--- org.slf4j:slf4j-api:2.0.16
|    |         |         |         +--- io.ktor:ktor-utils:3.0.2 (*)
|    |         |         |         +--- org.jetbrains.kotlinx:kotlinx-coroutines-core:1.9.0 -> 1.10.1 (*)
|    |         |         |         \--- org.jetbrains.kotlin:kotlin-stdlib:2.0.21 -> 2.3.10 (*)
|    |         |         +--- org.jetbrains.kotlinx:kotlinx-coroutines-core:1.9.0 -> 1.10.1 (*)
|    |         |         +--- io.ktor:ktor-http:3.0.2 (*)
|    |         |         +--- io.ktor:ktor-io:3.0.2 (*)
|    |         |         \--- org.jetbrains.kotlin:kotlin-stdlib:2.0.21 -> 2.3.10 (*)
|    |         +--- io.ktor:ktor-websockets:3.0.2 (*)
|    |         +--- org.jetbrains.kotlin:kotlin-reflect:2.0.21
|    |         |    \--- org.jetbrains.kotlin:kotlin-stdlib:2.0.21 -> 2.3.10 (*)
|    |         +--- org.jetbrains.kotlin:kotlin-stdlib:2.0.21 -> 2.3.10 (*)
|    |         \--- org.fusesource.jansi:jansi:2.4.1
|    +--- io.ktor:ktor-server-cio:3.0.2
|    |    \--- io.ktor:ktor-server-cio-jvm:3.0.2
|    |         +--- org.slf4j:slf4j-api:2.0.16
|    |         +--- io.ktor:ktor-server-core:3.0.2 (*)
|    |         +--- io.ktor:ktor-http-cio:3.0.2 (*)
|    |         +--- io.ktor:ktor-websockets:3.0.2 (*)
|    |         +--- io.ktor:ktor-network:3.0.2 (*)
|    |         +--- org.jetbrains.kotlinx:kotlinx-coroutines-core:1.9.0 -> 1.10.1 (*)
|    |         \--- org.jetbrains.kotlin:kotlin-stdlib:2.0.21 -> 2.3.10 (*)
|    +--- io.ktor:ktor-server-cors:3.0.2
|    |    \--- io.ktor:ktor-server-cors-jvm:3.0.2
|    |         +--- org.slf4j:slf4j-api:2.0.16
|    |         +--- org.jetbrains.kotlinx:kotlinx-coroutines-core:1.9.0 -> 1.10.1 (*)
|    |         +--- io.ktor:ktor-server-core:3.0.2 (*)
|    |         \--- org.jetbrains.kotlin:kotlin-stdlib:2.0.21 -> 2.3.10 (*)
|    +--- io.ktor:ktor-server-websockets:3.0.2
|    |    \--- io.ktor:ktor-server-websockets-jvm:3.0.2
|    |         +--- org.slf4j:slf4j-api:2.0.16
|    |         +--- org.jetbrains.kotlinx:kotlinx-coroutines-core:1.9.0 -> 1.10.1 (*)
|    |         +--- io.ktor:ktor-server-core:3.0.2 (*)
|    |         +--- io.ktor:ktor-websockets:3.0.2 (*)
|    |         +--- io.ktor:ktor-websocket-serialization:3.0.2
|    |         |    \--- io.ktor:ktor-websocket-serialization-jvm:3.0.2
|    |         |         +--- org.slf4j:slf4j-api:2.0.16
|    |         |         +--- org.jetbrains.kotlinx:kotlinx-coroutines-core:1.9.0 -> 1.10.1 (*)
|    |         |         +--- io.ktor:ktor-http:3.0.2 (*)
|    |         |         +--- io.ktor:ktor-serialization:3.0.2 (*)
|    |         |         \--- org.jetbrains.kotlin:kotlin-stdlib:2.0.21 -> 2.3.10 (*)
|    |         \--- org.jetbrains.kotlin:kotlin-stdlib:2.0.21 -> 2.3.10 (*)
|    +--- com.squareup.okhttp3:okhttp:4.9.1 (*)
|    \--- org.jetbrains.kotlin:kotlin-stdlib:2.3.10 (*)
+--- org.jetbrains.kotlinx:kotlinx-coroutines-core:1.9.0 -> 1.10.1 (*)
+--- io.ktor:ktor-server-core:3.0.2 (*)
+--- io.ktor:ktor-server-cio:3.0.2 (*)
+--- io.ktor:ktor-server-websockets:3.0.2 (*)
+--- com.latenighthack.ktstore:ktstore-library:{strictly 0.2.0-fh.1698650f0e9502d006d3} -> 0.2.0-fh.1698650f0e9502d006d3
|    \--- com.latenighthack.ktstore:ktstore-library-jvm:0.2.0-fh.1698650f0e9502d006d3
|         +--- org.jetbrains.kotlin:kotlin-stdlib:2.3.10 (*)
|         +--- org.postgresql:postgresql:42.7.14
|         |    \--- org.checkerframework:checker-qual:3.55.1
|         +--- com.zaxxer:HikariCP:5.1.0
|         |    \--- org.slf4j:slf4j-api:1.7.36 -> 2.0.16
|         \--- org.jetbrains.kotlinx:kotlinx-coroutines-core:1.9.0 -> 1.10.1 (*)
+--- com.latenighthack.ktcrypto:ktcrypto-library:0.0.8
|    \--- com.latenighthack.ktcrypto:ktcrypto-library-jvm:0.0.8
|         +--- org.jetbrains.kotlin:kotlin-stdlib:2.3.10 (*)
|         +--- org.bouncycastle:bcprov-jdk18on:1.79
|         \--- org.jetbrains.kotlinx:kotlinx-coroutines-core:1.9.0 -> 1.10.1 (*)
+--- org.jetbrains.kotlinx:kotlinx-datetime:0.6.1
|    \--- org.jetbrains.kotlinx:kotlinx-datetime-jvm:0.6.1
|         \--- org.jetbrains.kotlin:kotlin-stdlib:1.9.21 -> 2.3.10 (*)
+--- io.micrometer:micrometer-core:1.10.3
|    +--- io.micrometer:micrometer-commons:1.10.3
|    +--- io.micrometer:micrometer-observation:1.10.3
|    |    \--- io.micrometer:micrometer-commons:1.10.3
|    +--- org.hdrhistogram:HdrHistogram:2.1.12
|    \--- org.latencyutils:LatencyUtils:2.0.3
+--- io.github.reactivecircus.cache4k:cache4k:0.14.0
|    \--- io.github.reactivecircus.cache4k:cache4k-jvm:0.14.0
|         +--- org.jetbrains.kotlin:kotlin-stdlib:2.1.0 -> 2.3.10 (*)
|         +--- org.jetbrains.kotlinx:kotlinx-coroutines-core:1.10.1 (*)
|         +--- co.touchlab:stately-iso-collections:2.1.0
|         |    \--- co.touchlab:stately-iso-collections-jvm:2.1.0
|         |         +--- co.touchlab:stately-isolate:2.1.0
|         |         |    \--- co.touchlab:stately-isolate-jvm:2.1.0
|         |         |         +--- co.touchlab:stately-common:2.1.0
|         |         |         |    \--- co.touchlab:stately-common-jvm:2.1.0
|         |         |         |         \--- org.jetbrains.kotlin:kotlin-stdlib:1.9.23 -> 2.3.10 (*)
|         |         |         +--- co.touchlab:stately-concurrency:2.1.0
|         |         |         |    \--- co.touchlab:stately-concurrency-jvm:2.1.0
|         |         |         |         +--- org.jetbrains.kotlin:kotlin-stdlib:1.9.23 -> 2.3.10 (*)
|         |         |         |         \--- co.touchlab:stately-strict:2.1.0
|         |         |         |              \--- co.touchlab:stately-strict-jvm:2.1.0
|         |         |         |                   \--- org.jetbrains.kotlin:kotlin-stdlib:1.9.23 -> 2.3.10 (*)
|         |         |         \--- org.jetbrains.kotlin:kotlin-stdlib:1.9.23 -> 2.3.10 (*)
|         |         \--- org.jetbrains.kotlin:kotlin-stdlib:1.9.23 -> 2.3.10 (*)
|         \--- org.jetbrains.kotlinx:atomicfu:0.27.0
|              \--- org.jetbrains.kotlinx:atomicfu-jvm:0.27.0
|                   \--- org.jetbrains.kotlin:kotlin-stdlib:{prefer 2.1.0} -> 2.3.10 (*)
+--- io.netty:netty-bom:4.1.139.Final
|    +--- io.netty:netty-codec-http2:4.1.139.Final (c)
|    +--- io.netty:netty-handler-proxy:4.1.139.Final (c)
|    +--- io.netty:netty-resolver-dns:4.1.139.Final (c)
|    +--- io.netty:netty-codec-http:4.1.139.Final (c)
|    +--- io.netty:netty-handler:4.1.139.Final (c)
|    +--- io.netty:netty-transport:4.1.139.Final (c)
|    +--- io.netty:netty-common:4.1.139.Final (c)
|    +--- io.netty:netty-buffer:4.1.139.Final (c)
|    +--- io.netty:netty-codec:4.1.139.Final (c)
|    +--- io.netty:netty-codec-socks:4.1.139.Final (c)
|    +--- io.netty:netty-resolver:4.1.139.Final (c)
|    +--- io.netty:netty-codec-dns:4.1.139.Final (c)
|    \--- io.netty:netty-transport-native-unix-common:4.1.139.Final (c)
+--- com.eatthepath:pushy:0.15.4
|    +--- io.netty:netty-codec-http2:4.1.104.Final -> 4.1.139.Final
|    |    +--- io.netty:netty-common:4.1.139.Final
|    |    +--- io.netty:netty-buffer:4.1.139.Final
|    |    |    \--- io.netty:netty-common:4.1.139.Final
|    |    +--- io.netty:netty-transport:4.1.139.Final
|    |    |    +--- io.netty:netty-common:4.1.139.Final
|    |    |    +--- io.netty:netty-buffer:4.1.139.Final (*)
|    |    |    \--- io.netty:netty-resolver:4.1.139.Final
|    |    |         \--- io.netty:netty-common:4.1.139.Final
|    |    +--- io.netty:netty-codec:4.1.139.Final
|    |    |    +--- io.netty:netty-common:4.1.139.Final
|    |    |    +--- io.netty:netty-buffer:4.1.139.Final (*)
|    |    |    \--- io.netty:netty-transport:4.1.139.Final (*)
|    |    +--- io.netty:netty-handler:4.1.139.Final
|    |    |    +--- io.netty:netty-common:4.1.139.Final
|    |    |    +--- io.netty:netty-resolver:4.1.139.Final (*)
|    |    |    +--- io.netty:netty-buffer:4.1.139.Final (*)
|    |    |    +--- io.netty:netty-transport:4.1.139.Final (*)
|    |    |    +--- io.netty:netty-transport-native-unix-common:4.1.139.Final
|    |    |    |    +--- io.netty:netty-common:4.1.139.Final
|    |    |    |    +--- io.netty:netty-buffer:4.1.139.Final (*)
|    |    |    |    \--- io.netty:netty-transport:4.1.139.Final (*)
|    |    |    \--- io.netty:netty-codec:4.1.139.Final (*)
|    |    \--- io.netty:netty-codec-http:4.1.139.Final
|    |         +--- io.netty:netty-common:4.1.139.Final
|    |         +--- io.netty:netty-buffer:4.1.139.Final (*)
|    |         +--- io.netty:netty-transport:4.1.139.Final (*)
|    |         +--- io.netty:netty-codec:4.1.139.Final (*)
|    |         \--- io.netty:netty-handler:4.1.139.Final (*)
|    +--- io.netty:netty-handler-proxy:4.1.104.Final -> 4.1.139.Final
|    |    +--- io.netty:netty-common:4.1.139.Final
|    |    +--- io.netty:netty-buffer:4.1.139.Final (*)
|    |    +--- io.netty:netty-transport:4.1.139.Final (*)
|    |    +--- io.netty:netty-codec:4.1.139.Final (*)
|    |    +--- io.netty:netty-codec-socks:4.1.139.Final
|    |    |    +--- io.netty:netty-common:4.1.139.Final
|    |    |    +--- io.netty:netty-buffer:4.1.139.Final (*)
|    |    |    +--- io.netty:netty-transport:4.1.139.Final (*)
|    |    |    \--- io.netty:netty-codec:4.1.139.Final (*)
|    |    \--- io.netty:netty-codec-http:4.1.139.Final (*)
|    +--- io.netty:netty-resolver-dns:4.1.104.Final -> 4.1.139.Final
|    |    +--- io.netty:netty-common:4.1.139.Final
|    |    +--- io.netty:netty-buffer:4.1.139.Final (*)
|    |    +--- io.netty:netty-resolver:4.1.139.Final (*)
|    |    +--- io.netty:netty-transport:4.1.139.Final (*)
|    |    +--- io.netty:netty-codec:4.1.139.Final (*)
|    |    +--- io.netty:netty-codec-dns:4.1.139.Final
|    |    |    +--- io.netty:netty-common:4.1.139.Final
|    |    |    +--- io.netty:netty-buffer:4.1.139.Final (*)
|    |    |    +--- io.netty:netty-transport:4.1.139.Final (*)
|    |    |    \--- io.netty:netty-codec:4.1.139.Final (*)
|    |    \--- io.netty:netty-handler:4.1.139.Final (*)
|    +--- com.eatthepath:fast-uuid:0.2.0
|    \--- org.slf4j:slf4j-api:1.7.21 -> 2.0.16
+--- com.google.firebase:firebase-admin:9.4.3
|    +--- com.google.api-client:google-api-client:2.7.1
|    |    +--- commons-codec:commons-codec:1.17.1
|    |    +--- com.google.oauth-client:google-oauth-client:1.36.0
|    |    |    +--- com.google.http-client:google-http-client:1.43.3 -> 1.45.3
|    |    |    |    +--- org.apache.httpcomponents:httpclient:4.5.14
|    |    |    |    |    +--- org.apache.httpcomponents:httpcore:4.4.16
|    |    |    |    |    +--- commons-logging:commons-logging:1.2
|    |    |    |    |    \--- commons-codec:commons-codec:1.11 -> 1.17.1
|    |    |    |    +--- org.apache.httpcomponents:httpcore:4.4.16
|    |    |    |    +--- com.google.code.findbugs:jsr305:3.0.2
|    |    |    |    +--- com.google.errorprone:error_prone_annotations:2.36.0
|    |    |    |    +--- com.google.guava:guava:30.1.1-android -> 33.3.1-jre
|    |    |    |    |    +--- com.google.guava:failureaccess:1.0.2
|    |    |    |    |    +--- com.google.guava:listenablefuture:9999.0-empty-to-avoid-conflict-with-guava
|    |    |    |    |    +--- com.google.code.findbugs:jsr305:3.0.2
|    |    |    |    |    +--- org.checkerframework:checker-qual:3.43.0 -> 3.55.1
|    |    |    |    |    +--- com.google.errorprone:error_prone_annotations:2.28.0 -> 2.36.0
|    |    |    |    |    \--- com.google.j2objc:j2objc-annotations:3.0.0
|    |    |    |    +--- com.google.j2objc:j2objc-annotations:3.0.0
|    |    |    |    +--- io.grpc:grpc-context:1.69.0
|    |    |    |    |    \--- io.grpc:grpc-api:1.69.0
|    |    |    |    +--- io.opencensus:opencensus-api:0.31.1
|    |    |    |    |    \--- io.grpc:grpc-context:1.27.2 -> 1.69.0 (*)
|    |    |    |    \--- io.opencensus:opencensus-contrib-http-util:0.31.1
|    |    |    |         +--- io.opencensus:opencensus-api:0.31.1 (*)
|    |    |    |         \--- com.google.guava:guava:29.0-android -> 33.3.1-jre (*)
|    |    |    +--- com.google.http-client:google-http-client-gson:1.43.3 -> 1.45.3
|    |    |    |    +--- com.google.http-client:google-http-client:1.45.3 (*)
|    |    |    |    \--- com.google.code.gson:gson:2.11.0
|    |    |    \--- com.google.guava:guava:31.1-android -> 33.3.1-jre (*)
|    |    +--- com.google.auth:google-auth-library-credentials:1.30.0 -> 1.30.1
|    |    +--- com.google.auth:google-auth-library-oauth2-http:1.30.0 -> 1.30.1
|    |    |    +--- com.google.auto.value:auto-value-annotations:1.11.0
|    |    |    +--- com.google.code.findbugs:jsr305:3.0.2
|    |    |    +--- com.google.auth:google-auth-library-credentials:1.30.1
|    |    |    +--- com.google.http-client:google-http-client:1.45.2 -> 1.45.3 (*)
|    |    |    +--- com.google.http-client:google-http-client-gson:1.45.2 -> 1.45.3 (*)
|    |    |    +--- com.google.guava:guava:33.3.1-android -> 33.3.1-jre (*)
|    |    |    \--- com.google.errorprone:error_prone_annotations:2.36.0
|    |    +--- com.google.http-client:google-http-client-gson:1.45.2 -> 1.45.3 (*)
|    |    +--- com.google.guava:guava:33.1.0-jre -> 33.3.1-jre (*)
|    |    +--- com.google.http-client:google-http-client-apache-v2:1.45.2 -> 1.45.3
|    |    |    +--- com.google.http-client:google-http-client:1.45.3 (*)
|    |    |    +--- org.apache.httpcomponents:httpclient:4.5.14 (*)
|    |    |    \--- org.apache.httpcomponents:httpcore:4.4.16
|    |    +--- org.apache.httpcomponents:httpcore:4.4.16
|    |    +--- org.apache.httpcomponents:httpclient:4.5.14 (*)
|    |    \--- com.google.http-client:google-http-client:1.45.2 -> 1.45.3 (*)
|    +--- com.google.api-client:google-api-client-gson:2.7.1
|    |    +--- com.google.api-client:google-api-client:2.7.1 (*)
|    |    +--- com.google.http-client:google-http-client:1.45.2 -> 1.45.3 (*)
|    |    \--- com.google.http-client:google-http-client-gson:1.45.2 -> 1.45.3 (*)
|    +--- com.google.http-client:google-http-client:1.45.3 (*)
|    +--- com.google.api:api-common:2.42.0
|    |    +--- com.google.guava:guava:33.3.1-jre (*)
|    |    +--- com.google.auto.value:auto-value-annotations:1.11.0
|    |    +--- com.google.code.findbugs:jsr305:3.0.2
|    |    +--- javax.annotation:javax.annotation-api:1.3.2
|    |    +--- com.google.errorprone:error_prone_annotations:2.36.0
|    |    \--- com.google.j2objc:j2objc-annotations:3.0.0
|    +--- com.google.auth:google-auth-library-oauth2-http:1.30.1 (*)
|    +--- com.google.cloud:google-cloud-storage:2.46.0
|    |    +--- com.google.guava:guava:33.3.1-jre (*)
|    |    +--- com.google.guava:failureaccess:1.0.2
|    |    +--- com.google.guava:listenablefuture:9999.0-empty-to-avoid-conflict-with-guava
|    |    +--- com.google.errorprone:error_prone_annotations:2.36.0
|    |    +--- com.google.j2objc:j2objc-annotations:3.0.0
|    |    +--- com.google.http-client:google-http-client:1.45.3 (*)
|    |    +--- io.grpc:grpc-context:1.69.0 (*)
|    |    +--- io.opencensus:opencensus-contrib-http-util:0.31.1 (*)
|    |    +--- com.google.http-client:google-http-client-jackson2:1.45.3
|    |    +--- com.google.http-client:google-http-client-gson:1.45.3 (*)
|    |    +--- com.google.api-client:google-api-client:2.7.1 (*)
|    |    +--- commons-codec:commons-codec:1.17.1
|    |    +--- com.google.oauth-client:google-oauth-client:1.36.0 (*)
|    |    +--- com.google.http-client:google-http-client-apache-v2:1.45.3 (*)
|    |    +--- com.google.apis:google-api-services-storage:v1-rev20241206-2.0.0
|    |    +--- com.google.code.gson:gson:2.11.0
|    |    +--- com.google.cloud:google-cloud-core:2.49.0
|    |    +--- com.google.auto.value:auto-value-annotations:1.11.0
|    |    +--- com.google.cloud:google-cloud-core-http:2.49.0
|    |    +--- com.google.http-client:google-http-client-appengine:1.45.3
|    |    +--- com.google.api:gax-httpjson:2.59.0
|    |    +--- com.google.cloud:google-cloud-core-grpc:2.49.0
|    |    +--- com.google.api:gax:2.59.0
|    |    +--- com.google.api:gax-grpc:2.59.0
|    |    +--- io.grpc:grpc-inprocess:1.69.0
|    |    +--- io.grpc:grpc-alts:1.69.0
|    |    +--- io.grpc:grpc-grpclb:1.69.0
|    |    +--- org.conscrypt:conscrypt-openjdk-uber:2.5.2
|    |    +--- io.grpc:grpc-auth:1.69.0
|    |    +--- com.google.auth:google-auth-library-credentials:1.30.1
|    |    +--- com.google.auth:google-auth-library-oauth2-http:1.30.1 (*)
|    |    +--- com.google.api:api-common:2.42.0 (*)
|    |    +--- javax.annotation:javax.annotation-api:1.3.2
|    |    +--- io.opencensus:opencensus-api:0.31.1 (*)
|    |    +--- com.google.api.grpc:proto-google-iam-v1:1.45.0
|    |    +--- com.google.protobuf:protobuf-java:3.25.5
|    |    +--- com.google.protobuf:protobuf-java-util:3.25.5
|    |    +--- io.grpc:grpc-core:1.69.0
|    |    +--- com.google.android:annotations:4.1.1.4
|    |    +--- org.codehaus.mojo:animal-sniffer-annotations:1.24
|    |    +--- io.perfmark:perfmark-api:0.27.0
|    |    +--- io.grpc:grpc-protobuf:1.69.0
|    |    +--- io.grpc:grpc-protobuf-lite:1.69.0
|    |    +--- com.google.api.grpc:proto-google-common-protos:2.50.0
|    |    +--- org.threeten:threetenbp:1.7.0
|    |    +--- com.google.api.grpc:proto-google-cloud-storage-v2:2.46.0-beta
|    |    +--- com.google.api.grpc:grpc-google-cloud-storage-v2:2.46.0-beta
|    |    +--- com.google.api.grpc:gapic-google-cloud-storage-v2:2.46.0-beta
|    |    +--- io.opentelemetry:opentelemetry-sdk:1.45.0
|    |    +--- io.opentelemetry:opentelemetry-sdk-trace:1.45.0
|    |    +--- io.opentelemetry:opentelemetry-sdk-logs:1.45.0
|    |    +--- io.grpc:grpc-opentelemetry:1.69.0
|    |    +--- io.opentelemetry:opentelemetry-api:1.45.0
|    |    +--- io.opentelemetry:opentelemetry-context:1.45.0
|    |    +--- io.opentelemetry:opentelemetry-sdk-metrics:1.45.0
|    |    +--- io.opentelemetry:opentelemetry-api-incubator:1.45.0-alpha
|    |    +--- io.opentelemetry:opentelemetry-sdk-common:1.45.0
|    |    +--- io.opentelemetry:opentelemetry-sdk-extension-autoconfigure-spi:1.45.0
|    |    +--- io.opentelemetry.semconv:opentelemetry-semconv:1.27.0-alpha
|    |    +--- com.google.cloud.opentelemetry:exporter-metrics:0.33.0
|    |    |    +--- com.google.cloud:libraries-bom:26.48.0
|    |    |    |    +--- com.google.auth:google-auth-library-credentials:1.27.0 -> 1.30.1 (c)
|    |    |    |    +--- com.google.auth:google-auth-library-oauth2-http:1.27.0 -> 1.30.1 (c)
|    |    |    |    +--- com.google.http-client:google-http-client:1.45.0 -> 1.45.3 (c)
|    |    |    |    +--- com.google.http-client:google-http-client-apache-v2:1.45.0 -> 1.45.3 (c)
|    |    |    |    +--- com.google.http-client:google-http-client-appengine:1.45.0 -> 1.45.3 (c)
|    |    |    |    +--- com.google.http-client:google-http-client-gson:1.45.0 -> 1.45.3 (c)
|    |    |    |    +--- com.google.http-client:google-http-client-jackson2:1.45.0 -> 1.45.3 (c)
|    |    |    |    +--- com.google.guava:guava:33.3.0-jre -> 33.3.1-jre (c)
|    |    |    |    +--- com.google.protobuf:protobuf-java:3.25.5 (c)
|    |    |    |    +--- com.google.protobuf:protobuf-java-util:3.25.5 (c)
|    |    |    |    +--- io.grpc:grpc-alts:1.68.0 -> 1.69.0 (c)
|    |    |    |    +--- io.grpc:grpc-api:1.68.0 -> 1.69.0 (c)
|    |    |    |    +--- io.grpc:grpc-auth:1.68.0 -> 1.69.0 (c)
|    |    |    |    +--- io.grpc:grpc-context:1.68.0 -> 1.69.0 (c)
|    |    |    |    +--- io.grpc:grpc-core:1.68.0 -> 1.69.0 (c)
|    |    |    |    +--- io.grpc:grpc-googleapis:1.68.0 -> 1.69.0 (c)
|    |    |    |    +--- io.grpc:grpc-grpclb:1.68.0 -> 1.69.0 (c)
|    |    |    |    +--- io.grpc:grpc-inprocess:1.68.0 -> 1.69.0 (c)
|    |    |    |    +--- io.grpc:grpc-netty-shaded:1.68.0 -> 1.69.0 (c)
|    |    |    |    +--- io.grpc:grpc-opentelemetry:1.68.0 -> 1.69.0 (c)
|    |    |    |    +--- io.grpc:grpc-protobuf:1.68.0 -> 1.69.0 (c)
|    |    |    |    +--- io.grpc:grpc-protobuf-lite:1.68.0 -> 1.69.0 (c)
|    |    |    |    +--- io.grpc:grpc-rls:1.68.0 -> 1.69.0 (c)
|    |    |    |    +--- io.grpc:grpc-services:1.68.0 -> 1.69.0 (c)
|    |    |    |    +--- io.grpc:grpc-stub:1.68.0 -> 1.69.0 (c)
|    |    |    |    +--- io.grpc:grpc-util:1.68.0 -> 1.69.0 (c)
|    |    |    |    +--- io.grpc:grpc-xds:1.68.0 -> 1.69.0 (c)
|    |    |    |    +--- com.google.api:gax:2.54.1 -> 2.59.0 (c)
|    |    |    |    +--- com.google.api:gax-grpc:2.54.1 -> 2.59.0 (c)
|    |    |    |    +--- com.google.api:gax-httpjson:2.54.1 -> 2.59.0 (c)
|    |    |    |    +--- com.google.code.gson:gson:2.11.0 (c)
|    |    |    |    +--- com.google.api:api-common:2.37.1 -> 2.42.0 (c)
|    |    |    |    +--- com.google.api.grpc:proto-google-common-protos:2.45.1 -> 2.50.0 (c)
|    |    |    |    +--- com.google.api.grpc:proto-google-iam-v1:1.40.1 -> 1.45.0 (c)
|    |    |    |    +--- com.google.cloud:google-cloud-core-grpc:2.44.1 -> 2.49.0 (c)
|    |    |    |    +--- com.google.cloud:google-cloud-core-http:2.44.1 -> 2.49.0 (c)
|    |    |    |    +--- com.google.oauth-client:google-oauth-client:1.36.0 (c)
|    |    |    |    +--- com.google.api-client:google-api-client:2.7.0 -> 2.7.1 (c)
|    |    |    |    +--- com.google.api-client:google-api-client-gson:2.7.0 -> 2.7.1 (c)
|    |    |    |    +--- com.google.api.grpc:proto-google-cloud-monitoring-v3:3.52.0 (c)
|    |    |    |    +--- com.google.cloud:google-cloud-firestore:3.26.5 -> 3.30.2 (c)
|    |    |    |    +--- com.google.api.grpc:proto-google-cloud-firestore-v1:3.26.5 -> 3.30.2 (c)
|    |    |    |    +--- com.google.cloud:proto-google-cloud-firestore-bundle-v1:3.26.5 -> 3.30.2 (c)
|    |    |    |    +--- com.google.cloud:google-cloud-storage:2.43.1 -> 2.46.0 (c)
|    |    |    |    +--- com.google.api.grpc:gapic-google-cloud-storage-v2:2.43.1-beta -> 2.46.0-beta (c)
|    |    |    |    +--- com.google.api.grpc:grpc-google-cloud-storage-v2:2.43.1-beta -> 2.46.0-beta (c)
|    |    |    |    \--- com.google.api.grpc:proto-google-cloud-storage-v2:2.43.1-beta -> 2.46.0-beta (c)
|    |    |    \--- io.opentelemetry:opentelemetry-bom:1.42.1
|    |    |         +--- io.opentelemetry:opentelemetry-context:1.42.1 -> 1.45.0 (c)
|    |    |         +--- io.opentelemetry:opentelemetry-sdk:1.42.1 -> 1.45.0 (c)
|    |    |         +--- io.opentelemetry:opentelemetry-sdk-common:1.42.1 -> 1.45.0 (c)
|    |    |         +--- io.opentelemetry:opentelemetry-sdk-logs:1.42.1 -> 1.45.0 (c)
|    |    |         +--- io.opentelemetry:opentelemetry-sdk-trace:1.42.1 -> 1.45.0 (c)
|    |    |         \--- io.opentelemetry:opentelemetry-sdk-extension-autoconfigure-spi:1.42.1 -> 1.45.0 (c)
|    |    +--- org.slf4j:slf4j-api:2.0.16
|    |    +--- com.google.cloud:google-cloud-monitoring:3.52.0
|    |    +--- com.google.api.grpc:proto-google-cloud-monitoring-v3:3.52.0
|    |    +--- com.google.cloud.opentelemetry:shared-resourcemapping:0.33.0
|    |    +--- io.opentelemetry.contrib:opentelemetry-gcp-resources:1.37.0-alpha
|    |    +--- com.google.cloud.opentelemetry:detector-resources-support:0.33.0
|    |    +--- org.checkerframework:checker-qual:3.48.3 -> 3.55.1
|    |    +--- com.fasterxml.jackson.core:jackson-core:2.18.2
|    |    |    \--- com.fasterxml.jackson:jackson-bom:2.18.2
|    |    |         \--- com.fasterxml.jackson.core:jackson-core:2.18.2 (c)
|    |    +--- com.google.code.findbugs:jsr305:3.0.2
|    |    +--- io.grpc:grpc-api:1.69.0
|    |    +--- io.grpc:grpc-netty-shaded:1.69.0
|    |    +--- io.grpc:grpc-util:1.69.0
|    |    +--- io.grpc:grpc-stub:1.69.0
|    |    +--- io.grpc:grpc-googleapis:1.69.0
|    |    +--- io.grpc:grpc-xds:1.69.0
|    |    +--- io.grpc:grpc-services:1.69.0
|    |    +--- com.google.re2j:re2j:1.7
|    |    \--- io.grpc:grpc-rls:1.69.0
|    +--- com.google.cloud:google-cloud-firestore:3.30.2
|    |    +--- com.google.cloud:google-cloud-core-grpc:2.49.0
|    |    +--- com.google.http-client:google-http-client:1.45.3 (*)
|    |    +--- org.apache.httpcomponents:httpclient:4.5.14 (*)
|    |    +--- org.apache.httpcomponents:httpcore:4.4.16
|    |    +--- io.grpc:grpc-context:1.69.0 (*)
|    |    +--- io.opencensus:opencensus-contrib-http-util:0.31.1 (*)
|    |    +--- com.google.errorprone:error_prone_annotations:2.36.0
|    |    +--- com.google.api.grpc:proto-google-cloud-firestore-v1:3.30.2
|    |    |    +--- com.google.auto.value:auto-value-annotations:1.11.0
|    |    |    +--- com.google.code.findbugs:jsr305:3.0.2
|    |    |    +--- com.google.errorprone:error_prone_annotations:2.36.0
|    |    |    +--- com.google.j2objc:j2objc-annotations:3.0.0
|    |    |    +--- com.google.guava:failureaccess:1.0.2
|    |    |    +--- com.google.guava:listenablefuture:9999.0-empty-to-avoid-conflict-with-guava
|    |    |    \--- org.checkerframework:checker-qual:3.48.3 -> 3.55.1
|    |    +--- com.google.cloud:proto-google-cloud-firestore-bundle-v1:3.30.2
|    |    |    +--- com.google.api:api-common:2.42.0 (*)
|    |    |    +--- com.google.auto.value:auto-value-annotations:1.11.0
|    |    |    +--- com.google.code.findbugs:jsr305:3.0.2
|    |    |    +--- com.google.errorprone:error_prone_annotations:2.36.0
|    |    |    +--- com.google.j2objc:j2objc-annotations:3.0.0
|    |    |    +--- com.google.api.grpc:proto-google-common-protos:2.50.0
|    |    |    +--- com.google.guava:guava:33.3.1-jre (*)
|    |    |    +--- com.google.guava:failureaccess:1.0.2
|    |    |    +--- com.google.guava:listenablefuture:9999.0-empty-to-avoid-conflict-with-guava
|    |    |    \--- org.checkerframework:checker-qual:3.48.3 -> 3.55.1
|    |    +--- com.google.auto.value:auto-value-annotations:1.11.0
|    |    +--- com.google.code.findbugs:jsr305:3.0.2
|    |    +--- com.google.api:api-common:2.42.0 (*)
|    |    +--- com.google.j2objc:j2objc-annotations:3.0.0
|    |    +--- io.grpc:grpc-protobuf:1.69.0
|    |    +--- io.grpc:grpc-protobuf-lite:1.69.0
|    |    +--- com.google.protobuf:protobuf-java:3.25.5
|    |    +--- com.google.api.grpc:proto-google-common-protos:2.50.0
|    |    +--- com.google.api:gax:2.59.0
|    |    +--- io.opencensus:opencensus-api:0.31.1 (*)
|    |    +--- com.google.auth:google-auth-library-oauth2-http:1.30.1 (*)
|    |    +--- io.grpc:grpc-api:1.69.0
|    |    +--- com.google.api:gax-grpc:2.59.0
|    |    +--- io.grpc:grpc-inprocess:1.69.0
|    |    +--- io.grpc:grpc-core:1.69.0
|    |    +--- io.grpc:grpc-alts:1.69.0
|    |    +--- io.grpc:grpc-grpclb:1.69.0
|    |    +--- org.conscrypt:conscrypt-openjdk-uber:2.5.2
|    |    +--- io.grpc:grpc-auth:1.69.0
|    |    +--- io.grpc:grpc-netty-shaded:1.69.0
|    |    +--- io.grpc:grpc-util:1.69.0
|    |    +--- io.perfmark:perfmark-api:0.27.0
|    |    +--- io.grpc:grpc-googleapis:1.69.0
|    |    +--- io.grpc:grpc-xds:1.69.0
|    |    +--- com.google.api:gax-httpjson:2.59.0
|    |    +--- com.google.http-client:google-http-client-gson:1.45.3 (*)
|    |    +--- com.google.guava:guava:33.3.1-jre (*)
|    |    +--- com.google.guava:failureaccess:1.0.2
|    |    +--- com.google.guava:listenablefuture:9999.0-empty-to-avoid-conflict-with-guava
|    |    +--- org.checkerframework:checker-qual:3.48.3 -> 3.55.1
|    |    +--- org.threeten:threetenbp:1.7.0
|    |    +--- io.grpc:grpc-stub:1.69.0
|    |    +--- com.google.auth:google-auth-library-credentials:1.30.1
|    |    +--- com.google.cloud:google-cloud-core:2.49.0
|    |    +--- com.google.api.grpc:proto-google-iam-v1:1.45.0
|    |    +--- com.google.code.gson:gson:2.11.0
|    |    +--- com.google.protobuf:protobuf-java-util:3.25.5
|    |    +--- io.opentelemetry:opentelemetry-api:1.45.0
|    |    +--- io.opentelemetry:opentelemetry-context:1.45.0
|    |    +--- io.opentelemetry.instrumentation:opentelemetry-grpc-1.6:2.1.0-alpha
|    |    +--- io.opentelemetry.instrumentation:opentelemetry-instrumentation-api:2.1.0
|    |    +--- io.opentelemetry:opentelemetry-extension-incubator:1.35.0-alpha
|    |    +--- io.opentelemetry.instrumentation:opentelemetry-instrumentation-api-incubator:2.1.0-alpha
|    |    +--- io.opentelemetry:opentelemetry-sdk:1.45.0
|    |    +--- io.opentelemetry:opentelemetry-sdk-common:1.45.0
|    |    +--- io.opentelemetry:opentelemetry-sdk-trace:1.45.0
|    |    +--- io.opentelemetry:opentelemetry-sdk-logs:1.45.0
|    |    +--- io.opentelemetry:opentelemetry-sdk-metrics:1.45.0
|    |    +--- io.opentelemetry:opentelemetry-api-incubator:1.45.0-alpha
|    |    +--- com.google.cloud.opentelemetry:exporter-metrics:0.33.0 (*)
|    |    +--- org.slf4j:slf4j-api:2.0.16
|    |    +--- com.google.cloud:google-cloud-monitoring:3.52.0
|    |    +--- com.google.api.grpc:proto-google-cloud-monitoring-v3:3.52.0
|    |    +--- com.google.android:annotations:4.1.1.4
|    |    +--- org.codehaus.mojo:animal-sniffer-annotations:1.24
|    |    +--- io.grpc:grpc-services:1.69.0
|    |    +--- com.google.re2j:re2j:1.7
|    |    +--- commons-codec:commons-codec:1.17.1
|    |    +--- com.google.cloud.opentelemetry:shared-resourcemapping:0.33.0
|    |    +--- io.opentelemetry.semconv:opentelemetry-semconv:1.27.0-alpha
|    |    \--- javax.annotation:javax.annotation-api:1.3.2
|    +--- com.google.guava:guava:33.3.1-jre (*)
|    +--- org.slf4j:slf4j-api:2.0.16
|    +--- io.netty:netty-codec-http:4.1.116.Final -> 4.1.139.Final (*)
|    +--- io.netty:netty-handler:4.1.116.Final -> 4.1.139.Final (*)
|    +--- io.netty:netty-transport:4.1.116.Final -> 4.1.139.Final (*)
|    \--- org.apache.httpcomponents.client5:httpclient5:5.3.1
|         +--- org.apache.httpcomponents.core5:httpcore5:5.2.4
|         +--- org.apache.httpcomponents.core5:httpcore5-h2:5.2.4
|         |    \--- org.apache.httpcomponents.core5:httpcore5:5.2.4
|         \--- org.slf4j:slf4j-api:1.7.36 -> 2.0.16
+--- com.interaso:webpush:1.1.0
|    \--- org.jetbrains.kotlin:kotlin-stdlib:1.9.22 -> 2.3.10 (*)
\--- org.postgresql:postgresql:42.7.14 (*)

runtimeElements - Runtime elements for the 'main' feature. (n)
No dependencies

runtimeElements-published (n)
No dependencies

runtimeOnly - Runtime only dependencies for 'main'. (n)
\--- org.postgresql:postgresql:42.7.14 (n)

testAnnotationProcessor - Annotation processors and their dependencies for source set 'test'.
No dependencies

testApi - API dependencies for 'test'. (n)
No dependencies

testCompileClasspath - Compile classpath for 'test'.
+--- project :observability-api
|    +--- org.jetbrains.kotlinx:kotlinx-serialization-json:1.9.0
|    |    \--- org.jetbrains.kotlinx:kotlinx-serialization-json-jvm:1.9.0
|    |         +--- org.jetbrains.kotlinx:kotlinx-serialization-bom:1.9.0
|    |         |    +--- org.jetbrains.kotlinx:kotlinx-serialization-core:1.9.0 (c)
|    |         |    +--- org.jetbrains.kotlinx:kotlinx-serialization-json-jvm:1.9.0 (c)
|    |         |    +--- org.jetbrains.kotlinx:kotlinx-serialization-json:1.9.0 (c)
|    |         |    \--- org.jetbrains.kotlinx:kotlinx-serialization-core-jvm:1.9.0 (c)
|    |         +--- org.jetbrains.kotlin:kotlin-stdlib:2.2.0 -> 2.3.10
|    |         |    +--- org.jetbrains:annotations:13.0 -> 23.0.0
|    |         |    \--- org.jetbrains.kotlin:kotlin-stdlib-common:2.3.10 (c)
|    |         \--- org.jetbrains.kotlinx:kotlinx-serialization-core:1.9.0
|    |              \--- org.jetbrains.kotlinx:kotlinx-serialization-core-jvm:1.9.0
|    |                   +--- org.jetbrains.kotlinx:kotlinx-serialization-bom:1.9.0 (*)
|    |                   \--- org.jetbrains.kotlin:kotlin-stdlib:2.2.0 -> 2.3.10 (*)
|    +--- org.jetbrains.kotlinx:kotlinx-coroutines-core:1.9.0
|    |    \--- org.jetbrains.kotlinx:kotlinx-coroutines-core-jvm:1.9.0
|    |         +--- org.jetbrains:annotations:23.0.0
|    |         +--- org.jetbrains.kotlinx:kotlinx-coroutines-bom:1.9.0
|    |         |    +--- org.jetbrains.kotlinx:kotlinx-coroutines-core-jvm:1.9.0 (c)
|    |         |    +--- org.jetbrains.kotlinx:kotlinx-coroutines-core:1.9.0 (c)
|    |         |    +--- org.jetbrains.kotlinx:kotlinx-coroutines-test-jvm:1.9.0 (c)
|    |         |    \--- org.jetbrains.kotlinx:kotlinx-coroutines-test:1.9.0 (c)
|    |         \--- org.jetbrains.kotlin:kotlin-stdlib:2.0.0 -> 2.3.10 (*)
|    \--- org.jetbrains.kotlin:kotlin-stdlib:2.3.10 (*)
+--- org.jetbrains.kotlin:kotlin-stdlib:2.3.10 (*)
+--- project :api
+--- project :sharding-core
|    \--- org.jetbrains.kotlin:kotlin-stdlib:2.3.10 (*)
+--- me.tatarka.inject:kotlin-inject-runtime:0.7.1
|    \--- me.tatarka.inject:kotlin-inject-runtime-jvm:0.7.1
|         \--- org.jetbrains.kotlin:kotlin-stdlib:1.9.24 -> 2.3.10 (*)
+--- com.latenighthack.ktbuf:ktbuf-library:1.1.10
|    \--- com.latenighthack.ktbuf:ktbuf-library-jvm:1.1.10
|         \--- org.jetbrains.kotlin:kotlin-stdlib:2.3.10 (*)
+--- com.latenighthack.ktbuf:ktbuf-rpc:1.1.10
|    \--- com.latenighthack.ktbuf:ktbuf-rpc-jvm:1.1.10
|         +--- com.squareup.okhttp3:okhttp:4.9.1
|         |    +--- com.squareup.okio:okio:2.8.0
|         |    |    +--- org.jetbrains.kotlin:kotlin-stdlib:1.4.0 -> 2.3.10 (*)
|         |    |    \--- org.jetbrains.kotlin:kotlin-stdlib-common:1.4.0 -> 2.3.10
|         |    |         \--- org.jetbrains.kotlin:kotlin-stdlib:2.3.10 (*)
|         |    \--- org.jetbrains.kotlin:kotlin-stdlib:1.4.10 -> 2.3.10 (*)
|         \--- org.jetbrains.kotlin:kotlin-stdlib:2.3.10 (*)
+--- com.latenighthack.ktbuf:ktbuf-server:1.1.10
|    \--- org.jetbrains.kotlin:kotlin-stdlib:2.3.10 (*)
+--- org.jetbrains.kotlinx:kotlinx-coroutines-core:1.9.0 (*)
+--- io.ktor:ktor-server-core:3.0.2
|    \--- io.ktor:ktor-server-core-jvm:3.0.2
|         +--- org.slf4j:slf4j-api:2.0.16
|         +--- com.typesafe:config:1.4.3
|         +--- org.jetbrains.kotlinx:kotlinx-coroutines-core:1.9.0 (*)
|         +--- io.ktor:ktor-utils:3.0.2
|         |    \--- io.ktor:ktor-utils-jvm:3.0.2
|         |         +--- org.slf4j:slf4j-api:2.0.16
|         |         +--- org.jetbrains.kotlinx:kotlinx-coroutines-core:1.9.0 (*)
|         |         +--- io.ktor:ktor-io:3.0.2
|         |         |    \--- io.ktor:ktor-io-jvm:3.0.2
|         |         |         +--- org.slf4j:slf4j-api:2.0.16
|         |         |         +--- org.jetbrains.kotlinx:kotlinx-coroutines-core:1.9.0 (*)
|         |         |         +--- org.jetbrains.kotlinx:kotlinx-io-core:0.5.4
|         |         |         |    \--- org.jetbrains.kotlinx:kotlinx-io-core-jvm:0.5.4
|         |         |         |         +--- org.jetbrains.kotlinx:kotlinx-io-bytestring:0.5.4
|         |         |         |         |    \--- org.jetbrains.kotlinx:kotlinx-io-bytestring-jvm:0.5.4
|         |         |         |         |         \--- org.jetbrains.kotlin:kotlin-stdlib:2.0.0 -> 2.3.10 (*)
|         |         |         |         \--- org.jetbrains.kotlin:kotlin-stdlib:2.0.0 -> 2.3.10 (*)
|         |         |         \--- org.jetbrains.kotlin:kotlin-stdlib:2.0.21 -> 2.3.10 (*)
|         |         +--- org.jetbrains.kotlinx:kotlinx-serialization-core:1.7.3 -> 1.9.0 (*)
|         |         \--- org.jetbrains.kotlin:kotlin-stdlib:2.0.21 -> 2.3.10 (*)
|         +--- io.ktor:ktor-http:3.0.2
|         |    \--- io.ktor:ktor-http-jvm:3.0.2
|         |         +--- org.slf4j:slf4j-api:2.0.16
|         |         +--- org.jetbrains.kotlinx:kotlinx-coroutines-core:1.9.0 (*)
|         |         +--- io.ktor:ktor-utils:3.0.2 (*)
|         |         +--- org.jetbrains.kotlinx:kotlinx-serialization-core:1.7.3 -> 1.9.0 (*)
|         |         \--- org.jetbrains.kotlin:kotlin-stdlib:2.0.21 -> 2.3.10 (*)
|         +--- io.ktor:ktor-serialization:3.0.2
|         |    \--- io.ktor:ktor-serialization-jvm:3.0.2
|         |         +--- org.slf4j:slf4j-api:2.0.16
|         |         +--- org.jetbrains.kotlinx:kotlinx-coroutines-core:1.9.0 (*)
|         |         +--- io.ktor:ktor-http:3.0.2 (*)
|         |         +--- io.ktor:ktor-websockets:3.0.2
|         |         |    \--- io.ktor:ktor-websockets-jvm:3.0.2
|         |         |         +--- org.slf4j:slf4j-api:2.0.16
|         |         |         +--- org.jetbrains.kotlinx:kotlinx-coroutines-core:1.9.0 (*)
|         |         |         +--- io.ktor:ktor-http:3.0.2 (*)
|         |         |         \--- org.jetbrains.kotlin:kotlin-stdlib:2.0.21 -> 2.3.10 (*)
|         |         \--- org.jetbrains.kotlin:kotlin-stdlib:2.0.21 -> 2.3.10 (*)
|         +--- io.ktor:ktor-events:3.0.2
|         |    \--- io.ktor:ktor-events-jvm:3.0.2
|         |         +--- org.slf4j:slf4j-api:2.0.16
|         |         +--- org.jetbrains.kotlinx:kotlinx-coroutines-core:1.9.0 (*)
|         |         +--- io.ktor:ktor-http:3.0.2 (*)
|         |         +--- io.ktor:ktor-utils:3.0.2 (*)
|         |         \--- org.jetbrains.kotlin:kotlin-stdlib:2.0.21 -> 2.3.10 (*)
|         +--- io.ktor:ktor-http-cio:3.0.2
|         |    \--- io.ktor:ktor-http-cio-jvm:3.0.2
|         |         +--- org.slf4j:slf4j-api:2.0.16
|         |         +--- io.ktor:ktor-network:3.0.2
|         |         |    \--- io.ktor:ktor-network-jvm:3.0.2
|         |         |         +--- org.slf4j:slf4j-api:2.0.16
|         |         |         +--- io.ktor:ktor-utils:3.0.2 (*)
|         |         |         +--- org.jetbrains.kotlinx:kotlinx-coroutines-core:1.9.0 (*)
|         |         |         \--- org.jetbrains.kotlin:kotlin-stdlib:2.0.21 -> 2.3.10 (*)
|         |         +--- org.jetbrains.kotlinx:kotlinx-coroutines-core:1.9.0 (*)
|         |         +--- io.ktor:ktor-http:3.0.2 (*)
|         |         +--- io.ktor:ktor-io:3.0.2 (*)
|         |         \--- org.jetbrains.kotlin:kotlin-stdlib:2.0.21 -> 2.3.10 (*)
|         +--- io.ktor:ktor-websockets:3.0.2 (*)
|         +--- org.jetbrains.kotlin:kotlin-reflect:2.0.21
|         |    \--- org.jetbrains.kotlin:kotlin-stdlib:2.0.21 -> 2.3.10 (*)
|         \--- org.jetbrains.kotlin:kotlin-stdlib:2.0.21 -> 2.3.10 (*)
+--- io.ktor:ktor-server-cio:3.0.2
|    \--- io.ktor:ktor-server-cio-jvm:3.0.2
|         +--- org.slf4j:slf4j-api:2.0.16
|         +--- io.ktor:ktor-server-core:3.0.2 (*)
|         +--- io.ktor:ktor-http-cio:3.0.2 (*)
|         +--- io.ktor:ktor-websockets:3.0.2 (*)
|         +--- io.ktor:ktor-network:3.0.2 (*)
|         +--- org.jetbrains.kotlinx:kotlinx-coroutines-core:1.9.0 (*)
|         \--- org.jetbrains.kotlin:kotlin-stdlib:2.0.21 -> 2.3.10 (*)
+--- io.ktor:ktor-server-websockets:3.0.2
|    \--- io.ktor:ktor-server-websockets-jvm:3.0.2
|         +--- org.slf4j:slf4j-api:2.0.16
|         +--- org.jetbrains.kotlinx:kotlinx-coroutines-core:1.9.0 (*)
|         +--- io.ktor:ktor-server-core:3.0.2 (*)
|         +--- io.ktor:ktor-websockets:3.0.2 (*)
|         +--- io.ktor:ktor-websocket-serialization:3.0.2
|         |    \--- io.ktor:ktor-websocket-serialization-jvm:3.0.2
|         |         +--- org.slf4j:slf4j-api:2.0.16
|         |         +--- org.jetbrains.kotlinx:kotlinx-coroutines-core:1.9.0 (*)
|         |         +--- io.ktor:ktor-http:3.0.2 (*)
|         |         +--- io.ktor:ktor-serialization:3.0.2 (*)
|         |         \--- org.jetbrains.kotlin:kotlin-stdlib:2.0.21 -> 2.3.10 (*)
|         \--- org.jetbrains.kotlin:kotlin-stdlib:2.0.21 -> 2.3.10 (*)
+--- com.latenighthack.ktstore:ktstore-library:{strictly 0.2.0-fh.1698650f0e9502d006d3} -> 0.2.0-fh.1698650f0e9502d006d3
|    \--- com.latenighthack.ktstore:ktstore-library-jvm:0.2.0-fh.1698650f0e9502d006d3
|         \--- org.jetbrains.kotlin:kotlin-stdlib:2.3.10 (*)
+--- com.latenighthack.ktcrypto:ktcrypto-library:0.0.8
|    \--- com.latenighthack.ktcrypto:ktcrypto-library-jvm:0.0.8
|         \--- org.jetbrains.kotlin:kotlin-stdlib:2.3.10 (*)
+--- org.jetbrains.kotlinx:kotlinx-datetime:0.6.1
|    \--- org.jetbrains.kotlinx:kotlinx-datetime-jvm:0.6.1
|         \--- org.jetbrains.kotlin:kotlin-stdlib:1.9.21 -> 2.3.10 (*)
+--- io.micrometer:micrometer-core:1.10.3
|    +--- io.micrometer:micrometer-commons:1.10.3
|    \--- io.micrometer:micrometer-observation:1.10.3
|         \--- io.micrometer:micrometer-commons:1.10.3
+--- io.github.reactivecircus.cache4k:cache4k:0.14.0
|    \--- io.github.reactivecircus.cache4k:cache4k-jvm:0.14.0
|         \--- org.jetbrains.kotlin:kotlin-stdlib:2.1.0 -> 2.3.10 (*)
+--- io.netty:netty-bom:4.1.139.Final
|    +--- io.netty:netty-codec-http2:4.1.139.Final (c)
|    +--- io.netty:netty-handler-proxy:4.1.139.Final (c)
|    +--- io.netty:netty-resolver-dns:4.1.139.Final (c)
|    +--- io.netty:netty-codec-http:4.1.139.Final (c)
|    +--- io.netty:netty-handler:4.1.139.Final (c)
|    +--- io.netty:netty-transport:4.1.139.Final (c)
|    +--- io.netty:netty-common:4.1.139.Final (c)
|    +--- io.netty:netty-buffer:4.1.139.Final (c)
|    +--- io.netty:netty-codec:4.1.139.Final (c)
|    +--- io.netty:netty-codec-socks:4.1.139.Final (c)
|    +--- io.netty:netty-resolver:4.1.139.Final (c)
|    +--- io.netty:netty-codec-dns:4.1.139.Final (c)
|    \--- io.netty:netty-transport-native-unix-common:4.1.139.Final (c)
+--- com.eatthepath:pushy:0.15.4
|    +--- io.netty:netty-codec-http2:4.1.104.Final -> 4.1.139.Final
|    |    +--- io.netty:netty-common:4.1.139.Final
|    |    +--- io.netty:netty-buffer:4.1.139.Final
|    |    |    \--- io.netty:netty-common:4.1.139.Final
|    |    +--- io.netty:netty-transport:4.1.139.Final
|    |    |    +--- io.netty:netty-common:4.1.139.Final
|    |    |    +--- io.netty:netty-buffer:4.1.139.Final (*)
|    |    |    \--- io.netty:netty-resolver:4.1.139.Final
|    |    |         \--- io.netty:netty-common:4.1.139.Final
|    |    +--- io.netty:netty-codec:4.1.139.Final
|    |    |    +--- io.netty:netty-common:4.1.139.Final
|    |    |    +--- io.netty:netty-buffer:4.1.139.Final (*)
|    |    |    \--- io.netty:netty-transport:4.1.139.Final (*)
|    |    +--- io.netty:netty-handler:4.1.139.Final
|    |    |    +--- io.netty:netty-common:4.1.139.Final
|    |    |    +--- io.netty:netty-resolver:4.1.139.Final (*)
|    |    |    +--- io.netty:netty-buffer:4.1.139.Final (*)
|    |    |    +--- io.netty:netty-transport:4.1.139.Final (*)
|    |    |    +--- io.netty:netty-transport-native-unix-common:4.1.139.Final
|    |    |    |    +--- io.netty:netty-common:4.1.139.Final
|    |    |    |    +--- io.netty:netty-buffer:4.1.139.Final (*)
|    |    |    |    \--- io.netty:netty-transport:4.1.139.Final (*)
|    |    |    \--- io.netty:netty-codec:4.1.139.Final (*)
|    |    \--- io.netty:netty-codec-http:4.1.139.Final
|    |         +--- io.netty:netty-common:4.1.139.Final
|    |         +--- io.netty:netty-buffer:4.1.139.Final (*)
|    |         +--- io.netty:netty-transport:4.1.139.Final (*)
|    |         +--- io.netty:netty-codec:4.1.139.Final (*)
|    |         \--- io.netty:netty-handler:4.1.139.Final (*)
|    +--- io.netty:netty-handler-proxy:4.1.104.Final -> 4.1.139.Final
|    |    +--- io.netty:netty-common:4.1.139.Final
|    |    +--- io.netty:netty-buffer:4.1.139.Final (*)
|    |    +--- io.netty:netty-transport:4.1.139.Final (*)
|    |    +--- io.netty:netty-codec:4.1.139.Final (*)
|    |    +--- io.netty:netty-codec-socks:4.1.139.Final
|    |    |    +--- io.netty:netty-common:4.1.139.Final
|    |    |    +--- io.netty:netty-buffer:4.1.139.Final (*)
|    |    |    +--- io.netty:netty-transport:4.1.139.Final (*)
|    |    |    \--- io.netty:netty-codec:4.1.139.Final (*)
|    |    \--- io.netty:netty-codec-http:4.1.139.Final (*)
|    +--- io.netty:netty-resolver-dns:4.1.104.Final -> 4.1.139.Final
|    |    +--- io.netty:netty-common:4.1.139.Final
|    |    +--- io.netty:netty-buffer:4.1.139.Final (*)
|    |    +--- io.netty:netty-resolver:4.1.139.Final (*)
|    |    +--- io.netty:netty-transport:4.1.139.Final (*)
|    |    +--- io.netty:netty-codec:4.1.139.Final (*)
|    |    +--- io.netty:netty-codec-dns:4.1.139.Final
|    |    |    +--- io.netty:netty-common:4.1.139.Final
|    |    |    +--- io.netty:netty-buffer:4.1.139.Final (*)
|    |    |    +--- io.netty:netty-transport:4.1.139.Final (*)
|    |    |    \--- io.netty:netty-codec:4.1.139.Final (*)
|    |    \--- io.netty:netty-handler:4.1.139.Final (*)
|    +--- com.eatthepath:fast-uuid:0.2.0
|    \--- org.slf4j:slf4j-api:1.7.21 -> 2.0.16
+--- com.google.firebase:firebase-admin:9.4.3
|    +--- com.google.api-client:google-api-client:2.7.1
|    |    +--- commons-codec:commons-codec:1.17.1
|    |    +--- com.google.oauth-client:google-oauth-client:1.36.0
|    |    |    +--- com.google.http-client:google-http-client:1.43.3 -> 1.45.3
|    |    |    |    +--- org.apache.httpcomponents:httpclient:4.5.14
|    |    |    |    |    +--- org.apache.httpcomponents:httpcore:4.4.16
|    |    |    |    |    +--- commons-logging:commons-logging:1.2
|    |    |    |    |    \--- commons-codec:commons-codec:1.11 -> 1.17.1
|    |    |    |    +--- org.apache.httpcomponents:httpcore:4.4.16
|    |    |    |    +--- com.google.code.findbugs:jsr305:3.0.2
|    |    |    |    +--- com.google.errorprone:error_prone_annotations:2.36.0
|    |    |    |    +--- com.google.guava:guava:30.1.1-android -> 33.3.1-jre
|    |    |    |    |    +--- com.google.guava:failureaccess:1.0.2
|    |    |    |    |    +--- com.google.guava:listenablefuture:9999.0-empty-to-avoid-conflict-with-guava
|    |    |    |    |    +--- com.google.code.findbugs:jsr305:3.0.2
|    |    |    |    |    +--- org.checkerframework:checker-qual:3.43.0 -> 3.48.3
|    |    |    |    |    +--- com.google.errorprone:error_prone_annotations:2.28.0 -> 2.36.0
|    |    |    |    |    \--- com.google.j2objc:j2objc-annotations:3.0.0
|    |    |    |    +--- com.google.j2objc:j2objc-annotations:3.0.0
|    |    |    |    +--- io.grpc:grpc-context:1.69.0
|    |    |    |    +--- io.opencensus:opencensus-api:0.31.1
|    |    |    |    |    \--- io.grpc:grpc-context:1.27.2 -> 1.69.0
|    |    |    |    \--- io.opencensus:opencensus-contrib-http-util:0.31.1
|    |    |    |         +--- io.opencensus:opencensus-api:0.31.1 (*)
|    |    |    |         \--- com.google.guava:guava:29.0-android -> 33.3.1-jre (*)
|    |    |    +--- com.google.http-client:google-http-client-gson:1.43.3 -> 1.45.3
|    |    |    |    +--- com.google.http-client:google-http-client:1.45.3 (*)
|    |    |    |    \--- com.google.code.gson:gson:2.11.0
|    |    |    \--- com.google.guava:guava:31.1-android -> 33.3.1-jre (*)
|    |    +--- com.google.auth:google-auth-library-credentials:1.30.0 -> 1.30.1
|    |    +--- com.google.auth:google-auth-library-oauth2-http:1.30.0 -> 1.30.1
|    |    |    +--- com.google.auto.value:auto-value-annotations:1.11.0
|    |    |    +--- com.google.code.findbugs:jsr305:3.0.2
|    |    |    +--- com.google.auth:google-auth-library-credentials:1.30.1
|    |    |    +--- com.google.http-client:google-http-client:1.45.2 -> 1.45.3 (*)
|    |    |    +--- com.google.http-client:google-http-client-gson:1.45.2 -> 1.45.3 (*)
|    |    |    +--- com.google.guava:guava:33.3.1-android -> 33.3.1-jre (*)
|    |    |    \--- com.google.errorprone:error_prone_annotations:2.36.0
|    |    +--- com.google.http-client:google-http-client-gson:1.45.2 -> 1.45.3 (*)
|    |    +--- com.google.guava:guava:33.1.0-jre -> 33.3.1-jre (*)
|    |    +--- com.google.http-client:google-http-client-apache-v2:1.45.2 -> 1.45.3
|    |    |    +--- com.google.http-client:google-http-client:1.45.3 (*)
|    |    |    +--- org.apache.httpcomponents:httpclient:4.5.14 (*)
|    |    |    \--- org.apache.httpcomponents:httpcore:4.4.16
|    |    +--- org.apache.httpcomponents:httpcore:4.4.16
|    |    +--- org.apache.httpcomponents:httpclient:4.5.14 (*)
|    |    \--- com.google.http-client:google-http-client:1.45.2 -> 1.45.3 (*)
|    +--- com.google.api-client:google-api-client-gson:2.7.1
|    |    +--- com.google.api-client:google-api-client:2.7.1 (*)
|    |    +--- com.google.http-client:google-http-client:1.45.2 -> 1.45.3 (*)
|    |    \--- com.google.http-client:google-http-client-gson:1.45.2 -> 1.45.3 (*)
|    +--- com.google.http-client:google-http-client:1.45.3 (*)
|    +--- com.google.api:api-common:2.42.0
|    |    +--- com.google.guava:guava:33.3.1-jre (*)
|    |    +--- com.google.auto.value:auto-value-annotations:1.11.0
|    |    +--- com.google.code.findbugs:jsr305:3.0.2
|    |    +--- javax.annotation:javax.annotation-api:1.3.2
|    |    +--- com.google.errorprone:error_prone_annotations:2.36.0
|    |    \--- com.google.j2objc:j2objc-annotations:3.0.0
|    +--- com.google.auth:google-auth-library-oauth2-http:1.30.1 (*)
|    +--- com.google.cloud:google-cloud-storage:2.46.0
|    |    +--- com.google.guava:guava:33.3.1-jre (*)
|    |    +--- com.google.guava:failureaccess:1.0.2
|    |    +--- com.google.guava:listenablefuture:9999.0-empty-to-avoid-conflict-with-guava
|    |    +--- com.google.errorprone:error_prone_annotations:2.36.0
|    |    +--- com.google.j2objc:j2objc-annotations:3.0.0
|    |    +--- com.google.http-client:google-http-client:1.45.3 (*)
|    |    +--- io.grpc:grpc-context:1.69.0
|    |    +--- io.opencensus:opencensus-contrib-http-util:0.31.1 (*)
|    |    +--- com.google.http-client:google-http-client-jackson2:1.45.3
|    |    +--- com.google.http-client:google-http-client-gson:1.45.3 (*)
|    |    +--- com.google.api-client:google-api-client:2.7.1 (*)
|    |    +--- commons-codec:commons-codec:1.17.1
|    |    +--- com.google.oauth-client:google-oauth-client:1.36.0 (*)
|    |    +--- com.google.http-client:google-http-client-apache-v2:1.45.3 (*)
|    |    +--- com.google.apis:google-api-services-storage:v1-rev20241206-2.0.0
|    |    +--- com.google.code.gson:gson:2.11.0
|    |    +--- com.google.cloud:google-cloud-core:2.49.0
|    |    +--- com.google.auto.value:auto-value-annotations:1.11.0
|    |    +--- com.google.cloud:google-cloud-core-http:2.49.0
|    |    +--- com.google.http-client:google-http-client-appengine:1.45.3
|    |    +--- com.google.api:gax-httpjson:2.59.0
|    |    +--- com.google.cloud:google-cloud-core-grpc:2.49.0
|    |    +--- com.google.api:gax:2.59.0
|    |    +--- com.google.api:gax-grpc:2.59.0
|    |    +--- io.grpc:grpc-inprocess:1.69.0
|    |    +--- io.grpc:grpc-alts:1.69.0
|    |    +--- io.grpc:grpc-grpclb:1.69.0
|    |    +--- org.conscrypt:conscrypt-openjdk-uber:2.5.2
|    |    +--- io.grpc:grpc-auth:1.69.0
|    |    +--- com.google.auth:google-auth-library-credentials:1.30.1
|    |    +--- com.google.auth:google-auth-library-oauth2-http:1.30.1 (*)
|    |    +--- com.google.api:api-common:2.42.0 (*)
|    |    +--- javax.annotation:javax.annotation-api:1.3.2
|    |    +--- io.opencensus:opencensus-api:0.31.1 (*)
|    |    +--- com.google.api.grpc:proto-google-iam-v1:1.45.0
|    |    +--- com.google.protobuf:protobuf-java:3.25.5
|    |    +--- com.google.protobuf:protobuf-java-util:3.25.5
|    |    +--- io.grpc:grpc-core:1.69.0
|    |    +--- io.grpc:grpc-protobuf:1.69.0
|    |    +--- com.google.api.grpc:proto-google-common-protos:2.50.0
|    |    +--- org.threeten:threetenbp:1.7.0
|    |    +--- com.google.api.grpc:proto-google-cloud-storage-v2:2.46.0-beta
|    |    +--- com.google.api.grpc:grpc-google-cloud-storage-v2:2.46.0-beta
|    |    +--- com.google.api.grpc:gapic-google-cloud-storage-v2:2.46.0-beta
|    |    +--- io.opentelemetry:opentelemetry-sdk:1.45.0
|    |    +--- io.opentelemetry:opentelemetry-sdk-trace:1.45.0
|    |    +--- io.opentelemetry:opentelemetry-sdk-logs:1.45.0
|    |    +--- io.grpc:grpc-opentelemetry:1.69.0
|    |    +--- io.opentelemetry:opentelemetry-api:1.45.0
|    |    +--- io.opentelemetry:opentelemetry-context:1.45.0
|    |    +--- io.opentelemetry:opentelemetry-sdk-metrics:1.45.0
|    |    +--- io.opentelemetry:opentelemetry-sdk-common:1.45.0
|    |    +--- io.opentelemetry:opentelemetry-sdk-extension-autoconfigure-spi:1.45.0
|    |    +--- io.opentelemetry.semconv:opentelemetry-semconv:1.27.0-alpha
|    |    +--- com.google.cloud.opentelemetry:exporter-metrics:0.33.0
|    |    +--- org.slf4j:slf4j-api:2.0.16
|    |    +--- com.google.cloud:google-cloud-monitoring:3.52.0
|    |    +--- com.google.api.grpc:proto-google-cloud-monitoring-v3:3.52.0
|    |    +--- io.opentelemetry.contrib:opentelemetry-gcp-resources:1.37.0-alpha
|    |    +--- org.checkerframework:checker-qual:3.48.3
|    |    +--- com.fasterxml.jackson.core:jackson-core:2.18.2
|    |    |    \--- com.fasterxml.jackson:jackson-bom:2.18.2
|    |    |         \--- com.fasterxml.jackson.core:jackson-core:2.18.2 (c)
|    |    +--- com.google.code.findbugs:jsr305:3.0.2
|    |    +--- io.grpc:grpc-api:1.69.0
|    |    \--- io.grpc:grpc-stub:1.69.0
|    +--- com.google.cloud:google-cloud-firestore:3.30.2
|    |    +--- com.google.cloud:google-cloud-core-grpc:2.49.0
|    |    +--- com.google.http-client:google-http-client:1.45.3 (*)
|    |    +--- org.apache.httpcomponents:httpclient:4.5.14 (*)
|    |    +--- org.apache.httpcomponents:httpcore:4.4.16
|    |    +--- io.grpc:grpc-context:1.69.0
|    |    +--- io.opencensus:opencensus-contrib-http-util:0.31.1 (*)
|    |    +--- com.google.errorprone:error_prone_annotations:2.36.0
|    |    +--- com.google.api.grpc:proto-google-cloud-firestore-v1:3.30.2
|    |    |    +--- com.google.auto.value:auto-value-annotations:1.11.0
|    |    |    +--- com.google.code.findbugs:jsr305:3.0.2
|    |    |    +--- com.google.errorprone:error_prone_annotations:2.36.0
|    |    |    +--- com.google.j2objc:j2objc-annotations:3.0.0
|    |    |    +--- com.google.guava:failureaccess:1.0.2
|    |    |    +--- com.google.guava:listenablefuture:9999.0-empty-to-avoid-conflict-with-guava
|    |    |    \--- org.checkerframework:checker-qual:3.48.3
|    |    +--- com.google.cloud:proto-google-cloud-firestore-bundle-v1:3.30.2
|    |    |    +--- com.google.api:api-common:2.42.0 (*)
|    |    |    +--- com.google.auto.value:auto-value-annotations:1.11.0
|    |    |    +--- com.google.code.findbugs:jsr305:3.0.2
|    |    |    +--- com.google.errorprone:error_prone_annotations:2.36.0
|    |    |    +--- com.google.j2objc:j2objc-annotations:3.0.0
|    |    |    +--- com.google.api.grpc:proto-google-common-protos:2.50.0
|    |    |    +--- com.google.guava:guava:33.3.1-jre (*)
|    |    |    +--- com.google.guava:failureaccess:1.0.2
|    |    |    +--- com.google.guava:listenablefuture:9999.0-empty-to-avoid-conflict-with-guava
|    |    |    \--- org.checkerframework:checker-qual:3.48.3
|    |    +--- com.google.auto.value:auto-value-annotations:1.11.0
|    |    +--- com.google.code.findbugs:jsr305:3.0.2
|    |    +--- com.google.api:api-common:2.42.0 (*)
|    |    +--- com.google.j2objc:j2objc-annotations:3.0.0
|    |    +--- io.grpc:grpc-protobuf:1.69.0
|    |    +--- com.google.protobuf:protobuf-java:3.25.5
|    |    +--- com.google.api.grpc:proto-google-common-protos:2.50.0
|    |    +--- com.google.api:gax:2.59.0
|    |    +--- io.opencensus:opencensus-api:0.31.1 (*)
|    |    +--- com.google.auth:google-auth-library-oauth2-http:1.30.1 (*)
|    |    +--- io.grpc:grpc-api:1.69.0
|    |    +--- com.google.api:gax-grpc:2.59.0
|    |    +--- io.grpc:grpc-inprocess:1.69.0
|    |    +--- io.grpc:grpc-core:1.69.0
|    |    +--- io.grpc:grpc-alts:1.69.0
|    |    +--- io.grpc:grpc-grpclb:1.69.0
|    |    +--- org.conscrypt:conscrypt-openjdk-uber:2.5.2
|    |    +--- io.grpc:grpc-auth:1.69.0
|    |    +--- io.grpc:grpc-netty-shaded:1.69.0
|    |    +--- com.google.api:gax-httpjson:2.59.0
|    |    +--- com.google.http-client:google-http-client-gson:1.45.3 (*)
|    |    +--- com.google.guava:guava:33.3.1-jre (*)
|    |    +--- com.google.guava:failureaccess:1.0.2
|    |    +--- com.google.guava:listenablefuture:9999.0-empty-to-avoid-conflict-with-guava
|    |    +--- org.checkerframework:checker-qual:3.48.3
|    |    +--- org.threeten:threetenbp:1.7.0
|    |    +--- io.grpc:grpc-stub:1.69.0
|    |    +--- com.google.auth:google-auth-library-credentials:1.30.1
|    |    +--- com.google.cloud:google-cloud-core:2.49.0
|    |    +--- com.google.api.grpc:proto-google-iam-v1:1.45.0
|    |    +--- com.google.protobuf:protobuf-java-util:3.25.5
|    |    +--- io.opentelemetry:opentelemetry-api:1.45.0
|    |    +--- io.opentelemetry:opentelemetry-context:1.45.0
|    |    +--- io.opentelemetry.instrumentation:opentelemetry-grpc-1.6:2.1.0-alpha
|    |    +--- io.opentelemetry.instrumentation:opentelemetry-instrumentation-api:2.1.0
|    |    +--- io.opentelemetry.instrumentation:opentelemetry-instrumentation-api-incubator:2.1.0-alpha
|    |    +--- io.opentelemetry:opentelemetry-sdk:1.45.0
|    |    +--- io.opentelemetry:opentelemetry-sdk-common:1.45.0
|    |    +--- io.opentelemetry:opentelemetry-sdk-trace:1.45.0
|    |    +--- io.opentelemetry:opentelemetry-sdk-logs:1.45.0
|    |    +--- io.opentelemetry:opentelemetry-sdk-metrics:1.45.0
|    |    +--- com.google.cloud.opentelemetry:exporter-metrics:0.33.0
|    |    +--- org.slf4j:slf4j-api:2.0.16
|    |    +--- com.google.cloud:google-cloud-monitoring:3.52.0
|    |    +--- com.google.api.grpc:proto-google-cloud-monitoring-v3:3.52.0
|    |    +--- commons-codec:commons-codec:1.17.1
|    |    +--- io.opentelemetry.semconv:opentelemetry-semconv:1.27.0-alpha
|    |    \--- javax.annotation:javax.annotation-api:1.3.2
|    +--- com.google.guava:guava:33.3.1-jre (*)
|    +--- org.slf4j:slf4j-api:2.0.16
|    +--- io.netty:netty-codec-http:4.1.116.Final -> 4.1.139.Final (*)
|    +--- io.netty:netty-handler:4.1.116.Final -> 4.1.139.Final (*)
|    +--- io.netty:netty-transport:4.1.116.Final -> 4.1.139.Final (*)
|    \--- org.apache.httpcomponents.client5:httpclient5:5.3.1
|         +--- org.apache.httpcomponents.core5:httpcore5:5.2.4
|         +--- org.apache.httpcomponents.core5:httpcore5-h2:5.2.4
|         |    \--- org.apache.httpcomponents.core5:httpcore5:5.2.4
|         \--- org.slf4j:slf4j-api:1.7.36 -> 2.0.16
+--- com.interaso:webpush:1.1.0
|    \--- org.jetbrains.kotlin:kotlin-stdlib:1.9.22 -> 2.3.10 (*)
+--- org.jetbrains.kotlin:kotlin-test -> 2.3.10
|    +--- org.jetbrains.kotlin:kotlin-stdlib:2.3.10 (*)
|    \--- org.jetbrains.kotlin:kotlin-test-junit5:2.3.10
|         +--- org.jetbrains.kotlin:kotlin-test:2.3.10 (*)
|         \--- org.junit.jupiter:junit-jupiter-api:5.10.1
|              +--- org.junit:junit-bom:5.10.1
|              |    +--- org.junit.jupiter:junit-jupiter-api:5.10.1 (c)
|              |    \--- org.junit.platform:junit-platform-commons:1.10.1 (c)
|              +--- org.opentest4j:opentest4j:1.3.0
|              +--- org.junit.platform:junit-platform-commons:1.10.1
|              |    +--- org.junit:junit-bom:5.10.1 (*)
|              |    \--- org.apiguardian:apiguardian-api:1.1.2
|              \--- org.apiguardian:apiguardian-api:1.1.2
+--- project :server:test
|    \--- org.jetbrains.kotlin:kotlin-stdlib:2.3.10 (*)
+--- org.jetbrains.kotlinx:kotlinx-coroutines-test:1.9.0
|    \--- org.jetbrains.kotlinx:kotlinx-coroutines-test-jvm:1.9.0
|         +--- org.jetbrains:annotations:23.0.0
|         +--- org.jetbrains.kotlinx:kotlinx-coroutines-bom:1.9.0 (*)
|         +--- org.jetbrains.kotlinx:kotlinx-coroutines-core:1.9.0 (*)
|         \--- org.jetbrains.kotlin:kotlin-stdlib:2.0.0 -> 2.3.10 (*)
+--- com.latenighthack.ktbuf:ktbuf-test:1.1.10
|    \--- org.jetbrains.kotlin:kotlin-stdlib:2.3.10 (*)
+--- com.willowtreeapps.assertk:assertk:0.28.1
|    \--- com.willowtreeapps.assertk:assertk-jvm:0.28.1
|         \--- org.jetbrains.kotlin:kotlin-stdlib:1.9.21 -> 2.3.10 (*)
+--- org.xerial:sqlite-jdbc:3.45.3.0
|    \--- org.slf4j:slf4j-api:1.7.36 -> 2.0.16
+--- org.jetbrains.kotlin:kotlin-test:2.3.10 (*)
\--- org.jetbrains.kotlin:kotlin-test:2.3.10 (c)

testCompileOnly - Compile only dependencies for 'test'. (n)
No dependencies

testImplementation - Implementation only dependencies for 'test'. (n)
+--- org.jetbrains.kotlin:kotlin-test (n)
+--- project test (n)
+--- org.jetbrains.kotlinx:kotlinx-coroutines-test:1.9.0 (n)
+--- com.latenighthack.ktbuf:ktbuf-test:1.1.10 (n)
+--- com.willowtreeapps.assertk:assertk:0.28.1 (n)
\--- org.xerial:sqlite-jdbc:3.45.3.0 (n)

testImplementationDependenciesMetadata
No dependencies

testKotlinScriptDef - Script filename extensions discovery classpath configuration (n)
No dependencies

testKotlinScriptDefExtensions
No dependencies

testRuntimeClasspath - Runtime classpath of 'test'.
+--- project :observability-api
|    +--- org.jetbrains.kotlinx:kotlinx-serialization-json:1.9.0
|    |    \--- org.jetbrains.kotlinx:kotlinx-serialization-json-jvm:1.9.0
|    |         +--- org.jetbrains.kotlinx:kotlinx-serialization-bom:1.9.0
|    |         |    +--- org.jetbrains.kotlinx:kotlinx-serialization-core:1.9.0 (c)
|    |         |    +--- org.jetbrains.kotlinx:kotlinx-serialization-json-jvm:1.9.0 (c)
|    |         |    +--- org.jetbrains.kotlinx:kotlinx-serialization-json:1.9.0 (c)
|    |         |    \--- org.jetbrains.kotlinx:kotlinx-serialization-core-jvm:1.9.0 (c)
|    |         +--- org.jetbrains.kotlin:kotlin-stdlib:2.2.0 -> 2.3.10
|    |         |    +--- org.jetbrains:annotations:13.0 -> 23.0.0
|    |         |    \--- org.jetbrains.kotlin:kotlin-stdlib-common:2.3.10 (c)
|    |         \--- org.jetbrains.kotlinx:kotlinx-serialization-core:1.9.0
|    |              \--- org.jetbrains.kotlinx:kotlinx-serialization-core-jvm:1.9.0
|    |                   +--- org.jetbrains.kotlinx:kotlinx-serialization-bom:1.9.0 (*)
|    |                   \--- org.jetbrains.kotlin:kotlin-stdlib:2.2.0 -> 2.3.10 (*)
|    +--- org.jetbrains.kotlinx:kotlinx-coroutines-core:1.9.0 -> 1.10.1
|    |    \--- org.jetbrains.kotlinx:kotlinx-coroutines-core-jvm:1.10.1
|    |         +--- org.jetbrains:annotations:23.0.0
|    |         +--- org.jetbrains.kotlinx:kotlinx-coroutines-bom:1.10.1
|    |         |    +--- org.jetbrains.kotlinx:kotlinx-coroutines-core-jvm:1.10.1 (c)
|    |         |    +--- org.jetbrains.kotlinx:kotlinx-coroutines-core:1.10.1 (c)
|    |         |    +--- org.jetbrains.kotlinx:kotlinx-coroutines-test:1.10.1 (c)
|    |         |    \--- org.jetbrains.kotlinx:kotlinx-coroutines-test-jvm:1.10.1 (c)
|    |         \--- org.jetbrains.kotlin:kotlin-stdlib:2.1.0 -> 2.3.10 (*)
|    \--- org.jetbrains.kotlin:kotlin-stdlib:2.3.10 (*)
+--- org.jetbrains.kotlin:kotlin-stdlib:2.3.10 (*)
+--- project :api
|    +--- org.jetbrains.kotlin:kotlin-stdlib -> 2.3.10 (*)
|    +--- com.latenighthack.ktbuf:ktbuf-library:1.1.10
|    |    \--- com.latenighthack.ktbuf:ktbuf-library-jvm:1.1.10
|    |         +--- org.jetbrains.kotlin:kotlin-stdlib:2.3.10 (*)
|    |         +--- com.squareup.okhttp3:okhttp:4.9.1
|    |         |    +--- com.squareup.okio:okio:2.8.0
|    |         |    |    +--- org.jetbrains.kotlin:kotlin-stdlib:1.4.0 -> 2.3.10 (*)
|    |         |    |    \--- org.jetbrains.kotlin:kotlin-stdlib-common:1.4.0 -> 2.3.10
|    |         |    |         \--- org.jetbrains.kotlin:kotlin-stdlib:2.3.10 (*)
|    |         |    \--- org.jetbrains.kotlin:kotlin-stdlib:1.4.10 -> 2.3.10 (*)
|    |         \--- org.jetbrains.kotlinx:kotlinx-coroutines-core:1.9.0 -> 1.10.1 (*)
|    +--- com.latenighthack.ktbuf:ktbuf-rpc:1.1.10
|    |    \--- com.latenighthack.ktbuf:ktbuf-rpc-jvm:1.1.10
|    |         +--- com.squareup.okhttp3:okhttp:4.9.1 (*)
|    |         +--- org.jetbrains.kotlin:kotlin-stdlib:2.3.10 (*)
|    |         +--- org.jetbrains.kotlinx:kotlinx-coroutines-core:1.9.0 -> 1.10.1 (*)
|    |         \--- com.latenighthack.ktbuf:ktbuf-library:1.1.10 (*)
|    +--- org.jetbrains.kotlinx:kotlinx-coroutines-core:1.9.0 -> 1.10.1 (*)
|    \--- org.jetbrains.kotlin:kotlin-stdlib:2.3.10 (c)
+--- project :sharding-core
|    +--- org.jetbrains.kotlin:kotlin-stdlib:2.3.10 (*)
|    \--- org.jetbrains.kotlinx:kotlinx-coroutines-core:1.9.0 -> 1.10.1 (*)
+--- me.tatarka.inject:kotlin-inject-runtime:0.7.1
|    \--- me.tatarka.inject:kotlin-inject-runtime-jvm:0.7.1
|         \--- org.jetbrains.kotlin:kotlin-stdlib:1.9.24 -> 2.3.10 (*)
+--- com.latenighthack.ktbuf:ktbuf-library:1.1.10 (*)
+--- com.latenighthack.ktbuf:ktbuf-rpc:1.1.10 (*)
+--- com.latenighthack.ktbuf:ktbuf-server:1.1.10
|    +--- org.jetbrains.kotlinx:kotlinx-coroutines-core:1.9.0 -> 1.10.1 (*)
|    +--- com.latenighthack.ktbuf:ktbuf-library:1.1.10 (*)
|    +--- io.ktor:ktor-server-core:3.0.2
|    |    \--- io.ktor:ktor-server-core-jvm:3.0.2
|    |         +--- org.slf4j:slf4j-api:2.0.16
|    |         +--- com.typesafe:config:1.4.3
|    |         +--- org.jetbrains.kotlinx:kotlinx-coroutines-core:1.9.0 -> 1.10.1 (*)
|    |         +--- io.ktor:ktor-utils:3.0.2
|    |         |    \--- io.ktor:ktor-utils-jvm:3.0.2
|    |         |         +--- org.slf4j:slf4j-api:2.0.16
|    |         |         +--- org.jetbrains.kotlinx:kotlinx-coroutines-core:1.9.0 -> 1.10.1 (*)
|    |         |         +--- io.ktor:ktor-io:3.0.2
|    |         |         |    \--- io.ktor:ktor-io-jvm:3.0.2
|    |         |         |         +--- org.slf4j:slf4j-api:2.0.16
|    |         |         |         +--- org.jetbrains.kotlinx:kotlinx-coroutines-core:1.9.0 -> 1.10.1 (*)
|    |         |         |         +--- org.jetbrains.kotlinx:kotlinx-io-core:0.5.4
|    |         |         |         |    \--- org.jetbrains.kotlinx:kotlinx-io-core-jvm:0.5.4
|    |         |         |         |         +--- org.jetbrains.kotlinx:kotlinx-io-bytestring:0.5.4
|    |         |         |         |         |    \--- org.jetbrains.kotlinx:kotlinx-io-bytestring-jvm:0.5.4
|    |         |         |         |         |         \--- org.jetbrains.kotlin:kotlin-stdlib:2.0.0 -> 2.3.10 (*)
|    |         |         |         |         \--- org.jetbrains.kotlin:kotlin-stdlib:2.0.0 -> 2.3.10 (*)
|    |         |         |         \--- org.jetbrains.kotlin:kotlin-stdlib:2.0.21 -> 2.3.10 (*)
|    |         |         +--- org.jetbrains.kotlinx:kotlinx-serialization-core:1.7.3 -> 1.9.0 (*)
|    |         |         \--- org.jetbrains.kotlin:kotlin-stdlib:2.0.21 -> 2.3.10 (*)
|    |         +--- io.ktor:ktor-http:3.0.2
|    |         |    \--- io.ktor:ktor-http-jvm:3.0.2
|    |         |         +--- org.slf4j:slf4j-api:2.0.16
|    |         |         +--- org.jetbrains.kotlinx:kotlinx-coroutines-core:1.9.0 -> 1.10.1 (*)
|    |         |         +--- io.ktor:ktor-utils:3.0.2 (*)
|    |         |         +--- org.jetbrains.kotlinx:kotlinx-serialization-core:1.7.3 -> 1.9.0 (*)
|    |         |         \--- org.jetbrains.kotlin:kotlin-stdlib:2.0.21 -> 2.3.10 (*)
|    |         +--- io.ktor:ktor-serialization:3.0.2
|    |         |    \--- io.ktor:ktor-serialization-jvm:3.0.2
|    |         |         +--- org.slf4j:slf4j-api:2.0.16
|    |         |         +--- org.jetbrains.kotlinx:kotlinx-coroutines-core:1.9.0 -> 1.10.1 (*)
|    |         |         +--- io.ktor:ktor-http:3.0.2 (*)
|    |         |         +--- io.ktor:ktor-websockets:3.0.2
|    |         |         |    \--- io.ktor:ktor-websockets-jvm:3.0.2
|    |         |         |         +--- org.slf4j:slf4j-api:2.0.16
|    |         |         |         +--- org.jetbrains.kotlinx:kotlinx-coroutines-core:1.9.0 -> 1.10.1 (*)
|    |         |         |         +--- io.ktor:ktor-http:3.0.2 (*)
|    |         |         |         \--- org.jetbrains.kotlin:kotlin-stdlib:2.0.21 -> 2.3.10 (*)
|    |         |         \--- org.jetbrains.kotlin:kotlin-stdlib:2.0.21 -> 2.3.10 (*)
|    |         +--- io.ktor:ktor-events:3.0.2
|    |         |    \--- io.ktor:ktor-events-jvm:3.0.2
|    |         |         +--- org.slf4j:slf4j-api:2.0.16
|    |         |         +--- org.jetbrains.kotlinx:kotlinx-coroutines-core:1.9.0 -> 1.10.1 (*)
|    |         |         +--- io.ktor:ktor-http:3.0.2 (*)
|    |         |         +--- io.ktor:ktor-utils:3.0.2 (*)
|    |         |         \--- org.jetbrains.kotlin:kotlin-stdlib:2.0.21 -> 2.3.10 (*)
|    |         +--- io.ktor:ktor-http-cio:3.0.2
|    |         |    \--- io.ktor:ktor-http-cio-jvm:3.0.2
|    |         |         +--- org.slf4j:slf4j-api:2.0.16
|    |         |         +--- io.ktor:ktor-network:3.0.2
|    |         |         |    \--- io.ktor:ktor-network-jvm:3.0.2
|    |         |         |         +--- org.slf4j:slf4j-api:2.0.16
|    |         |         |         +--- io.ktor:ktor-utils:3.0.2 (*)
|    |         |         |         +--- org.jetbrains.kotlinx:kotlinx-coroutines-core:1.9.0 -> 1.10.1 (*)
|    |         |         |         \--- org.jetbrains.kotlin:kotlin-stdlib:2.0.21 -> 2.3.10 (*)
|    |         |         +--- org.jetbrains.kotlinx:kotlinx-coroutines-core:1.9.0 -> 1.10.1 (*)
|    |         |         +--- io.ktor:ktor-http:3.0.2 (*)
|    |         |         +--- io.ktor:ktor-io:3.0.2 (*)
|    |         |         \--- org.jetbrains.kotlin:kotlin-stdlib:2.0.21 -> 2.3.10 (*)
|    |         +--- io.ktor:ktor-websockets:3.0.2 (*)
|    |         +--- org.jetbrains.kotlin:kotlin-reflect:2.0.21
|    |         |    \--- org.jetbrains.kotlin:kotlin-stdlib:2.0.21 -> 2.3.10 (*)
|    |         +--- org.jetbrains.kotlin:kotlin-stdlib:2.0.21 -> 2.3.10 (*)
|    |         \--- org.fusesource.jansi:jansi:2.4.1
|    +--- io.ktor:ktor-server-cio:3.0.2
|    |    \--- io.ktor:ktor-server-cio-jvm:3.0.2
|    |         +--- org.slf4j:slf4j-api:2.0.16
|    |         +--- io.ktor:ktor-server-core:3.0.2 (*)
|    |         +--- io.ktor:ktor-http-cio:3.0.2 (*)
|    |         +--- io.ktor:ktor-websockets:3.0.2 (*)
|    |         +--- io.ktor:ktor-network:3.0.2 (*)
|    |         +--- org.jetbrains.kotlinx:kotlinx-coroutines-core:1.9.0 -> 1.10.1 (*)
|    |         \--- org.jetbrains.kotlin:kotlin-stdlib:2.0.21 -> 2.3.10 (*)
|    +--- io.ktor:ktor-server-cors:3.0.2
|    |    \--- io.ktor:ktor-server-cors-jvm:3.0.2
|    |         +--- org.slf4j:slf4j-api:2.0.16
|    |         +--- org.jetbrains.kotlinx:kotlinx-coroutines-core:1.9.0 -> 1.10.1 (*)
|    |         +--- io.ktor:ktor-server-core:3.0.2 (*)
|    |         \--- org.jetbrains.kotlin:kotlin-stdlib:2.0.21 -> 2.3.10 (*)
|    +--- io.ktor:ktor-server-websockets:3.0.2
|    |    \--- io.ktor:ktor-server-websockets-jvm:3.0.2
|    |         +--- org.slf4j:slf4j-api:2.0.16
|    |         +--- org.jetbrains.kotlinx:kotlinx-coroutines-core:1.9.0 -> 1.10.1 (*)
|    |         +--- io.ktor:ktor-server-core:3.0.2 (*)
|    |         +--- io.ktor:ktor-websockets:3.0.2 (*)
|    |         +--- io.ktor:ktor-websocket-serialization:3.0.2
|    |         |    \--- io.ktor:ktor-websocket-serialization-jvm:3.0.2
|    |         |         +--- org.slf4j:slf4j-api:2.0.16
|    |         |         +--- org.jetbrains.kotlinx:kotlinx-coroutines-core:1.9.0 -> 1.10.1 (*)
|    |         |         +--- io.ktor:ktor-http:3.0.2 (*)
|    |         |         +--- io.ktor:ktor-serialization:3.0.2 (*)
|    |         |         \--- org.jetbrains.kotlin:kotlin-stdlib:2.0.21 -> 2.3.10 (*)
|    |         \--- org.jetbrains.kotlin:kotlin-stdlib:2.0.21 -> 2.3.10 (*)
|    +--- com.squareup.okhttp3:okhttp:4.9.1 (*)
|    \--- org.jetbrains.kotlin:kotlin-stdlib:2.3.10 (*)
+--- org.jetbrains.kotlinx:kotlinx-coroutines-core:1.9.0 -> 1.10.1 (*)
+--- io.ktor:ktor-server-core:3.0.2 (*)
+--- io.ktor:ktor-server-cio:3.0.2 (*)
+--- io.ktor:ktor-server-websockets:3.0.2 (*)
+--- com.latenighthack.ktstore:ktstore-library:{strictly 0.2.0-fh.1698650f0e9502d006d3} -> 0.2.0-fh.1698650f0e9502d006d3
|    \--- com.latenighthack.ktstore:ktstore-library-jvm:0.2.0-fh.1698650f0e9502d006d3
|         +--- org.jetbrains.kotlin:kotlin-stdlib:2.3.10 (*)
|         +--- org.postgresql:postgresql:42.7.14
|         |    \--- org.checkerframework:checker-qual:3.55.1
|         +--- com.zaxxer:HikariCP:5.1.0
|         |    \--- org.slf4j:slf4j-api:1.7.36 -> 2.0.16
|         \--- org.jetbrains.kotlinx:kotlinx-coroutines-core:1.9.0 -> 1.10.1 (*)
+--- com.latenighthack.ktcrypto:ktcrypto-library:0.0.8
|    \--- com.latenighthack.ktcrypto:ktcrypto-library-jvm:0.0.8
|         +--- org.jetbrains.kotlin:kotlin-stdlib:2.3.10 (*)
|         +--- org.bouncycastle:bcprov-jdk18on:1.79
|         \--- org.jetbrains.kotlinx:kotlinx-coroutines-core:1.9.0 -> 1.10.1 (*)
+--- org.jetbrains.kotlinx:kotlinx-datetime:0.6.1
|    \--- org.jetbrains.kotlinx:kotlinx-datetime-jvm:0.6.1
|         \--- org.jetbrains.kotlin:kotlin-stdlib:1.9.21 -> 2.3.10 (*)
+--- io.micrometer:micrometer-core:1.10.3
|    +--- io.micrometer:micrometer-commons:1.10.3
|    +--- io.micrometer:micrometer-observation:1.10.3
|    |    \--- io.micrometer:micrometer-commons:1.10.3
|    +--- org.hdrhistogram:HdrHistogram:2.1.12
|    \--- org.latencyutils:LatencyUtils:2.0.3
+--- io.github.reactivecircus.cache4k:cache4k:0.14.0
|    \--- io.github.reactivecircus.cache4k:cache4k-jvm:0.14.0
|         +--- org.jetbrains.kotlin:kotlin-stdlib:2.1.0 -> 2.3.10 (*)
|         +--- org.jetbrains.kotlinx:kotlinx-coroutines-core:1.10.1 (*)
|         +--- co.touchlab:stately-iso-collections:2.1.0
|         |    \--- co.touchlab:stately-iso-collections-jvm:2.1.0
|         |         +--- co.touchlab:stately-isolate:2.1.0
|         |         |    \--- co.touchlab:stately-isolate-jvm:2.1.0
|         |         |         +--- co.touchlab:stately-common:2.1.0
|         |         |         |    \--- co.touchlab:stately-common-jvm:2.1.0
|         |         |         |         \--- org.jetbrains.kotlin:kotlin-stdlib:1.9.23 -> 2.3.10 (*)
|         |         |         +--- co.touchlab:stately-concurrency:2.1.0
|         |         |         |    \--- co.touchlab:stately-concurrency-jvm:2.1.0
|         |         |         |         +--- org.jetbrains.kotlin:kotlin-stdlib:1.9.23 -> 2.3.10 (*)
|         |         |         |         \--- co.touchlab:stately-strict:2.1.0
|         |         |         |              \--- co.touchlab:stately-strict-jvm:2.1.0
|         |         |         |                   \--- org.jetbrains.kotlin:kotlin-stdlib:1.9.23 -> 2.3.10 (*)
|         |         |         \--- org.jetbrains.kotlin:kotlin-stdlib:1.9.23 -> 2.3.10 (*)
|         |         \--- org.jetbrains.kotlin:kotlin-stdlib:1.9.23 -> 2.3.10 (*)
|         \--- org.jetbrains.kotlinx:atomicfu:0.27.0
|              \--- org.jetbrains.kotlinx:atomicfu-jvm:0.27.0
|                   \--- org.jetbrains.kotlin:kotlin-stdlib:{prefer 2.1.0} -> 2.3.10 (*)
+--- io.netty:netty-bom:4.1.139.Final
|    +--- io.netty:netty-codec-http2:4.1.139.Final (c)
|    +--- io.netty:netty-handler-proxy:4.1.139.Final (c)
|    +--- io.netty:netty-resolver-dns:4.1.139.Final (c)
|    +--- io.netty:netty-codec-http:4.1.139.Final (c)
|    +--- io.netty:netty-handler:4.1.139.Final (c)
|    +--- io.netty:netty-transport:4.1.139.Final (c)
|    +--- io.netty:netty-common:4.1.139.Final (c)
|    +--- io.netty:netty-buffer:4.1.139.Final (c)
|    +--- io.netty:netty-codec:4.1.139.Final (c)
|    +--- io.netty:netty-codec-socks:4.1.139.Final (c)
|    +--- io.netty:netty-resolver:4.1.139.Final (c)
|    +--- io.netty:netty-codec-dns:4.1.139.Final (c)
|    \--- io.netty:netty-transport-native-unix-common:4.1.139.Final (c)
+--- com.eatthepath:pushy:0.15.4
|    +--- io.netty:netty-codec-http2:4.1.104.Final -> 4.1.139.Final
|    |    +--- io.netty:netty-common:4.1.139.Final
|    |    +--- io.netty:netty-buffer:4.1.139.Final
|    |    |    \--- io.netty:netty-common:4.1.139.Final
|    |    +--- io.netty:netty-transport:4.1.139.Final
|    |    |    +--- io.netty:netty-common:4.1.139.Final
|    |    |    +--- io.netty:netty-buffer:4.1.139.Final (*)
|    |    |    \--- io.netty:netty-resolver:4.1.139.Final
|    |    |         \--- io.netty:netty-common:4.1.139.Final
|    |    +--- io.netty:netty-codec:4.1.139.Final
|    |    |    +--- io.netty:netty-common:4.1.139.Final
|    |    |    +--- io.netty:netty-buffer:4.1.139.Final (*)
|    |    |    \--- io.netty:netty-transport:4.1.139.Final (*)
|    |    +--- io.netty:netty-handler:4.1.139.Final
|    |    |    +--- io.netty:netty-common:4.1.139.Final
|    |    |    +--- io.netty:netty-resolver:4.1.139.Final (*)
|    |    |    +--- io.netty:netty-buffer:4.1.139.Final (*)
|    |    |    +--- io.netty:netty-transport:4.1.139.Final (*)
|    |    |    +--- io.netty:netty-transport-native-unix-common:4.1.139.Final
|    |    |    |    +--- io.netty:netty-common:4.1.139.Final
|    |    |    |    +--- io.netty:netty-buffer:4.1.139.Final (*)
|    |    |    |    \--- io.netty:netty-transport:4.1.139.Final (*)
|    |    |    \--- io.netty:netty-codec:4.1.139.Final (*)
|    |    \--- io.netty:netty-codec-http:4.1.139.Final
|    |         +--- io.netty:netty-common:4.1.139.Final
|    |         +--- io.netty:netty-buffer:4.1.139.Final (*)
|    |         +--- io.netty:netty-transport:4.1.139.Final (*)
|    |         +--- io.netty:netty-codec:4.1.139.Final (*)
|    |         \--- io.netty:netty-handler:4.1.139.Final (*)
|    +--- io.netty:netty-handler-proxy:4.1.104.Final -> 4.1.139.Final
|    |    +--- io.netty:netty-common:4.1.139.Final
|    |    +--- io.netty:netty-buffer:4.1.139.Final (*)
|    |    +--- io.netty:netty-transport:4.1.139.Final (*)
|    |    +--- io.netty:netty-codec:4.1.139.Final (*)
|    |    +--- io.netty:netty-codec-socks:4.1.139.Final
|    |    |    +--- io.netty:netty-common:4.1.139.Final
|    |    |    +--- io.netty:netty-buffer:4.1.139.Final (*)
|    |    |    +--- io.netty:netty-transport:4.1.139.Final (*)
|    |    |    \--- io.netty:netty-codec:4.1.139.Final (*)
|    |    \--- io.netty:netty-codec-http:4.1.139.Final (*)
|    +--- io.netty:netty-resolver-dns:4.1.104.Final -> 4.1.139.Final
|    |    +--- io.netty:netty-common:4.1.139.Final
|    |    +--- io.netty:netty-buffer:4.1.139.Final (*)
|    |    +--- io.netty:netty-resolver:4.1.139.Final (*)
|    |    +--- io.netty:netty-transport:4.1.139.Final (*)
|    |    +--- io.netty:netty-codec:4.1.139.Final (*)
|    |    +--- io.netty:netty-codec-dns:4.1.139.Final
|    |    |    +--- io.netty:netty-common:4.1.139.Final
|    |    |    +--- io.netty:netty-buffer:4.1.139.Final (*)
|    |    |    +--- io.netty:netty-transport:4.1.139.Final (*)
|    |    |    \--- io.netty:netty-codec:4.1.139.Final (*)
|    |    \--- io.netty:netty-handler:4.1.139.Final (*)
|    +--- com.eatthepath:fast-uuid:0.2.0
|    \--- org.slf4j:slf4j-api:1.7.21 -> 2.0.16
+--- com.google.firebase:firebase-admin:9.4.3
|    +--- com.google.api-client:google-api-client:2.7.1
|    |    +--- commons-codec:commons-codec:1.17.1
|    |    +--- com.google.oauth-client:google-oauth-client:1.36.0
|    |    |    +--- com.google.http-client:google-http-client:1.43.3 -> 1.45.3
|    |    |    |    +--- org.apache.httpcomponents:httpclient:4.5.14
|    |    |    |    |    +--- org.apache.httpcomponents:httpcore:4.4.16
|    |    |    |    |    +--- commons-logging:commons-logging:1.2
|    |    |    |    |    \--- commons-codec:commons-codec:1.11 -> 1.17.1
|    |    |    |    +--- org.apache.httpcomponents:httpcore:4.4.16
|    |    |    |    +--- com.google.code.findbugs:jsr305:3.0.2
|    |    |    |    +--- com.google.errorprone:error_prone_annotations:2.36.0
|    |    |    |    +--- com.google.guava:guava:30.1.1-android -> 33.3.1-jre
|    |    |    |    |    +--- com.google.guava:failureaccess:1.0.2
|    |    |    |    |    +--- com.google.guava:listenablefuture:9999.0-empty-to-avoid-conflict-with-guava
|    |    |    |    |    +--- com.google.code.findbugs:jsr305:3.0.2
|    |    |    |    |    +--- org.checkerframework:checker-qual:3.43.0 -> 3.55.1
|    |    |    |    |    +--- com.google.errorprone:error_prone_annotations:2.28.0 -> 2.36.0
|    |    |    |    |    \--- com.google.j2objc:j2objc-annotations:3.0.0
|    |    |    |    +--- com.google.j2objc:j2objc-annotations:3.0.0
|    |    |    |    +--- io.grpc:grpc-context:1.69.0
|    |    |    |    |    \--- io.grpc:grpc-api:1.69.0
|    |    |    |    +--- io.opencensus:opencensus-api:0.31.1
|    |    |    |    |    \--- io.grpc:grpc-context:1.27.2 -> 1.69.0 (*)
|    |    |    |    \--- io.opencensus:opencensus-contrib-http-util:0.31.1
|    |    |    |         +--- io.opencensus:opencensus-api:0.31.1 (*)
|    |    |    |         \--- com.google.guava:guava:29.0-android -> 33.3.1-jre (*)
|    |    |    +--- com.google.http-client:google-http-client-gson:1.43.3 -> 1.45.3
|    |    |    |    +--- com.google.http-client:google-http-client:1.45.3 (*)
|    |    |    |    \--- com.google.code.gson:gson:2.11.0
|    |    |    \--- com.google.guava:guava:31.1-android -> 33.3.1-jre (*)
|    |    +--- com.google.auth:google-auth-library-credentials:1.30.0 -> 1.30.1
|    |    +--- com.google.auth:google-auth-library-oauth2-http:1.30.0 -> 1.30.1
|    |    |    +--- com.google.auto.value:auto-value-annotations:1.11.0
|    |    |    +--- com.google.code.findbugs:jsr305:3.0.2
|    |    |    +--- com.google.auth:google-auth-library-credentials:1.30.1
|    |    |    +--- com.google.http-client:google-http-client:1.45.2 -> 1.45.3 (*)
|    |    |    +--- com.google.http-client:google-http-client-gson:1.45.2 -> 1.45.3 (*)
|    |    |    +--- com.google.guava:guava:33.3.1-android -> 33.3.1-jre (*)
|    |    |    \--- com.google.errorprone:error_prone_annotations:2.36.0
|    |    +--- com.google.http-client:google-http-client-gson:1.45.2 -> 1.45.3 (*)
|    |    +--- com.google.guava:guava:33.1.0-jre -> 33.3.1-jre (*)
|    |    +--- com.google.http-client:google-http-client-apache-v2:1.45.2 -> 1.45.3
|    |    |    +--- com.google.http-client:google-http-client:1.45.3 (*)
|    |    |    +--- org.apache.httpcomponents:httpclient:4.5.14 (*)
|    |    |    \--- org.apache.httpcomponents:httpcore:4.4.16
|    |    +--- org.apache.httpcomponents:httpcore:4.4.16
|    |    +--- org.apache.httpcomponents:httpclient:4.5.14 (*)
|    |    \--- com.google.http-client:google-http-client:1.45.2 -> 1.45.3 (*)
|    +--- com.google.api-client:google-api-client-gson:2.7.1
|    |    +--- com.google.api-client:google-api-client:2.7.1 (*)
|    |    +--- com.google.http-client:google-http-client:1.45.2 -> 1.45.3 (*)
|    |    \--- com.google.http-client:google-http-client-gson:1.45.2 -> 1.45.3 (*)
|    +--- com.google.http-client:google-http-client:1.45.3 (*)
|    +--- com.google.api:api-common:2.42.0
|    |    +--- com.google.guava:guava:33.3.1-jre (*)
|    |    +--- com.google.auto.value:auto-value-annotations:1.11.0
|    |    +--- com.google.code.findbugs:jsr305:3.0.2
|    |    +--- javax.annotation:javax.annotation-api:1.3.2
|    |    +--- com.google.errorprone:error_prone_annotations:2.36.0
|    |    \--- com.google.j2objc:j2objc-annotations:3.0.0
|    +--- com.google.auth:google-auth-library-oauth2-http:1.30.1 (*)
|    +--- com.google.cloud:google-cloud-storage:2.46.0
|    |    +--- com.google.guava:guava:33.3.1-jre (*)
|    |    +--- com.google.guava:failureaccess:1.0.2
|    |    +--- com.google.guava:listenablefuture:9999.0-empty-to-avoid-conflict-with-guava
|    |    +--- com.google.errorprone:error_prone_annotations:2.36.0
|    |    +--- com.google.j2objc:j2objc-annotations:3.0.0
|    |    +--- com.google.http-client:google-http-client:1.45.3 (*)
|    |    +--- io.grpc:grpc-context:1.69.0 (*)
|    |    +--- io.opencensus:opencensus-contrib-http-util:0.31.1 (*)
|    |    +--- com.google.http-client:google-http-client-jackson2:1.45.3
|    |    +--- com.google.http-client:google-http-client-gson:1.45.3 (*)
|    |    +--- com.google.api-client:google-api-client:2.7.1 (*)
|    |    +--- commons-codec:commons-codec:1.17.1
|    |    +--- com.google.oauth-client:google-oauth-client:1.36.0 (*)
|    |    +--- com.google.http-client:google-http-client-apache-v2:1.45.3 (*)
|    |    +--- com.google.apis:google-api-services-storage:v1-rev20241206-2.0.0
|    |    +--- com.google.code.gson:gson:2.11.0
|    |    +--- com.google.cloud:google-cloud-core:2.49.0
|    |    +--- com.google.auto.value:auto-value-annotations:1.11.0
|    |    +--- com.google.cloud:google-cloud-core-http:2.49.0
|    |    +--- com.google.http-client:google-http-client-appengine:1.45.3
|    |    +--- com.google.api:gax-httpjson:2.59.0
|    |    +--- com.google.cloud:google-cloud-core-grpc:2.49.0
|    |    +--- com.google.api:gax:2.59.0
|    |    +--- com.google.api:gax-grpc:2.59.0
|    |    +--- io.grpc:grpc-inprocess:1.69.0
|    |    +--- io.grpc:grpc-alts:1.69.0
|    |    +--- io.grpc:grpc-grpclb:1.69.0
|    |    +--- org.conscrypt:conscrypt-openjdk-uber:2.5.2
|    |    +--- io.grpc:grpc-auth:1.69.0
|    |    +--- com.google.auth:google-auth-library-credentials:1.30.1
|    |    +--- com.google.auth:google-auth-library-oauth2-http:1.30.1 (*)
|    |    +--- com.google.api:api-common:2.42.0 (*)
|    |    +--- javax.annotation:javax.annotation-api:1.3.2
|    |    +--- io.opencensus:opencensus-api:0.31.1 (*)
|    |    +--- com.google.api.grpc:proto-google-iam-v1:1.45.0
|    |    +--- com.google.protobuf:protobuf-java:3.25.5
|    |    +--- com.google.protobuf:protobuf-java-util:3.25.5
|    |    +--- io.grpc:grpc-core:1.69.0
|    |    +--- com.google.android:annotations:4.1.1.4
|    |    +--- org.codehaus.mojo:animal-sniffer-annotations:1.24
|    |    +--- io.perfmark:perfmark-api:0.27.0
|    |    +--- io.grpc:grpc-protobuf:1.69.0
|    |    +--- io.grpc:grpc-protobuf-lite:1.69.0
|    |    +--- com.google.api.grpc:proto-google-common-protos:2.50.0
|    |    +--- org.threeten:threetenbp:1.7.0
|    |    +--- com.google.api.grpc:proto-google-cloud-storage-v2:2.46.0-beta
|    |    +--- com.google.api.grpc:grpc-google-cloud-storage-v2:2.46.0-beta
|    |    +--- com.google.api.grpc:gapic-google-cloud-storage-v2:2.46.0-beta
|    |    +--- io.opentelemetry:opentelemetry-sdk:1.45.0
|    |    +--- io.opentelemetry:opentelemetry-sdk-trace:1.45.0
|    |    +--- io.opentelemetry:opentelemetry-sdk-logs:1.45.0
|    |    +--- io.grpc:grpc-opentelemetry:1.69.0
|    |    +--- io.opentelemetry:opentelemetry-api:1.45.0
|    |    +--- io.opentelemetry:opentelemetry-context:1.45.0
|    |    +--- io.opentelemetry:opentelemetry-sdk-metrics:1.45.0
|    |    +--- io.opentelemetry:opentelemetry-api-incubator:1.45.0-alpha
|    |    +--- io.opentelemetry:opentelemetry-sdk-common:1.45.0
|    |    +--- io.opentelemetry:opentelemetry-sdk-extension-autoconfigure-spi:1.45.0
|    |    +--- io.opentelemetry.semconv:opentelemetry-semconv:1.27.0-alpha
|    |    +--- com.google.cloud.opentelemetry:exporter-metrics:0.33.0
|    |    |    +--- com.google.cloud:libraries-bom:26.48.0
|    |    |    |    +--- com.google.auth:google-auth-library-credentials:1.27.0 -> 1.30.1 (c)
|    |    |    |    +--- com.google.auth:google-auth-library-oauth2-http:1.27.0 -> 1.30.1 (c)
|    |    |    |    +--- com.google.http-client:google-http-client:1.45.0 -> 1.45.3 (c)
|    |    |    |    +--- com.google.http-client:google-http-client-apache-v2:1.45.0 -> 1.45.3 (c)
|    |    |    |    +--- com.google.http-client:google-http-client-appengine:1.45.0 -> 1.45.3 (c)
|    |    |    |    +--- com.google.http-client:google-http-client-gson:1.45.0 -> 1.45.3 (c)
|    |    |    |    +--- com.google.http-client:google-http-client-jackson2:1.45.0 -> 1.45.3 (c)
|    |    |    |    +--- com.google.guava:guava:33.3.0-jre -> 33.3.1-jre (c)
|    |    |    |    +--- com.google.protobuf:protobuf-java:3.25.5 (c)
|    |    |    |    +--- com.google.protobuf:protobuf-java-util:3.25.5 (c)
|    |    |    |    +--- io.grpc:grpc-alts:1.68.0 -> 1.69.0 (c)
|    |    |    |    +--- io.grpc:grpc-api:1.68.0 -> 1.69.0 (c)
|    |    |    |    +--- io.grpc:grpc-auth:1.68.0 -> 1.69.0 (c)
|    |    |    |    +--- io.grpc:grpc-context:1.68.0 -> 1.69.0 (c)
|    |    |    |    +--- io.grpc:grpc-core:1.68.0 -> 1.69.0 (c)
|    |    |    |    +--- io.grpc:grpc-googleapis:1.68.0 -> 1.69.0 (c)
|    |    |    |    +--- io.grpc:grpc-grpclb:1.68.0 -> 1.69.0 (c)
|    |    |    |    +--- io.grpc:grpc-inprocess:1.68.0 -> 1.69.0 (c)
|    |    |    |    +--- io.grpc:grpc-netty-shaded:1.68.0 -> 1.69.0 (c)
|    |    |    |    +--- io.grpc:grpc-opentelemetry:1.68.0 -> 1.69.0 (c)
|    |    |    |    +--- io.grpc:grpc-protobuf:1.68.0 -> 1.69.0 (c)
|    |    |    |    +--- io.grpc:grpc-protobuf-lite:1.68.0 -> 1.69.0 (c)
|    |    |    |    +--- io.grpc:grpc-rls:1.68.0 -> 1.69.0 (c)
|    |    |    |    +--- io.grpc:grpc-services:1.68.0 -> 1.69.0 (c)
|    |    |    |    +--- io.grpc:grpc-stub:1.68.0 -> 1.69.0 (c)
|    |    |    |    +--- io.grpc:grpc-util:1.68.0 -> 1.69.0 (c)
|    |    |    |    +--- io.grpc:grpc-xds:1.68.0 -> 1.69.0 (c)
|    |    |    |    +--- com.google.api:gax:2.54.1 -> 2.59.0 (c)
|    |    |    |    +--- com.google.api:gax-grpc:2.54.1 -> 2.59.0 (c)
|    |    |    |    +--- com.google.api:gax-httpjson:2.54.1 -> 2.59.0 (c)
|    |    |    |    +--- com.google.code.gson:gson:2.11.0 (c)
|    |    |    |    +--- com.google.api:api-common:2.37.1 -> 2.42.0 (c)
|    |    |    |    +--- com.google.api.grpc:proto-google-common-protos:2.45.1 -> 2.50.0 (c)
|    |    |    |    +--- com.google.api.grpc:proto-google-iam-v1:1.40.1 -> 1.45.0 (c)
|    |    |    |    +--- com.google.cloud:google-cloud-core-grpc:2.44.1 -> 2.49.0 (c)
|    |    |    |    +--- com.google.cloud:google-cloud-core-http:2.44.1 -> 2.49.0 (c)
|    |    |    |    +--- com.google.oauth-client:google-oauth-client:1.36.0 (c)
|    |    |    |    +--- com.google.api-client:google-api-client:2.7.0 -> 2.7.1 (c)
|    |    |    |    +--- com.google.api-client:google-api-client-gson:2.7.0 -> 2.7.1 (c)
|    |    |    |    +--- com.google.api.grpc:proto-google-cloud-monitoring-v3:3.52.0 (c)
|    |    |    |    +--- com.google.cloud:google-cloud-firestore:3.26.5 -> 3.30.2 (c)
|    |    |    |    +--- com.google.api.grpc:proto-google-cloud-firestore-v1:3.26.5 -> 3.30.2 (c)
|    |    |    |    +--- com.google.cloud:proto-google-cloud-firestore-bundle-v1:3.26.5 -> 3.30.2 (c)
|    |    |    |    +--- com.google.cloud:google-cloud-storage:2.43.1 -> 2.46.0 (c)
|    |    |    |    +--- com.google.api.grpc:gapic-google-cloud-storage-v2:2.43.1-beta -> 2.46.0-beta (c)
|    |    |    |    +--- com.google.api.grpc:grpc-google-cloud-storage-v2:2.43.1-beta -> 2.46.0-beta (c)
|    |    |    |    \--- com.google.api.grpc:proto-google-cloud-storage-v2:2.43.1-beta -> 2.46.0-beta (c)
|    |    |    \--- io.opentelemetry:opentelemetry-bom:1.42.1
|    |    |         +--- io.opentelemetry:opentelemetry-context:1.42.1 -> 1.45.0 (c)
|    |    |         +--- io.opentelemetry:opentelemetry-sdk:1.42.1 -> 1.45.0 (c)
|    |    |         +--- io.opentelemetry:opentelemetry-sdk-common:1.42.1 -> 1.45.0 (c)
|    |    |         +--- io.opentelemetry:opentelemetry-sdk-logs:1.42.1 -> 1.45.0 (c)
|    |    |         +--- io.opentelemetry:opentelemetry-sdk-trace:1.42.1 -> 1.45.0 (c)
|    |    |         \--- io.opentelemetry:opentelemetry-sdk-extension-autoconfigure-spi:1.42.1 -> 1.45.0 (c)
|    |    +--- org.slf4j:slf4j-api:2.0.16
|    |    +--- com.google.cloud:google-cloud-monitoring:3.52.0
|    |    +--- com.google.api.grpc:proto-google-cloud-monitoring-v3:3.52.0
|    |    +--- com.google.cloud.opentelemetry:shared-resourcemapping:0.33.0
|    |    +--- io.opentelemetry.contrib:opentelemetry-gcp-resources:1.37.0-alpha
|    |    +--- com.google.cloud.opentelemetry:detector-resources-support:0.33.0
|    |    +--- org.checkerframework:checker-qual:3.48.3 -> 3.55.1
|    |    +--- com.fasterxml.jackson.core:jackson-core:2.18.2
|    |    |    \--- com.fasterxml.jackson:jackson-bom:2.18.2
|    |    |         \--- com.fasterxml.jackson.core:jackson-core:2.18.2 (c)
|    |    +--- com.google.code.findbugs:jsr305:3.0.2
|    |    +--- io.grpc:grpc-api:1.69.0
|    |    +--- io.grpc:grpc-netty-shaded:1.69.0
|    |    +--- io.grpc:grpc-util:1.69.0
|    |    +--- io.grpc:grpc-stub:1.69.0
|    |    +--- io.grpc:grpc-googleapis:1.69.0
|    |    +--- io.grpc:grpc-xds:1.69.0
|    |    +--- io.grpc:grpc-services:1.69.0
|    |    +--- com.google.re2j:re2j:1.7
|    |    \--- io.grpc:grpc-rls:1.69.0
|    +--- com.google.cloud:google-cloud-firestore:3.30.2
|    |    +--- com.google.cloud:google-cloud-core-grpc:2.49.0
|    |    +--- com.google.http-client:google-http-client:1.45.3 (*)
|    |    +--- org.apache.httpcomponents:httpclient:4.5.14 (*)
|    |    +--- org.apache.httpcomponents:httpcore:4.4.16
|    |    +--- io.grpc:grpc-context:1.69.0 (*)
|    |    +--- io.opencensus:opencensus-contrib-http-util:0.31.1 (*)
|    |    +--- com.google.errorprone:error_prone_annotations:2.36.0
|    |    +--- com.google.api.grpc:proto-google-cloud-firestore-v1:3.30.2
|    |    |    +--- com.google.auto.value:auto-value-annotations:1.11.0
|    |    |    +--- com.google.code.findbugs:jsr305:3.0.2
|    |    |    +--- com.google.errorprone:error_prone_annotations:2.36.0
|    |    |    +--- com.google.j2objc:j2objc-annotations:3.0.0
|    |    |    +--- com.google.guava:failureaccess:1.0.2
|    |    |    +--- com.google.guava:listenablefuture:9999.0-empty-to-avoid-conflict-with-guava
|    |    |    \--- org.checkerframework:checker-qual:3.48.3 -> 3.55.1
|    |    +--- com.google.cloud:proto-google-cloud-firestore-bundle-v1:3.30.2
|    |    |    +--- com.google.api:api-common:2.42.0 (*)
|    |    |    +--- com.google.auto.value:auto-value-annotations:1.11.0
|    |    |    +--- com.google.code.findbugs:jsr305:3.0.2
|    |    |    +--- com.google.errorprone:error_prone_annotations:2.36.0
|    |    |    +--- com.google.j2objc:j2objc-annotations:3.0.0
|    |    |    +--- com.google.api.grpc:proto-google-common-protos:2.50.0
|    |    |    +--- com.google.guava:guava:33.3.1-jre (*)
|    |    |    +--- com.google.guava:failureaccess:1.0.2
|    |    |    +--- com.google.guava:listenablefuture:9999.0-empty-to-avoid-conflict-with-guava
|    |    |    \--- org.checkerframework:checker-qual:3.48.3 -> 3.55.1
|    |    +--- com.google.auto.value:auto-value-annotations:1.11.0
|    |    +--- com.google.code.findbugs:jsr305:3.0.2
|    |    +--- com.google.api:api-common:2.42.0 (*)
|    |    +--- com.google.j2objc:j2objc-annotations:3.0.0
|    |    +--- io.grpc:grpc-protobuf:1.69.0
|    |    +--- io.grpc:grpc-protobuf-lite:1.69.0
|    |    +--- com.google.protobuf:protobuf-java:3.25.5
|    |    +--- com.google.api.grpc:proto-google-common-protos:2.50.0
|    |    +--- com.google.api:gax:2.59.0
|    |    +--- io.opencensus:opencensus-api:0.31.1 (*)
|    |    +--- com.google.auth:google-auth-library-oauth2-http:1.30.1 (*)
|    |    +--- io.grpc:grpc-api:1.69.0
|    |    +--- com.google.api:gax-grpc:2.59.0
|    |    +--- io.grpc:grpc-inprocess:1.69.0
|    |    +--- io.grpc:grpc-core:1.69.0
|    |    +--- io.grpc:grpc-alts:1.69.0
|    |    +--- io.grpc:grpc-grpclb:1.69.0
|    |    +--- org.conscrypt:conscrypt-openjdk-uber:2.5.2
|    |    +--- io.grpc:grpc-auth:1.69.0
|    |    +--- io.grpc:grpc-netty-shaded:1.69.0
|    |    +--- io.grpc:grpc-util:1.69.0
|    |    +--- io.perfmark:perfmark-api:0.27.0
|    |    +--- io.grpc:grpc-googleapis:1.69.0
|    |    +--- io.grpc:grpc-xds:1.69.0
|    |    +--- com.google.api:gax-httpjson:2.59.0
|    |    +--- com.google.http-client:google-http-client-gson:1.45.3 (*)
|    |    +--- com.google.guava:guava:33.3.1-jre (*)
|    |    +--- com.google.guava:failureaccess:1.0.2
|    |    +--- com.google.guava:listenablefuture:9999.0-empty-to-avoid-conflict-with-guava
|    |    +--- org.checkerframework:checker-qual:3.48.3 -> 3.55.1
|    |    +--- org.threeten:threetenbp:1.7.0
|    |    +--- io.grpc:grpc-stub:1.69.0
|    |    +--- com.google.auth:google-auth-library-credentials:1.30.1
|    |    +--- com.google.cloud:google-cloud-core:2.49.0
|    |    +--- com.google.api.grpc:proto-google-iam-v1:1.45.0
|    |    +--- com.google.code.gson:gson:2.11.0
|    |    +--- com.google.protobuf:protobuf-java-util:3.25.5
|    |    +--- io.opentelemetry:opentelemetry-api:1.45.0
|    |    +--- io.opentelemetry:opentelemetry-context:1.45.0
|    |    +--- io.opentelemetry.instrumentation:opentelemetry-grpc-1.6:2.1.0-alpha
|    |    +--- io.opentelemetry.instrumentation:opentelemetry-instrumentation-api:2.1.0
|    |    +--- io.opentelemetry:opentelemetry-extension-incubator:1.35.0-alpha
|    |    +--- io.opentelemetry.instrumentation:opentelemetry-instrumentation-api-incubator:2.1.0-alpha
|    |    +--- io.opentelemetry:opentelemetry-sdk:1.45.0
|    |    +--- io.opentelemetry:opentelemetry-sdk-common:1.45.0
|    |    +--- io.opentelemetry:opentelemetry-sdk-trace:1.45.0
|    |    +--- io.opentelemetry:opentelemetry-sdk-logs:1.45.0
|    |    +--- io.opentelemetry:opentelemetry-sdk-metrics:1.45.0
|    |    +--- io.opentelemetry:opentelemetry-api-incubator:1.45.0-alpha
|    |    +--- com.google.cloud.opentelemetry:exporter-metrics:0.33.0 (*)
|    |    +--- org.slf4j:slf4j-api:2.0.16
|    |    +--- com.google.cloud:google-cloud-monitoring:3.52.0
|    |    +--- com.google.api.grpc:proto-google-cloud-monitoring-v3:3.52.0
|    |    +--- com.google.android:annotations:4.1.1.4
|    |    +--- org.codehaus.mojo:animal-sniffer-annotations:1.24
|    |    +--- io.grpc:grpc-services:1.69.0
|    |    +--- com.google.re2j:re2j:1.7
|    |    +--- commons-codec:commons-codec:1.17.1
|    |    +--- com.google.cloud.opentelemetry:shared-resourcemapping:0.33.0
|    |    +--- io.opentelemetry.semconv:opentelemetry-semconv:1.27.0-alpha
|    |    \--- javax.annotation:javax.annotation-api:1.3.2
|    +--- com.google.guava:guava:33.3.1-jre (*)
|    +--- org.slf4j:slf4j-api:2.0.16
|    +--- io.netty:netty-codec-http:4.1.116.Final -> 4.1.139.Final (*)
|    +--- io.netty:netty-handler:4.1.116.Final -> 4.1.139.Final (*)
|    +--- io.netty:netty-transport:4.1.116.Final -> 4.1.139.Final (*)
|    \--- org.apache.httpcomponents.client5:httpclient5:5.3.1
|         +--- org.apache.httpcomponents.core5:httpcore5:5.2.4
|         +--- org.apache.httpcomponents.core5:httpcore5-h2:5.2.4
|         |    \--- org.apache.httpcomponents.core5:httpcore5:5.2.4
|         \--- org.slf4j:slf4j-api:1.7.36 -> 2.0.16
+--- com.interaso:webpush:1.1.0
|    \--- org.jetbrains.kotlin:kotlin-stdlib:1.9.22 -> 2.3.10 (*)
+--- org.postgresql:postgresql:42.7.14 (*)
+--- org.jetbrains.kotlin:kotlin-test -> 2.3.10
|    +--- org.jetbrains.kotlin:kotlin-stdlib:2.3.10 (*)
|    \--- org.jetbrains.kotlin:kotlin-test-junit5:2.3.10
|         +--- org.jetbrains.kotlin:kotlin-test:2.3.10 (*)
|         +--- org.junit.jupiter:junit-jupiter-engine:5.10.1
|         |    +--- org.junit:junit-bom:5.10.1
|         |    |    +--- org.junit.jupiter:junit-jupiter-api:5.10.1 (c)
|         |    |    +--- org.junit.jupiter:junit-jupiter-engine:5.10.1 (c)
|         |    |    +--- org.junit.platform:junit-platform-engine:1.10.1 (c)
|         |    |    +--- org.junit.platform:junit-platform-launcher:1.10.1 (c)
|         |    |    \--- org.junit.platform:junit-platform-commons:1.10.1 (c)
|         |    +--- org.junit.platform:junit-platform-engine:1.10.1
|         |    |    +--- org.junit:junit-bom:5.10.1 (*)
|         |    |    +--- org.opentest4j:opentest4j:1.3.0
|         |    |    \--- org.junit.platform:junit-platform-commons:1.10.1
|         |    |         \--- org.junit:junit-bom:5.10.1 (*)
|         |    \--- org.junit.jupiter:junit-jupiter-api:5.10.1
|         |         +--- org.junit:junit-bom:5.10.1 (*)
|         |         +--- org.opentest4j:opentest4j:1.3.0
|         |         \--- org.junit.platform:junit-platform-commons:1.10.1 (*)
|         \--- org.junit.platform:junit-platform-launcher:1.10.1
|              +--- org.junit:junit-bom:5.10.1 (*)
|              \--- org.junit.platform:junit-platform-engine:1.10.1 (*)
+--- project :server:test
|    +--- org.jetbrains.kotlin:kotlin-stdlib:2.3.10 (*)
|    +--- project :api (*)
|    +--- project :server (*)
|    +--- me.tatarka.inject:kotlin-inject-runtime:0.7.1 (*)
|    +--- com.latenighthack.ktbuf:ktbuf-library:1.1.10 (*)
|    +--- com.latenighthack.ktbuf:ktbuf-rpc:1.1.10 (*)
|    +--- com.latenighthack.ktbuf:ktbuf-server:1.1.10 (*)
|    +--- com.latenighthack.ktbuf:ktbuf-test:1.1.10
|    |    +--- org.jetbrains.kotlinx:kotlinx-coroutines-core:1.9.0 -> 1.10.1 (*)
|    |    +--- org.jetbrains.kotlin:kotlin-test:2.3.10 (*)
|    |    +--- org.jetbrains.kotlinx:kotlinx-coroutines-test:1.9.0 -> 1.10.1
|    |    |    \--- org.jetbrains.kotlinx:kotlinx-coroutines-test-jvm:1.10.1
|    |    |         +--- org.jetbrains:annotations:23.0.0
|    |    |         +--- org.jetbrains.kotlinx:kotlinx-coroutines-bom:1.10.1 (*)
|    |    |         +--- org.jetbrains.kotlinx:kotlinx-coroutines-core:1.10.1 (*)
|    |    |         \--- org.jetbrains.kotlin:kotlin-stdlib:2.1.0 -> 2.3.10 (*)
|    |    +--- com.latenighthack.ktbuf:ktbuf-library:1.1.10 (*)
|    |    +--- com.latenighthack.ktbuf:ktbuf-rpc:1.1.10 (*)
|    |    +--- com.squareup.okhttp3:okhttp:4.9.1 (*)
|    |    +--- com.latenighthack.ktbuf:ktbuf-server:1.1.10 (*)
|    |    +--- io.ktor:ktor-server-core:3.0.2 (*)
|    |    +--- io.ktor:ktor-server-cio:3.0.2 (*)
|    |    +--- io.ktor:ktor-server-cors:3.0.2 (*)
|    |    +--- io.ktor:ktor-server-websockets:3.0.2 (*)
|    |    \--- org.jetbrains.kotlin:kotlin-stdlib:2.3.10 (*)
|    +--- com.latenighthack.ktstore:ktstore-library:{strictly 0.2.0-fh.1698650f0e9502d006d3} -> 0.2.0-fh.1698650f0e9502d006d3 (*)
|    +--- org.jetbrains.kotlinx:kotlinx-coroutines-core:1.9.0 -> 1.10.1 (*)
|    +--- io.ktor:ktor-server-core:3.0.2 (*)
|    +--- io.ktor:ktor-server-cio:3.0.2 (*)
|    \--- io.ktor:ktor-server-websockets:3.0.2 (*)
+--- org.jetbrains.kotlinx:kotlinx-coroutines-test:1.9.0 -> 1.10.1 (*)
+--- com.latenighthack.ktbuf:ktbuf-test:1.1.10 (*)
+--- com.willowtreeapps.assertk:assertk:0.28.1
|    \--- com.willowtreeapps.assertk:assertk-jvm:0.28.1
|         +--- org.jetbrains.kotlin:kotlin-stdlib:1.9.21 -> 2.3.10 (*)
|         \--- com.willowtreeapps.opentest4k:opentest4k:1.3.0
|              \--- com.willowtreeapps.opentest4k:opentest4k-jvm:1.3.0
|                   +--- org.opentest4j:opentest4j:1.3.0
|                   \--- org.jetbrains.kotlin:kotlin-stdlib:1.9.20 -> 2.3.10 (*)
+--- org.xerial:sqlite-jdbc:3.45.3.0
|    \--- org.slf4j:slf4j-api:1.7.36 -> 2.0.16
+--- org.jetbrains.kotlin:kotlin-test:2.3.10 (*)
\--- org.jetbrains.kotlin:kotlin-test:2.3.10 (c)

testRuntimeOnly - Runtime only dependencies for 'test'. (n)
\--- org.postgresql:postgresql:42.7.14 (n)

(c) - A dependency constraint, not a dependency. The dependency affected by the constraint occurs elsewhere in the tree.
(*) - Indicates repeated occurrences of a transitive dependency subtree. Gradle expands transitive dependency subtrees only once per project; repeat occurrences only display the root of the subtree, followed by this annotation.

(n) - A dependency or dependency configuration that cannot be resolved.

A web-based, searchable dependency report is available by adding the --scan option.

> Task :server:run:dependencies

------------------------------------------------------------
Project ':server:run'
------------------------------------------------------------

runtimeClasspath - Runtime classpath of 'main'.
+--- org.jetbrains.kotlin:kotlin-stdlib:2.3.10
|    +--- org.jetbrains:annotations:13.0 -> 23.0.0
|    +--- org.jetbrains.kotlin:kotlin-stdlib-jdk8:1.8.0 -> 2.1.0 (c)
|    +--- org.jetbrains.kotlin:kotlin-stdlib-jdk7:1.8.0 -> 2.1.0 (c)
|    \--- org.jetbrains.kotlin:kotlin-stdlib-common:2.3.10 (c)
+--- project :server
|    +--- project :observability-api
|    |    +--- org.jetbrains.kotlinx:kotlinx-serialization-json:1.9.0
|    |    |    \--- org.jetbrains.kotlinx:kotlinx-serialization-json-jvm:1.9.0
|    |    |         +--- org.jetbrains.kotlinx:kotlinx-serialization-bom:1.9.0
|    |    |         |    +--- org.jetbrains.kotlinx:kotlinx-serialization-core:1.9.0 (c)
|    |    |         |    +--- org.jetbrains.kotlinx:kotlinx-serialization-json-jvm:1.9.0 (c)
|    |    |         |    +--- org.jetbrains.kotlinx:kotlinx-serialization-json:1.9.0 (c)
|    |    |         |    \--- org.jetbrains.kotlinx:kotlinx-serialization-core-jvm:1.9.0 (c)
|    |    |         +--- org.jetbrains.kotlin:kotlin-stdlib:2.2.0 -> 2.3.10 (*)
|    |    |         \--- org.jetbrains.kotlinx:kotlinx-serialization-core:1.9.0
|    |    |              \--- org.jetbrains.kotlinx:kotlinx-serialization-core-jvm:1.9.0
|    |    |                   +--- org.jetbrains.kotlinx:kotlinx-serialization-bom:1.9.0 (*)
|    |    |                   \--- org.jetbrains.kotlin:kotlin-stdlib:2.2.0 -> 2.3.10 (*)
|    |    +--- org.jetbrains.kotlinx:kotlinx-coroutines-core:1.9.0 -> 1.10.1
|    |    |    \--- org.jetbrains.kotlinx:kotlinx-coroutines-core-jvm:1.10.1
|    |    |         +--- org.jetbrains:annotations:23.0.0
|    |    |         +--- org.jetbrains.kotlinx:kotlinx-coroutines-bom:1.10.1
|    |    |         |    +--- org.jetbrains.kotlinx:kotlinx-coroutines-core-jvm:1.10.1 (c)
|    |    |         |    \--- org.jetbrains.kotlinx:kotlinx-coroutines-core:1.10.1 (c)
|    |    |         \--- org.jetbrains.kotlin:kotlin-stdlib:2.1.0 -> 2.3.10 (*)
|    |    \--- org.jetbrains.kotlin:kotlin-stdlib:2.3.10 (*)
|    +--- org.jetbrains.kotlin:kotlin-stdlib:2.3.10 (*)
|    +--- project :api
|    |    +--- org.jetbrains.kotlin:kotlin-stdlib -> 2.3.10 (*)
|    |    +--- com.latenighthack.ktbuf:ktbuf-library:1.1.10
|    |    |    \--- com.latenighthack.ktbuf:ktbuf-library-jvm:1.1.10
|    |    |         +--- org.jetbrains.kotlin:kotlin-stdlib:2.3.10 (*)
|    |    |         +--- com.squareup.okhttp3:okhttp:4.9.1 -> 4.12.0
|    |    |         |    +--- com.squareup.okio:okio:3.6.0
|    |    |         |    |    \--- com.squareup.okio:okio-jvm:3.6.0
|    |    |         |    |         +--- org.jetbrains.kotlin:kotlin-stdlib-jdk8:1.9.10 -> 2.1.0
|    |    |         |    |         |    +--- org.jetbrains.kotlin:kotlin-stdlib:2.1.0 -> 2.3.10 (*)
|    |    |         |    |         |    \--- org.jetbrains.kotlin:kotlin-stdlib-jdk7:2.1.0
|    |    |         |    |         |         \--- org.jetbrains.kotlin:kotlin-stdlib:2.1.0 -> 2.3.10 (*)
|    |    |         |    |         \--- org.jetbrains.kotlin:kotlin-stdlib-common:1.9.10 -> 2.3.10
|    |    |         |    |              \--- org.jetbrains.kotlin:kotlin-stdlib:2.3.10 (*)
|    |    |         |    \--- org.jetbrains.kotlin:kotlin-stdlib-jdk8:1.8.21 -> 2.1.0 (*)
|    |    |         \--- org.jetbrains.kotlinx:kotlinx-coroutines-core:1.9.0 -> 1.10.1 (*)
|    |    +--- com.latenighthack.ktbuf:ktbuf-rpc:1.1.10
|    |    |    \--- com.latenighthack.ktbuf:ktbuf-rpc-jvm:1.1.10
|    |    |         +--- com.squareup.okhttp3:okhttp:4.9.1 -> 4.12.0 (*)
|    |    |         +--- org.jetbrains.kotlin:kotlin-stdlib:2.3.10 (*)
|    |    |         +--- org.jetbrains.kotlinx:kotlinx-coroutines-core:1.9.0 -> 1.10.1 (*)
|    |    |         \--- com.latenighthack.ktbuf:ktbuf-library:1.1.10 (*)
|    |    +--- org.jetbrains.kotlinx:kotlinx-coroutines-core:1.9.0 -> 1.10.1 (*)
|    |    \--- org.jetbrains.kotlin:kotlin-stdlib:2.3.10 (c)
|    +--- project :sharding-core
|    |    +--- org.jetbrains.kotlin:kotlin-stdlib:2.3.10 (*)
|    |    \--- org.jetbrains.kotlinx:kotlinx-coroutines-core:1.9.0 -> 1.10.1 (*)
|    +--- me.tatarka.inject:kotlin-inject-runtime:0.7.1
|    |    \--- me.tatarka.inject:kotlin-inject-runtime-jvm:0.7.1
|    |         \--- org.jetbrains.kotlin:kotlin-stdlib:1.9.24 -> 2.3.10 (*)
|    +--- com.latenighthack.ktbuf:ktbuf-library:1.1.10 (*)
|    +--- com.latenighthack.ktbuf:ktbuf-rpc:1.1.10 (*)
|    +--- com.latenighthack.ktbuf:ktbuf-server:1.1.10
|    |    +--- org.jetbrains.kotlinx:kotlinx-coroutines-core:1.9.0 -> 1.10.1 (*)
|    |    +--- com.latenighthack.ktbuf:ktbuf-library:1.1.10 (*)
|    |    +--- io.ktor:ktor-server-core:3.0.2
|    |    |    \--- io.ktor:ktor-server-core-jvm:3.0.2
|    |    |         +--- org.slf4j:slf4j-api:2.0.16
|    |    |         +--- com.typesafe:config:1.4.3
|    |    |         +--- org.jetbrains.kotlinx:kotlinx-coroutines-core:1.9.0 -> 1.10.1 (*)
|    |    |         +--- io.ktor:ktor-utils:3.0.2
|    |    |         |    \--- io.ktor:ktor-utils-jvm:3.0.2
|    |    |         |         +--- org.slf4j:slf4j-api:2.0.16
|    |    |         |         +--- org.jetbrains.kotlinx:kotlinx-coroutines-core:1.9.0 -> 1.10.1 (*)
|    |    |         |         +--- io.ktor:ktor-io:3.0.2
|    |    |         |         |    \--- io.ktor:ktor-io-jvm:3.0.2
|    |    |         |         |         +--- org.slf4j:slf4j-api:2.0.16
|    |    |         |         |         +--- org.jetbrains.kotlinx:kotlinx-coroutines-core:1.9.0 -> 1.10.1 (*)
|    |    |         |         |         +--- org.jetbrains.kotlinx:kotlinx-io-core:0.5.4
|    |    |         |         |         |    \--- org.jetbrains.kotlinx:kotlinx-io-core-jvm:0.5.4
|    |    |         |         |         |         +--- org.jetbrains.kotlinx:kotlinx-io-bytestring:0.5.4
|    |    |         |         |         |         |    \--- org.jetbrains.kotlinx:kotlinx-io-bytestring-jvm:0.5.4
|    |    |         |         |         |         |         \--- org.jetbrains.kotlin:kotlin-stdlib:2.0.0 -> 2.3.10 (*)
|    |    |         |         |         |         \--- org.jetbrains.kotlin:kotlin-stdlib:2.0.0 -> 2.3.10 (*)
|    |    |         |         |         \--- org.jetbrains.kotlin:kotlin-stdlib:2.0.21 -> 2.3.10 (*)
|    |    |         |         +--- org.jetbrains.kotlinx:kotlinx-serialization-core:1.7.3 -> 1.9.0 (*)
|    |    |         |         \--- org.jetbrains.kotlin:kotlin-stdlib:2.0.21 -> 2.3.10 (*)
|    |    |         +--- io.ktor:ktor-http:3.0.2
|    |    |         |    \--- io.ktor:ktor-http-jvm:3.0.2
|    |    |         |         +--- org.slf4j:slf4j-api:2.0.16
|    |    |         |         +--- org.jetbrains.kotlinx:kotlinx-coroutines-core:1.9.0 -> 1.10.1 (*)
|    |    |         |         +--- io.ktor:ktor-utils:3.0.2 (*)
|    |    |         |         +--- org.jetbrains.kotlinx:kotlinx-serialization-core:1.7.3 -> 1.9.0 (*)
|    |    |         |         \--- org.jetbrains.kotlin:kotlin-stdlib:2.0.21 -> 2.3.10 (*)
|    |    |         +--- io.ktor:ktor-serialization:3.0.2
|    |    |         |    \--- io.ktor:ktor-serialization-jvm:3.0.2
|    |    |         |         +--- org.slf4j:slf4j-api:2.0.16
|    |    |         |         +--- org.jetbrains.kotlinx:kotlinx-coroutines-core:1.9.0 -> 1.10.1 (*)
|    |    |         |         +--- io.ktor:ktor-http:3.0.2 (*)
|    |    |         |         +--- io.ktor:ktor-websockets:3.0.2
|    |    |         |         |    \--- io.ktor:ktor-websockets-jvm:3.0.2
|    |    |         |         |         +--- org.slf4j:slf4j-api:2.0.16
|    |    |         |         |         +--- org.jetbrains.kotlinx:kotlinx-coroutines-core:1.9.0 -> 1.10.1 (*)
|    |    |         |         |         +--- io.ktor:ktor-http:3.0.2 (*)
|    |    |         |         |         \--- org.jetbrains.kotlin:kotlin-stdlib:2.0.21 -> 2.3.10 (*)
|    |    |         |         \--- org.jetbrains.kotlin:kotlin-stdlib:2.0.21 -> 2.3.10 (*)
|    |    |         +--- io.ktor:ktor-events:3.0.2
|    |    |         |    \--- io.ktor:ktor-events-jvm:3.0.2
|    |    |         |         +--- org.slf4j:slf4j-api:2.0.16
|    |    |         |         +--- org.jetbrains.kotlinx:kotlinx-coroutines-core:1.9.0 -> 1.10.1 (*)
|    |    |         |         +--- io.ktor:ktor-http:3.0.2 (*)
|    |    |         |         +--- io.ktor:ktor-utils:3.0.2 (*)
|    |    |         |         \--- org.jetbrains.kotlin:kotlin-stdlib:2.0.21 -> 2.3.10 (*)
|    |    |         +--- io.ktor:ktor-http-cio:3.0.2
|    |    |         |    \--- io.ktor:ktor-http-cio-jvm:3.0.2
|    |    |         |         +--- org.slf4j:slf4j-api:2.0.16
|    |    |         |         +--- io.ktor:ktor-network:3.0.2
|    |    |         |         |    \--- io.ktor:ktor-network-jvm:3.0.2
|    |    |         |         |         +--- org.slf4j:slf4j-api:2.0.16
|    |    |         |         |         +--- io.ktor:ktor-utils:3.0.2 (*)
|    |    |         |         |         +--- org.jetbrains.kotlinx:kotlinx-coroutines-core:1.9.0 -> 1.10.1 (*)
|    |    |         |         |         \--- org.jetbrains.kotlin:kotlin-stdlib:2.0.21 -> 2.3.10 (*)
|    |    |         |         +--- org.jetbrains.kotlinx:kotlinx-coroutines-core:1.9.0 -> 1.10.1 (*)
|    |    |         |         +--- io.ktor:ktor-http:3.0.2 (*)
|    |    |         |         +--- io.ktor:ktor-io:3.0.2 (*)
|    |    |         |         \--- org.jetbrains.kotlin:kotlin-stdlib:2.0.21 -> 2.3.10 (*)
|    |    |         +--- io.ktor:ktor-websockets:3.0.2 (*)
|    |    |         +--- org.jetbrains.kotlin:kotlin-reflect:2.0.21 -> 2.1.0
|    |    |         |    \--- org.jetbrains.kotlin:kotlin-stdlib:2.1.0 -> 2.3.10 (*)
|    |    |         +--- org.jetbrains.kotlin:kotlin-stdlib:2.0.21 -> 2.3.10 (*)
|    |    |         \--- org.fusesource.jansi:jansi:2.4.1
|    |    +--- io.ktor:ktor-server-cio:3.0.2
|    |    |    \--- io.ktor:ktor-server-cio-jvm:3.0.2
|    |    |         +--- org.slf4j:slf4j-api:2.0.16
|    |    |         +--- io.ktor:ktor-server-core:3.0.2 (*)
|    |    |         +--- io.ktor:ktor-http-cio:3.0.2 (*)
|    |    |         +--- io.ktor:ktor-websockets:3.0.2 (*)
|    |    |         +--- io.ktor:ktor-network:3.0.2 (*)
|    |    |         +--- org.jetbrains.kotlinx:kotlinx-coroutines-core:1.9.0 -> 1.10.1 (*)
|    |    |         \--- org.jetbrains.kotlin:kotlin-stdlib:2.0.21 -> 2.3.10 (*)
|    |    +--- io.ktor:ktor-server-cors:3.0.2
|    |    |    \--- io.ktor:ktor-server-cors-jvm:3.0.2
|    |    |         +--- org.slf4j:slf4j-api:2.0.16
|    |    |         +--- org.jetbrains.kotlinx:kotlinx-coroutines-core:1.9.0 -> 1.10.1 (*)
|    |    |         +--- io.ktor:ktor-server-core:3.0.2 (*)
|    |    |         \--- org.jetbrains.kotlin:kotlin-stdlib:2.0.21 -> 2.3.10 (*)
|    |    +--- io.ktor:ktor-server-websockets:3.0.2
|    |    |    \--- io.ktor:ktor-server-websockets-jvm:3.0.2
|    |    |         +--- org.slf4j:slf4j-api:2.0.16
|    |    |         +--- org.jetbrains.kotlinx:kotlinx-coroutines-core:1.9.0 -> 1.10.1 (*)
|    |    |         +--- io.ktor:ktor-server-core:3.0.2 (*)
|    |    |         +--- io.ktor:ktor-websockets:3.0.2 (*)
|    |    |         +--- io.ktor:ktor-websocket-serialization:3.0.2
|    |    |         |    \--- io.ktor:ktor-websocket-serialization-jvm:3.0.2
|    |    |         |         +--- org.slf4j:slf4j-api:2.0.16
|    |    |         |         +--- org.jetbrains.kotlinx:kotlinx-coroutines-core:1.9.0 -> 1.10.1 (*)
|    |    |         |         +--- io.ktor:ktor-http:3.0.2 (*)
|    |    |         |         +--- io.ktor:ktor-serialization:3.0.2 (*)
|    |    |         |         \--- org.jetbrains.kotlin:kotlin-stdlib:2.0.21 -> 2.3.10 (*)
|    |    |         \--- org.jetbrains.kotlin:kotlin-stdlib:2.0.21 -> 2.3.10 (*)
|    |    +--- com.squareup.okhttp3:okhttp:4.9.1 -> 4.12.0 (*)
|    |    \--- org.jetbrains.kotlin:kotlin-stdlib:2.3.10 (*)
|    +--- org.jetbrains.kotlinx:kotlinx-coroutines-core:1.9.0 -> 1.10.1 (*)
|    +--- io.ktor:ktor-server-core:3.0.2 (*)
|    +--- io.ktor:ktor-server-cio:3.0.2 (*)
|    +--- io.ktor:ktor-server-websockets:3.0.2 (*)
|    +--- com.latenighthack.ktstore:ktstore-library:{strictly 0.2.0-fh.1698650f0e9502d006d3} -> 0.2.0-fh.1698650f0e9502d006d3
|    |    \--- com.latenighthack.ktstore:ktstore-library-jvm:0.2.0-fh.1698650f0e9502d006d3
|    |         +--- org.jetbrains.kotlin:kotlin-stdlib:2.3.10 (*)
|    |         +--- org.postgresql:postgresql:42.7.14
|    |         |    \--- org.checkerframework:checker-qual:3.55.1
|    |         +--- com.zaxxer:HikariCP:5.1.0
|    |         |    \--- org.slf4j:slf4j-api:1.7.36 -> 2.0.16
|    |         \--- org.jetbrains.kotlinx:kotlinx-coroutines-core:1.9.0 -> 1.10.1 (*)
|    +--- com.latenighthack.ktcrypto:ktcrypto-library:0.0.8
|    |    \--- com.latenighthack.ktcrypto:ktcrypto-library-jvm:0.0.8
|    |         +--- org.jetbrains.kotlin:kotlin-stdlib:2.3.10 (*)
|    |         +--- org.bouncycastle:bcprov-jdk18on:1.79
|    |         \--- org.jetbrains.kotlinx:kotlinx-coroutines-core:1.9.0 -> 1.10.1 (*)
|    +--- org.jetbrains.kotlinx:kotlinx-datetime:0.6.1
|    |    \--- org.jetbrains.kotlinx:kotlinx-datetime-jvm:0.6.1
|    |         \--- org.jetbrains.kotlin:kotlin-stdlib:1.9.21 -> 2.3.10 (*)
|    +--- io.micrometer:micrometer-core:1.10.3
|    |    +--- io.micrometer:micrometer-commons:1.10.3
|    |    +--- io.micrometer:micrometer-observation:1.10.3
|    |    |    \--- io.micrometer:micrometer-commons:1.10.3
|    |    +--- org.hdrhistogram:HdrHistogram:2.1.12
|    |    \--- org.latencyutils:LatencyUtils:2.0.3
|    +--- io.github.reactivecircus.cache4k:cache4k:0.14.0
|    |    \--- io.github.reactivecircus.cache4k:cache4k-jvm:0.14.0
|    |         +--- org.jetbrains.kotlin:kotlin-stdlib:2.1.0 -> 2.3.10 (*)
|    |         +--- org.jetbrains.kotlinx:kotlinx-coroutines-core:1.10.1 (*)
|    |         +--- co.touchlab:stately-iso-collections:2.1.0
|    |         |    \--- co.touchlab:stately-iso-collections-jvm:2.1.0
|    |         |         +--- co.touchlab:stately-isolate:2.1.0
|    |         |         |    \--- co.touchlab:stately-isolate-jvm:2.1.0
|    |         |         |         +--- co.touchlab:stately-common:2.1.0
|    |         |         |         |    \--- co.touchlab:stately-common-jvm:2.1.0
|    |         |         |         |         \--- org.jetbrains.kotlin:kotlin-stdlib:1.9.23 -> 2.3.10 (*)
|    |         |         |         +--- co.touchlab:stately-concurrency:2.1.0
|    |         |         |         |    \--- co.touchlab:stately-concurrency-jvm:2.1.0
|    |         |         |         |         +--- org.jetbrains.kotlin:kotlin-stdlib:1.9.23 -> 2.3.10 (*)
|    |         |         |         |         \--- co.touchlab:stately-strict:2.1.0
|    |         |         |         |              \--- co.touchlab:stately-strict-jvm:2.1.0
|    |         |         |         |                   \--- org.jetbrains.kotlin:kotlin-stdlib:1.9.23 -> 2.3.10 (*)
|    |         |         |         \--- org.jetbrains.kotlin:kotlin-stdlib:1.9.23 -> 2.3.10 (*)
|    |         |         \--- org.jetbrains.kotlin:kotlin-stdlib:1.9.23 -> 2.3.10 (*)
|    |         \--- org.jetbrains.kotlinx:atomicfu:0.27.0
|    |              \--- org.jetbrains.kotlinx:atomicfu-jvm:0.27.0
|    |                   \--- org.jetbrains.kotlin:kotlin-stdlib:{prefer 2.1.0} -> 2.3.10 (*)
|    +--- io.netty:netty-bom:4.1.139.Final
|    |    +--- io.netty:netty-codec-http2:4.1.139.Final (c)
|    |    +--- io.netty:netty-handler-proxy:4.1.139.Final (c)
|    |    +--- io.netty:netty-resolver-dns:4.1.139.Final (c)
|    |    +--- io.netty:netty-codec-http:4.1.139.Final (c)
|    |    +--- io.netty:netty-handler:4.1.139.Final (c)
|    |    +--- io.netty:netty-transport:4.1.139.Final (c)
|    |    +--- io.netty:netty-common:4.1.139.Final (c)
|    |    +--- io.netty:netty-buffer:4.1.139.Final (c)
|    |    +--- io.netty:netty-codec:4.1.139.Final (c)
|    |    +--- io.netty:netty-codec-socks:4.1.139.Final (c)
|    |    +--- io.netty:netty-resolver:4.1.139.Final (c)
|    |    +--- io.netty:netty-codec-dns:4.1.139.Final (c)
|    |    \--- io.netty:netty-transport-native-unix-common:4.1.139.Final (c)
|    +--- com.eatthepath:pushy:0.15.4
|    |    +--- io.netty:netty-codec-http2:4.1.104.Final -> 4.1.139.Final
|    |    |    +--- io.netty:netty-common:4.1.139.Final
|    |    |    +--- io.netty:netty-buffer:4.1.139.Final
|    |    |    |    \--- io.netty:netty-common:4.1.139.Final
|    |    |    +--- io.netty:netty-transport:4.1.139.Final
|    |    |    |    +--- io.netty:netty-common:4.1.139.Final
|    |    |    |    +--- io.netty:netty-buffer:4.1.139.Final (*)
|    |    |    |    \--- io.netty:netty-resolver:4.1.139.Final
|    |    |    |         \--- io.netty:netty-common:4.1.139.Final
|    |    |    +--- io.netty:netty-codec:4.1.139.Final
|    |    |    |    +--- io.netty:netty-common:4.1.139.Final
|    |    |    |    +--- io.netty:netty-buffer:4.1.139.Final (*)
|    |    |    |    \--- io.netty:netty-transport:4.1.139.Final (*)
|    |    |    +--- io.netty:netty-handler:4.1.139.Final
|    |    |    |    +--- io.netty:netty-common:4.1.139.Final
|    |    |    |    +--- io.netty:netty-resolver:4.1.139.Final (*)
|    |    |    |    +--- io.netty:netty-buffer:4.1.139.Final (*)
|    |    |    |    +--- io.netty:netty-transport:4.1.139.Final (*)
|    |    |    |    +--- io.netty:netty-transport-native-unix-common:4.1.139.Final
|    |    |    |    |    +--- io.netty:netty-common:4.1.139.Final
|    |    |    |    |    +--- io.netty:netty-buffer:4.1.139.Final (*)
|    |    |    |    |    \--- io.netty:netty-transport:4.1.139.Final (*)
|    |    |    |    \--- io.netty:netty-codec:4.1.139.Final (*)
|    |    |    \--- io.netty:netty-codec-http:4.1.139.Final
|    |    |         +--- io.netty:netty-common:4.1.139.Final
|    |    |         +--- io.netty:netty-buffer:4.1.139.Final (*)
|    |    |         +--- io.netty:netty-transport:4.1.139.Final (*)
|    |    |         +--- io.netty:netty-codec:4.1.139.Final (*)
|    |    |         \--- io.netty:netty-handler:4.1.139.Final (*)
|    |    +--- io.netty:netty-handler-proxy:4.1.104.Final -> 4.1.139.Final
|    |    |    +--- io.netty:netty-common:4.1.139.Final
|    |    |    +--- io.netty:netty-buffer:4.1.139.Final (*)
|    |    |    +--- io.netty:netty-transport:4.1.139.Final (*)
|    |    |    +--- io.netty:netty-codec:4.1.139.Final (*)
|    |    |    +--- io.netty:netty-codec-socks:4.1.139.Final
|    |    |    |    +--- io.netty:netty-common:4.1.139.Final
|    |    |    |    +--- io.netty:netty-buffer:4.1.139.Final (*)
|    |    |    |    +--- io.netty:netty-transport:4.1.139.Final (*)
|    |    |    |    \--- io.netty:netty-codec:4.1.139.Final (*)
|    |    |    \--- io.netty:netty-codec-http:4.1.139.Final (*)
|    |    +--- io.netty:netty-resolver-dns:4.1.104.Final -> 4.1.139.Final
|    |    |    +--- io.netty:netty-common:4.1.139.Final
|    |    |    +--- io.netty:netty-buffer:4.1.139.Final (*)
|    |    |    +--- io.netty:netty-resolver:4.1.139.Final (*)
|    |    |    +--- io.netty:netty-transport:4.1.139.Final (*)
|    |    |    +--- io.netty:netty-codec:4.1.139.Final (*)
|    |    |    +--- io.netty:netty-codec-dns:4.1.139.Final
|    |    |    |    +--- io.netty:netty-common:4.1.139.Final
|    |    |    |    +--- io.netty:netty-buffer:4.1.139.Final (*)
|    |    |    |    +--- io.netty:netty-transport:4.1.139.Final (*)
|    |    |    |    \--- io.netty:netty-codec:4.1.139.Final (*)
|    |    |    \--- io.netty:netty-handler:4.1.139.Final (*)
|    |    +--- com.eatthepath:fast-uuid:0.2.0
|    |    \--- org.slf4j:slf4j-api:1.7.21 -> 2.0.16
|    +--- com.google.firebase:firebase-admin:9.4.3
|    |    +--- com.google.api-client:google-api-client:2.7.1
|    |    |    +--- commons-codec:commons-codec:1.17.1
|    |    |    +--- com.google.oauth-client:google-oauth-client:1.36.0
|    |    |    |    +--- com.google.http-client:google-http-client:1.43.3 -> 1.45.3
|    |    |    |    |    +--- org.apache.httpcomponents:httpclient:4.5.14
|    |    |    |    |    |    +--- org.apache.httpcomponents:httpcore:4.4.16
|    |    |    |    |    |    +--- commons-logging:commons-logging:1.2
|    |    |    |    |    |    \--- commons-codec:commons-codec:1.11 -> 1.17.1
|    |    |    |    |    +--- org.apache.httpcomponents:httpcore:4.4.16
|    |    |    |    |    +--- com.google.code.findbugs:jsr305:3.0.2
|    |    |    |    |    +--- com.google.errorprone:error_prone_annotations:2.36.0
|    |    |    |    |    +--- com.google.guava:guava:30.1.1-android -> 33.3.1-jre
|    |    |    |    |    |    +--- com.google.guava:failureaccess:1.0.2
|    |    |    |    |    |    +--- com.google.guava:listenablefuture:9999.0-empty-to-avoid-conflict-with-guava
|    |    |    |    |    |    +--- com.google.code.findbugs:jsr305:3.0.2
|    |    |    |    |    |    +--- org.checkerframework:checker-qual:3.43.0 -> 3.55.1
|    |    |    |    |    |    +--- com.google.errorprone:error_prone_annotations:2.28.0 -> 2.36.0
|    |    |    |    |    |    \--- com.google.j2objc:j2objc-annotations:3.0.0
|    |    |    |    |    +--- com.google.j2objc:j2objc-annotations:3.0.0
|    |    |    |    |    +--- io.grpc:grpc-context:1.69.0
|    |    |    |    |    |    \--- io.grpc:grpc-api:1.69.0
|    |    |    |    |    +--- io.opencensus:opencensus-api:0.31.1
|    |    |    |    |    |    \--- io.grpc:grpc-context:1.27.2 -> 1.69.0 (*)
|    |    |    |    |    \--- io.opencensus:opencensus-contrib-http-util:0.31.1
|    |    |    |    |         +--- io.opencensus:opencensus-api:0.31.1 (*)
|    |    |    |    |         \--- com.google.guava:guava:29.0-android -> 33.3.1-jre (*)
|    |    |    |    +--- com.google.http-client:google-http-client-gson:1.43.3 -> 1.45.3
|    |    |    |    |    +--- com.google.http-client:google-http-client:1.45.3 (*)
|    |    |    |    |    \--- com.google.code.gson:gson:2.11.0
|    |    |    |    \--- com.google.guava:guava:31.1-android -> 33.3.1-jre (*)
|    |    |    +--- com.google.auth:google-auth-library-credentials:1.30.0 -> 1.30.1
|    |    |    +--- com.google.auth:google-auth-library-oauth2-http:1.30.0 -> 1.30.1
|    |    |    |    +--- com.google.auto.value:auto-value-annotations:1.11.0
|    |    |    |    +--- com.google.code.findbugs:jsr305:3.0.2
|    |    |    |    +--- com.google.auth:google-auth-library-credentials:1.30.1
|    |    |    |    +--- com.google.http-client:google-http-client:1.45.2 -> 1.45.3 (*)
|    |    |    |    +--- com.google.http-client:google-http-client-gson:1.45.2 -> 1.45.3 (*)
|    |    |    |    +--- com.google.guava:guava:33.3.1-android -> 33.3.1-jre (*)
|    |    |    |    \--- com.google.errorprone:error_prone_annotations:2.36.0
|    |    |    +--- com.google.http-client:google-http-client-gson:1.45.2 -> 1.45.3 (*)
|    |    |    +--- com.google.guava:guava:33.1.0-jre -> 33.3.1-jre (*)
|    |    |    +--- com.google.http-client:google-http-client-apache-v2:1.45.2 -> 1.45.3
|    |    |    |    +--- com.google.http-client:google-http-client:1.45.3 (*)
|    |    |    |    +--- org.apache.httpcomponents:httpclient:4.5.14 (*)
|    |    |    |    \--- org.apache.httpcomponents:httpcore:4.4.16
|    |    |    +--- org.apache.httpcomponents:httpcore:4.4.16
|    |    |    +--- org.apache.httpcomponents:httpclient:4.5.14 (*)
|    |    |    \--- com.google.http-client:google-http-client:1.45.2 -> 1.45.3 (*)
|    |    +--- com.google.api-client:google-api-client-gson:2.7.1
|    |    |    +--- com.google.api-client:google-api-client:2.7.1 (*)
|    |    |    +--- com.google.http-client:google-http-client:1.45.2 -> 1.45.3 (*)
|    |    |    \--- com.google.http-client:google-http-client-gson:1.45.2 -> 1.45.3 (*)
|    |    +--- com.google.http-client:google-http-client:1.45.3 (*)
|    |    +--- com.google.api:api-common:2.42.0
|    |    |    +--- com.google.guava:guava:33.3.1-jre (*)
|    |    |    +--- com.google.auto.value:auto-value-annotations:1.11.0
|    |    |    +--- com.google.code.findbugs:jsr305:3.0.2
|    |    |    +--- javax.annotation:javax.annotation-api:1.3.2
|    |    |    +--- com.google.errorprone:error_prone_annotations:2.36.0
|    |    |    \--- com.google.j2objc:j2objc-annotations:3.0.0
|    |    +--- com.google.auth:google-auth-library-oauth2-http:1.30.1 (*)
|    |    +--- com.google.cloud:google-cloud-storage:2.46.0
|    |    |    +--- com.google.guava:guava:33.3.1-jre (*)
|    |    |    +--- com.google.guava:failureaccess:1.0.2
|    |    |    +--- com.google.guava:listenablefuture:9999.0-empty-to-avoid-conflict-with-guava
|    |    |    +--- com.google.errorprone:error_prone_annotations:2.36.0
|    |    |    +--- com.google.j2objc:j2objc-annotations:3.0.0
|    |    |    +--- com.google.http-client:google-http-client:1.45.3 (*)
|    |    |    +--- io.grpc:grpc-context:1.69.0 (*)
|    |    |    +--- io.opencensus:opencensus-contrib-http-util:0.31.1 (*)
|    |    |    +--- com.google.http-client:google-http-client-jackson2:1.45.3
|    |    |    +--- com.google.http-client:google-http-client-gson:1.45.3 (*)
|    |    |    +--- com.google.api-client:google-api-client:2.7.1 (*)
|    |    |    +--- commons-codec:commons-codec:1.17.1
|    |    |    +--- com.google.oauth-client:google-oauth-client:1.36.0 (*)
|    |    |    +--- com.google.http-client:google-http-client-apache-v2:1.45.3 (*)
|    |    |    +--- com.google.apis:google-api-services-storage:v1-rev20241206-2.0.0
|    |    |    +--- com.google.code.gson:gson:2.11.0
|    |    |    +--- com.google.cloud:google-cloud-core:2.49.0
|    |    |    +--- com.google.auto.value:auto-value-annotations:1.11.0
|    |    |    +--- com.google.cloud:google-cloud-core-http:2.49.0
|    |    |    +--- com.google.http-client:google-http-client-appengine:1.45.3
|    |    |    +--- com.google.api:gax-httpjson:2.59.0
|    |    |    +--- com.google.cloud:google-cloud-core-grpc:2.49.0
|    |    |    +--- com.google.api:gax:2.59.0
|    |    |    +--- com.google.api:gax-grpc:2.59.0
|    |    |    +--- io.grpc:grpc-inprocess:1.69.0
|    |    |    +--- io.grpc:grpc-alts:1.69.0
|    |    |    +--- io.grpc:grpc-grpclb:1.69.0
|    |    |    +--- org.conscrypt:conscrypt-openjdk-uber:2.5.2
|    |    |    +--- io.grpc:grpc-auth:1.69.0
|    |    |    +--- com.google.auth:google-auth-library-credentials:1.30.1
|    |    |    +--- com.google.auth:google-auth-library-oauth2-http:1.30.1 (*)
|    |    |    +--- com.google.api:api-common:2.42.0 (*)
|    |    |    +--- javax.annotation:javax.annotation-api:1.3.2
|    |    |    +--- io.opencensus:opencensus-api:0.31.1 (*)
|    |    |    +--- com.google.api.grpc:proto-google-iam-v1:1.45.0
|    |    |    +--- com.google.protobuf:protobuf-java:3.25.5
|    |    |    +--- com.google.protobuf:protobuf-java-util:3.25.5
|    |    |    +--- io.grpc:grpc-core:1.69.0
|    |    |    +--- com.google.android:annotations:4.1.1.4
|    |    |    +--- org.codehaus.mojo:animal-sniffer-annotations:1.24
|    |    |    +--- io.perfmark:perfmark-api:0.27.0
|    |    |    +--- io.grpc:grpc-protobuf:1.69.0
|    |    |    +--- io.grpc:grpc-protobuf-lite:1.69.0
|    |    |    +--- com.google.api.grpc:proto-google-common-protos:2.50.0
|    |    |    +--- org.threeten:threetenbp:1.7.0
|    |    |    +--- com.google.api.grpc:proto-google-cloud-storage-v2:2.46.0-beta
|    |    |    +--- com.google.api.grpc:grpc-google-cloud-storage-v2:2.46.0-beta
|    |    |    +--- com.google.api.grpc:gapic-google-cloud-storage-v2:2.46.0-beta
|    |    |    +--- io.opentelemetry:opentelemetry-sdk:1.45.0
|    |    |    |    +--- io.opentelemetry:opentelemetry-api:1.45.0
|    |    |    |    |    \--- io.opentelemetry:opentelemetry-context:1.45.0
|    |    |    |    +--- io.opentelemetry:opentelemetry-sdk-common:1.45.0
|    |    |    |    |    \--- io.opentelemetry:opentelemetry-api:1.45.0 (*)
|    |    |    |    +--- io.opentelemetry:opentelemetry-sdk-trace:1.45.0
|    |    |    |    |    +--- io.opentelemetry:opentelemetry-api-incubator:1.45.0-alpha
|    |    |    |    |    |    \--- io.opentelemetry:opentelemetry-api:1.45.0 (*)
|    |    |    |    |    +--- io.opentelemetry:opentelemetry-api:1.45.0 (*)
|    |    |    |    |    \--- io.opentelemetry:opentelemetry-sdk-common:1.45.0 (*)
|    |    |    |    +--- io.opentelemetry:opentelemetry-sdk-metrics:1.45.0
|    |    |    |    |    +--- io.opentelemetry:opentelemetry-api-incubator:1.45.0-alpha (*)
|    |    |    |    |    +--- io.opentelemetry:opentelemetry-api:1.45.0 (*)
|    |    |    |    |    \--- io.opentelemetry:opentelemetry-sdk-common:1.45.0 (*)
|    |    |    |    \--- io.opentelemetry:opentelemetry-sdk-logs:1.45.0
|    |    |    |         +--- io.opentelemetry:opentelemetry-api-incubator:1.45.0-alpha (*)
|    |    |    |         +--- io.opentelemetry:opentelemetry-api:1.45.0 (*)
|    |    |    |         \--- io.opentelemetry:opentelemetry-sdk-common:1.45.0 (*)
|    |    |    +--- io.opentelemetry:opentelemetry-sdk-trace:1.45.0 (*)
|    |    |    +--- io.opentelemetry:opentelemetry-sdk-logs:1.45.0 (*)
|    |    |    +--- io.grpc:grpc-opentelemetry:1.69.0
|    |    |    +--- io.opentelemetry:opentelemetry-api:1.45.0 (*)
|    |    |    +--- io.opentelemetry:opentelemetry-context:1.45.0
|    |    |    +--- io.opentelemetry:opentelemetry-sdk-metrics:1.45.0 (*)
|    |    |    +--- io.opentelemetry:opentelemetry-api-incubator:1.45.0-alpha (*)
|    |    |    +--- io.opentelemetry:opentelemetry-sdk-common:1.45.0 (*)
|    |    |    +--- io.opentelemetry:opentelemetry-sdk-extension-autoconfigure-spi:1.45.0
|    |    |    |    \--- io.opentelemetry:opentelemetry-sdk:1.45.0 (*)
|    |    |    +--- io.opentelemetry.semconv:opentelemetry-semconv:1.27.0-alpha
|    |    |    +--- com.google.cloud.opentelemetry:exporter-metrics:0.33.0
|    |    |    |    +--- com.google.cloud:libraries-bom:26.48.0
|    |    |    |    |    +--- com.google.auth:google-auth-library-credentials:1.27.0 -> 1.30.1 (c)
|    |    |    |    |    +--- com.google.auth:google-auth-library-oauth2-http:1.27.0 -> 1.30.1 (c)
|    |    |    |    |    +--- com.google.http-client:google-http-client:1.45.0 -> 1.45.3 (c)
|    |    |    |    |    +--- com.google.http-client:google-http-client-apache-v2:1.45.0 -> 1.45.3 (c)
|    |    |    |    |    +--- com.google.http-client:google-http-client-appengine:1.45.0 -> 1.45.3 (c)
|    |    |    |    |    +--- com.google.http-client:google-http-client-gson:1.45.0 -> 1.45.3 (c)
|    |    |    |    |    +--- com.google.http-client:google-http-client-jackson2:1.45.0 -> 1.45.3 (c)
|    |    |    |    |    +--- com.google.guava:guava:33.3.0-jre -> 33.3.1-jre (c)
|    |    |    |    |    +--- com.google.protobuf:protobuf-java:3.25.5 (c)
|    |    |    |    |    +--- com.google.protobuf:protobuf-java-util:3.25.5 (c)
|    |    |    |    |    +--- io.grpc:grpc-alts:1.68.0 -> 1.69.0 (c)
|    |    |    |    |    +--- io.grpc:grpc-api:1.68.0 -> 1.69.0 (c)
|    |    |    |    |    +--- io.grpc:grpc-auth:1.68.0 -> 1.69.0 (c)
|    |    |    |    |    +--- io.grpc:grpc-context:1.68.0 -> 1.69.0 (c)
|    |    |    |    |    +--- io.grpc:grpc-core:1.68.0 -> 1.69.0 (c)
|    |    |    |    |    +--- io.grpc:grpc-googleapis:1.68.0 -> 1.69.0 (c)
|    |    |    |    |    +--- io.grpc:grpc-grpclb:1.68.0 -> 1.69.0 (c)
|    |    |    |    |    +--- io.grpc:grpc-inprocess:1.68.0 -> 1.69.0 (c)
|    |    |    |    |    +--- io.grpc:grpc-netty-shaded:1.68.0 -> 1.69.0 (c)
|    |    |    |    |    +--- io.grpc:grpc-opentelemetry:1.68.0 -> 1.69.0 (c)
|    |    |    |    |    +--- io.grpc:grpc-protobuf:1.68.0 -> 1.69.0 (c)
|    |    |    |    |    +--- io.grpc:grpc-protobuf-lite:1.68.0 -> 1.69.0 (c)
|    |    |    |    |    +--- io.grpc:grpc-rls:1.68.0 -> 1.69.0 (c)
|    |    |    |    |    +--- io.grpc:grpc-services:1.68.0 -> 1.69.0 (c)
|    |    |    |    |    +--- io.grpc:grpc-stub:1.68.0 -> 1.69.0 (c)
|    |    |    |    |    +--- io.grpc:grpc-util:1.68.0 -> 1.69.0 (c)
|    |    |    |    |    +--- io.grpc:grpc-xds:1.68.0 -> 1.69.0 (c)
|    |    |    |    |    +--- com.google.api:gax:2.54.1 -> 2.59.0 (c)
|    |    |    |    |    +--- com.google.api:gax-grpc:2.54.1 -> 2.59.0 (c)
|    |    |    |    |    +--- com.google.api:gax-httpjson:2.54.1 -> 2.59.0 (c)
|    |    |    |    |    +--- com.google.code.gson:gson:2.11.0 (c)
|    |    |    |    |    +--- com.google.api:api-common:2.37.1 -> 2.42.0 (c)
|    |    |    |    |    +--- com.google.api.grpc:proto-google-common-protos:2.45.1 -> 2.50.0 (c)
|    |    |    |    |    +--- com.google.api.grpc:proto-google-iam-v1:1.40.1 -> 1.45.0 (c)
|    |    |    |    |    +--- com.google.cloud:google-cloud-core-grpc:2.44.1 -> 2.49.0 (c)
|    |    |    |    |    +--- com.google.cloud:google-cloud-core-http:2.44.1 -> 2.49.0 (c)
|    |    |    |    |    +--- com.google.oauth-client:google-oauth-client:1.36.0 (c)
|    |    |    |    |    +--- com.google.api-client:google-api-client:2.7.0 -> 2.7.1 (c)
|    |    |    |    |    +--- com.google.api-client:google-api-client-gson:2.7.0 -> 2.7.1 (c)
|    |    |    |    |    +--- com.google.api.grpc:proto-google-cloud-monitoring-v3:3.52.0 (c)
|    |    |    |    |    +--- com.google.cloud:google-cloud-firestore:3.26.5 -> 3.30.2 (c)
|    |    |    |    |    +--- com.google.api.grpc:proto-google-cloud-firestore-v1:3.26.5 -> 3.30.2 (c)
|    |    |    |    |    +--- com.google.cloud:proto-google-cloud-firestore-bundle-v1:3.26.5 -> 3.30.2 (c)
|    |    |    |    |    +--- com.google.cloud:google-cloud-storage:2.43.1 -> 2.46.0 (c)
|    |    |    |    |    +--- com.google.api.grpc:gapic-google-cloud-storage-v2:2.43.1-beta -> 2.46.0-beta (c)
|    |    |    |    |    +--- com.google.api.grpc:grpc-google-cloud-storage-v2:2.43.1-beta -> 2.46.0-beta (c)
|    |    |    |    |    \--- com.google.api.grpc:proto-google-cloud-storage-v2:2.43.1-beta -> 2.46.0-beta (c)
|    |    |    |    \--- io.opentelemetry:opentelemetry-bom:1.42.1
|    |    |    |         +--- io.opentelemetry:opentelemetry-context:1.42.1 -> 1.45.0 (c)
|    |    |    |         +--- io.opentelemetry:opentelemetry-exporter-common:1.42.1 -> 1.45.0 (c)
|    |    |    |         +--- io.opentelemetry:opentelemetry-extension-kotlin:1.42.1 -> 1.45.0 (c)
|    |    |    |         +--- io.opentelemetry:opentelemetry-sdk:1.42.1 -> 1.45.0 (c)
|    |    |    |         +--- io.opentelemetry:opentelemetry-sdk-common:1.42.1 -> 1.45.0 (c)
|    |    |    |         +--- io.opentelemetry:opentelemetry-sdk-logs:1.42.1 -> 1.45.0 (c)
|    |    |    |         +--- io.opentelemetry:opentelemetry-sdk-trace:1.42.1 -> 1.45.0 (c)
|    |    |    |         +--- io.opentelemetry:opentelemetry-sdk-extension-autoconfigure:1.42.1 -> 1.45.0 (c)
|    |    |    |         +--- io.opentelemetry:opentelemetry-sdk-extension-autoconfigure-spi:1.42.1 -> 1.45.0 (c)
|    |    |    |         +--- io.opentelemetry:opentelemetry-exporter-otlp:1.42.1 -> 1.45.0 (c)
|    |    |    |         +--- io.opentelemetry:opentelemetry-exporter-otlp-common:1.42.1 -> 1.45.0 (c)
|    |    |    |         \--- io.opentelemetry:opentelemetry-exporter-sender-okhttp:1.42.1 -> 1.45.0 (c)
|    |    |    +--- org.slf4j:slf4j-api:2.0.16
|    |    |    +--- com.google.cloud:google-cloud-monitoring:3.52.0
|    |    |    +--- com.google.api.grpc:proto-google-cloud-monitoring-v3:3.52.0
|    |    |    +--- com.google.cloud.opentelemetry:shared-resourcemapping:0.33.0
|    |    |    +--- io.opentelemetry.contrib:opentelemetry-gcp-resources:1.37.0-alpha
|    |    |    +--- com.google.cloud.opentelemetry:detector-resources-support:0.33.0
|    |    |    +--- org.checkerframework:checker-qual:3.48.3 -> 3.55.1
|    |    |    +--- com.fasterxml.jackson.core:jackson-core:2.18.2
|    |    |    |    \--- com.fasterxml.jackson:jackson-bom:2.18.2
|    |    |    |         +--- com.fasterxml.jackson.core:jackson-core:2.18.2 (c)
|    |    |    |         +--- com.fasterxml.jackson.core:jackson-databind:2.18.2 (c)
|    |    |    |         \--- com.fasterxml.jackson.core:jackson-annotations:2.18.2 (c)
|    |    |    +--- com.google.code.findbugs:jsr305:3.0.2
|    |    |    +--- io.grpc:grpc-api:1.69.0
|    |    |    +--- io.grpc:grpc-netty-shaded:1.69.0
|    |    |    +--- io.grpc:grpc-util:1.69.0
|    |    |    +--- io.grpc:grpc-stub:1.69.0
|    |    |    +--- io.grpc:grpc-googleapis:1.69.0
|    |    |    +--- io.grpc:grpc-xds:1.69.0
|    |    |    +--- io.grpc:grpc-services:1.69.0
|    |    |    +--- com.google.re2j:re2j:1.7
|    |    |    \--- io.grpc:grpc-rls:1.69.0
|    |    +--- com.google.cloud:google-cloud-firestore:3.30.2
|    |    |    +--- com.google.cloud:google-cloud-core-grpc:2.49.0
|    |    |    +--- com.google.http-client:google-http-client:1.45.3 (*)
|    |    |    +--- org.apache.httpcomponents:httpclient:4.5.14 (*)
|    |    |    +--- org.apache.httpcomponents:httpcore:4.4.16
|    |    |    +--- io.grpc:grpc-context:1.69.0 (*)
|    |    |    +--- io.opencensus:opencensus-contrib-http-util:0.31.1 (*)
|    |    |    +--- com.google.errorprone:error_prone_annotations:2.36.0
|    |    |    +--- com.google.api.grpc:proto-google-cloud-firestore-v1:3.30.2
|    |    |    |    +--- com.google.auto.value:auto-value-annotations:1.11.0
|    |    |    |    +--- com.google.code.findbugs:jsr305:3.0.2
|    |    |    |    +--- com.google.errorprone:error_prone_annotations:2.36.0
|    |    |    |    +--- com.google.j2objc:j2objc-annotations:3.0.0
|    |    |    |    +--- com.google.guava:failureaccess:1.0.2
|    |    |    |    +--- com.google.guava:listenablefuture:9999.0-empty-to-avoid-conflict-with-guava
|    |    |    |    \--- org.checkerframework:checker-qual:3.48.3 -> 3.55.1
|    |    |    +--- com.google.cloud:proto-google-cloud-firestore-bundle-v1:3.30.2
|    |    |    |    +--- com.google.api:api-common:2.42.0 (*)
|    |    |    |    +--- com.google.auto.value:auto-value-annotations:1.11.0
|    |    |    |    +--- com.google.code.findbugs:jsr305:3.0.2
|    |    |    |    +--- com.google.errorprone:error_prone_annotations:2.36.0
|    |    |    |    +--- com.google.j2objc:j2objc-annotations:3.0.0
|    |    |    |    +--- com.google.api.grpc:proto-google-common-protos:2.50.0
|    |    |    |    +--- com.google.guava:guava:33.3.1-jre (*)
|    |    |    |    +--- com.google.guava:failureaccess:1.0.2
|    |    |    |    +--- com.google.guava:listenablefuture:9999.0-empty-to-avoid-conflict-with-guava
|    |    |    |    \--- org.checkerframework:checker-qual:3.48.3 -> 3.55.1
|    |    |    +--- com.google.auto.value:auto-value-annotations:1.11.0
|    |    |    +--- com.google.code.findbugs:jsr305:3.0.2
|    |    |    +--- com.google.api:api-common:2.42.0 (*)
|    |    |    +--- com.google.j2objc:j2objc-annotations:3.0.0
|    |    |    +--- io.grpc:grpc-protobuf:1.69.0
|    |    |    +--- io.grpc:grpc-protobuf-lite:1.69.0
|    |    |    +--- com.google.protobuf:protobuf-java:3.25.5
|    |    |    +--- com.google.api.grpc:proto-google-common-protos:2.50.0
|    |    |    +--- com.google.api:gax:2.59.0
|    |    |    +--- io.opencensus:opencensus-api:0.31.1 (*)
|    |    |    +--- com.google.auth:google-auth-library-oauth2-http:1.30.1 (*)
|    |    |    +--- io.grpc:grpc-api:1.69.0
|    |    |    +--- com.google.api:gax-grpc:2.59.0
|    |    |    +--- io.grpc:grpc-inprocess:1.69.0
|    |    |    +--- io.grpc:grpc-core:1.69.0
|    |    |    +--- io.grpc:grpc-alts:1.69.0
|    |    |    +--- io.grpc:grpc-grpclb:1.69.0
|    |    |    +--- org.conscrypt:conscrypt-openjdk-uber:2.5.2
|    |    |    +--- io.grpc:grpc-auth:1.69.0
|    |    |    +--- io.grpc:grpc-netty-shaded:1.69.0
|    |    |    +--- io.grpc:grpc-util:1.69.0
|    |    |    +--- io.perfmark:perfmark-api:0.27.0
|    |    |    +--- io.grpc:grpc-googleapis:1.69.0
|    |    |    +--- io.grpc:grpc-xds:1.69.0
|    |    |    +--- com.google.api:gax-httpjson:2.59.0
|    |    |    +--- com.google.http-client:google-http-client-gson:1.45.3 (*)
|    |    |    +--- com.google.guava:guava:33.3.1-jre (*)
|    |    |    +--- com.google.guava:failureaccess:1.0.2
|    |    |    +--- com.google.guava:listenablefuture:9999.0-empty-to-avoid-conflict-with-guava
|    |    |    +--- org.checkerframework:checker-qual:3.48.3 -> 3.55.1
|    |    |    +--- org.threeten:threetenbp:1.7.0
|    |    |    +--- io.grpc:grpc-stub:1.69.0
|    |    |    +--- com.google.auth:google-auth-library-credentials:1.30.1
|    |    |    +--- com.google.cloud:google-cloud-core:2.49.0
|    |    |    +--- com.google.api.grpc:proto-google-iam-v1:1.45.0
|    |    |    +--- com.google.code.gson:gson:2.11.0
|    |    |    +--- com.google.protobuf:protobuf-java-util:3.25.5
|    |    |    +--- io.opentelemetry:opentelemetry-api:1.45.0 (*)
|    |    |    +--- io.opentelemetry:opentelemetry-context:1.45.0
|    |    |    +--- io.opentelemetry.instrumentation:opentelemetry-grpc-1.6:2.1.0-alpha
|    |    |    +--- io.opentelemetry.instrumentation:opentelemetry-instrumentation-api:2.1.0
|    |    |    +--- io.opentelemetry:opentelemetry-extension-incubator:1.35.0-alpha
|    |    |    +--- io.opentelemetry.instrumentation:opentelemetry-instrumentation-api-incubator:2.1.0-alpha
|    |    |    +--- io.opentelemetry:opentelemetry-sdk:1.45.0 (*)
|    |    |    +--- io.opentelemetry:opentelemetry-sdk-common:1.45.0 (*)
|    |    |    +--- io.opentelemetry:opentelemetry-sdk-trace:1.45.0 (*)
|    |    |    +--- io.opentelemetry:opentelemetry-sdk-logs:1.45.0 (*)
|    |    |    +--- io.opentelemetry:opentelemetry-sdk-metrics:1.45.0 (*)
|    |    |    +--- io.opentelemetry:opentelemetry-api-incubator:1.45.0-alpha (*)
|    |    |    +--- com.google.cloud.opentelemetry:exporter-metrics:0.33.0 (*)
|    |    |    +--- org.slf4j:slf4j-api:2.0.16
|    |    |    +--- com.google.cloud:google-cloud-monitoring:3.52.0
|    |    |    +--- com.google.api.grpc:proto-google-cloud-monitoring-v3:3.52.0
|    |    |    +--- com.google.android:annotations:4.1.1.4
|    |    |    +--- org.codehaus.mojo:animal-sniffer-annotations:1.24
|    |    |    +--- io.grpc:grpc-services:1.69.0
|    |    |    +--- com.google.re2j:re2j:1.7
|    |    |    +--- commons-codec:commons-codec:1.17.1
|    |    |    +--- com.google.cloud.opentelemetry:shared-resourcemapping:0.33.0
|    |    |    +--- io.opentelemetry.semconv:opentelemetry-semconv:1.27.0-alpha
|    |    |    \--- javax.annotation:javax.annotation-api:1.3.2
|    |    +--- com.google.guava:guava:33.3.1-jre (*)
|    |    +--- org.slf4j:slf4j-api:2.0.16
|    |    +--- io.netty:netty-codec-http:4.1.116.Final -> 4.1.139.Final (*)
|    |    +--- io.netty:netty-handler:4.1.116.Final -> 4.1.139.Final (*)
|    |    +--- io.netty:netty-transport:4.1.116.Final -> 4.1.139.Final (*)
|    |    \--- org.apache.httpcomponents.client5:httpclient5:5.3.1
|    |         +--- org.apache.httpcomponents.core5:httpcore5:5.2.4
|    |         +--- org.apache.httpcomponents.core5:httpcore5-h2:5.2.4
|    |         |    \--- org.apache.httpcomponents.core5:httpcore5:5.2.4
|    |         \--- org.slf4j:slf4j-api:1.7.36 -> 2.0.16
|    +--- com.interaso:webpush:1.1.0
|    |    \--- org.jetbrains.kotlin:kotlin-stdlib:1.9.22 -> 2.3.10 (*)
|    \--- org.postgresql:postgresql:42.7.14 (*)
+--- project :observability-server
|    +--- project :observability-api (*)
|    +--- project :server (*)
|    +--- io.micrometer:micrometer-registry-prometheus:1.10.3
|    |    +--- io.micrometer:micrometer-core:1.10.3 (*)
|    |    \--- io.prometheus:simpleclient_common:0.16.0
|    |         \--- io.prometheus:simpleclient:0.16.0
|    |              +--- io.prometheus:simpleclient_tracer_otel:0.16.0
|    |              |    \--- io.prometheus:simpleclient_tracer_common:0.16.0
|    |              \--- io.prometheus:simpleclient_tracer_otel_agent:0.16.0
|    |                   \--- io.prometheus:simpleclient_tracer_common:0.16.0
|    +--- io.opentelemetry:opentelemetry-api:1.45.0 (*)
|    +--- org.jetbrains.kotlin:kotlin-stdlib:2.3.10 (*)
|    +--- io.opentelemetry:opentelemetry-extension-kotlin:1.45.0
|    |    +--- org.jetbrains.kotlin:kotlin-bom:2.1.0
|    |    |    +--- org.jetbrains.kotlin:kotlin-stdlib:2.1.0 -> 2.3.10 (c)
|    |    |    +--- org.jetbrains.kotlin:kotlin-reflect:2.1.0 (c)
|    |    |    +--- org.jetbrains.kotlin:kotlin-stdlib-jdk8:2.1.0 (c)
|    |    |    +--- org.jetbrains.kotlin:kotlin-stdlib-jdk7:2.1.0 (c)
|    |    |    \--- org.jetbrains.kotlin:kotlin-stdlib-common:2.1.0 -> 2.3.10 (c)
|    |    +--- io.opentelemetry:opentelemetry-api:1.45.0 (*)
|    |    +--- org.jetbrains.kotlin:kotlin-stdlib:2.1.0 -> 2.3.10 (*)
|    |    \--- org.jetbrains.kotlin:kotlin-bom:2.1.0 (c)
|    +--- com.latenighthack.ktstore:ktstore-library:{strictly 0.2.0-fh.1698650f0e9502d006d3} -> 0.2.0-fh.1698650f0e9502d006d3 (*)
|    +--- org.slf4j:slf4j-api:2.0.13 -> 2.0.16
|    \--- org.jetbrains.kotlinx:kotlinx-coroutines-core:1.9.0 -> 1.10.1 (*)
+--- io.opentelemetry:opentelemetry-sdk-extension-autoconfigure:1.45.0
|    +--- io.opentelemetry:opentelemetry-api-incubator:1.45.0-alpha (*)
|    +--- io.opentelemetry:opentelemetry-sdk:1.45.0 (*)
|    \--- io.opentelemetry:opentelemetry-sdk-extension-autoconfigure-spi:1.45.0 (*)
+--- io.opentelemetry:opentelemetry-exporter-otlp:1.45.0
|    +--- io.opentelemetry:opentelemetry-exporter-otlp-common:1.45.0
|    |    +--- io.opentelemetry:opentelemetry-api-incubator:1.45.0-alpha (*)
|    |    \--- io.opentelemetry:opentelemetry-exporter-common:1.45.0
|    |         +--- io.opentelemetry:opentelemetry-api:1.45.0 (*)
|    |         \--- io.opentelemetry:opentelemetry-sdk-extension-autoconfigure-spi:1.45.0 (*)
|    +--- io.opentelemetry:opentelemetry-exporter-sender-okhttp:1.45.0
|    |    +--- io.opentelemetry:opentelemetry-exporter-common:1.45.0 (*)
|    |    +--- io.opentelemetry:opentelemetry-sdk-common:1.45.0 (*)
|    |    \--- com.squareup.okhttp3:okhttp:4.12.0 (*)
|    +--- io.opentelemetry:opentelemetry-sdk-extension-autoconfigure-spi:1.45.0 (*)
|    +--- io.opentelemetry:opentelemetry-sdk-trace:1.45.0 (*)
|    +--- io.opentelemetry:opentelemetry-sdk-metrics:1.45.0 (*)
|    \--- io.opentelemetry:opentelemetry-sdk-logs:1.45.0 (*)
+--- io.opentelemetry:opentelemetry-extension-kotlin:1.45.0 (*)
+--- me.tatarka.inject:kotlin-inject-runtime:0.7.1 (*)
+--- com.latenighthack.ktstore:ktstore-library:{strictly 0.2.0-fh.1698650f0e9502d006d3} -> 0.2.0-fh.1698650f0e9502d006d3 (*)
+--- org.jetbrains.kotlinx:kotlinx-coroutines-core:1.9.0 -> 1.10.1 (*)
+--- io.ktor:ktor-server-core:3.0.2 (*)
+--- io.ktor:ktor-server-cio:3.0.2 (*)
+--- io.ktor:ktor-server-websockets:3.0.2 (*)
+--- io.micrometer:micrometer-core:1.10.3 (*)
+--- io.micrometer:micrometer-registry-prometheus:1.10.3 (*)
+--- org.postgresql:postgresql:42.7.14 (*)
+--- ch.qos.logback:logback-classic:1.5.6
|    +--- ch.qos.logback:logback-core:1.5.6
|    \--- org.slf4j:slf4j-api:2.0.13 -> 2.0.16
\--- net.logstash.logback:logstash-logback-encoder:7.4
     \--- com.fasterxml.jackson.core:jackson-databind:2.15.2 -> 2.18.2
          +--- com.fasterxml.jackson.core:jackson-annotations:2.18.2
          |    \--- com.fasterxml.jackson:jackson-bom:2.18.2 (*)
          +--- com.fasterxml.jackson.core:jackson-core:2.18.2 (*)
          \--- com.fasterxml.jackson:jackson-bom:2.18.2 (*)

(c) - A dependency constraint, not a dependency. The dependency affected by the constraint occurs elsewhere in the tree.
(*) - Indicates repeated occurrences of a transitive dependency subtree. Gradle expands transitive dependency subtrees only once per project; repeat occurrences only display the root of the subtree, followed by this annotation.

A web-based, searchable dependency report is available by adding the --scan option.

[Incubating] Problems report is available at: file:///Users/mikeroberts/workspace/latenighthack/.worktrees/lockers-review-build/build/reports/problems/problems-report.html

Deprecated Gradle features were used in this build, making it incompatible with Gradle 10.

You can use '--warning-mode all' to show the individual deprecation warnings and determine if they come from your own scripts or plugins.

For more on this, please refer to https://docs.gradle.org/9.5.1/userguide/command_line_interface.html#sec:command_line_warnings in the Gradle documentation.

BUILD SUCCESSFUL in 33s
2 actionable tasks: 2 executed
Consider enabling configuration cache to speed up this build: https://docs.gradle.org/9.5.1/userguide/configuration_cache_enabling.html
