Type-safe project accessors is an incubating feature.
> Task :api:detekt

> Task :connector:detekt FAILED
/Users/mikeroberts/workspace/latenighthack/.worktrees/lockers-review-static-pass2/connector/src/jvmTest/kotlin/com/latenighthack/lockers/connector/test/ReviewExpiredRatchetTests.kt:289:9: The function a different source write reaching the exact expected key epoch remains source unknown is too long (61). The maximum length is 60. [LongMethod]
/Users/mikeroberts/workspace/latenighthack/.worktrees/lockers-review-static-pass2/connector/src/commonMain/kotlin/com/latenighthack/lockers/connector/internal/RatchetArchive.kt:83:16: Class 'RatchetArchive' with '11' functions detected. Defined threshold inside classes is set to '11' [TooManyFunctions]
/Users/mikeroberts/workspace/latenighthack/.worktrees/lockers-review-static-pass2/connector/src/commonMain/kotlin/com/latenighthack/lockers/connector/ProtocolRetry.kt:17:9: This condition is too complex (4). Defined complexity threshold for conditions is set to '4' [ComplexCondition]
/Users/mikeroberts/workspace/latenighthack/.worktrees/lockers-review-static-pass2/connector/src/commonMain/kotlin/com/latenighthack/lockers/connector/LockerClient.kt:543:25: The function hydrateRoom is too long (67). The maximum length is 60. [LongMethod]
/Users/mikeroberts/workspace/latenighthack/.worktrees/lockers-review-static-pass2/connector/src/commonMain/kotlin/com/latenighthack/lockers/connector/LockerClient.kt:543:25: The function hydrateRoom appears to be too complex based on Cyclomatic Complexity (complexity: 22). Defined complexity threshold for methods is set to '15' [CyclomaticComplexMethod]
/Users/mikeroberts/workspace/latenighthack/.worktrees/lockers-review-static-pass2/connector/src/commonMain/kotlin/com/latenighthack/lockers/connector/LockerClient.kt:1272:25: The function recoverRatchetAuthority appears to be too complex based on Cyclomatic Complexity (complexity: 26). Defined complexity threshold for methods is set to '15' [CyclomaticComplexMethod]
/Users/mikeroberts/workspace/latenighthack/.worktrees/lockers-review-static-pass2/connector/src/commonMain/kotlin/com/latenighthack/lockers/connector/LockerClient.kt:1292:21: This condition is too complex (5). Defined complexity threshold for conditions is set to '4' [ComplexCondition]
/Users/mikeroberts/workspace/latenighthack/.worktrees/lockers-review-static-pass2/connector/src/commonMain/kotlin/com/latenighthack/lockers/connector/Stream.kt:263:29: The constructor(rpcClient: RpcClient, subscriptionStore: SubscriptionStore, sessionStore: SessionStore, sessionIdSource: Flow<SessionId?>, log: KmLog, telemetry: LockersTelemetry, coroutineContext: kotlin.coroutines.CoroutineContext, connectionSource: StateFlow<StreamConnectionState>?, signRequest: (suspend (String, SessionId, ByteArray) -> SessionProof)?, supportsRevisions: (suspend () -> Boolean)?) has too many parameters. The current threshold is set to 7. [LongParameterList]
/Users/mikeroberts/workspace/latenighthack/.worktrees/lockers-review-static-pass2/connector/src/commonMain/kotlin/com/latenighthack/lockers/connector/Stream.kt:333:17: The function startWatchingSubscriptions is too long (128). The maximum length is 60. [LongMethod]
/Users/mikeroberts/workspace/latenighthack/.worktrees/lockers-review-static-pass2/connector/src/commonMain/kotlin/com/latenighthack/lockers/connector/Stream.kt:263:7: Class 'SubscriptionController' with '11' functions detected. Defined threshold inside classes is set to '11' [TooManyFunctions]
/Users/mikeroberts/workspace/latenighthack/.worktrees/lockers-review-static-pass2/connector/src/commonTest/kotlin/com/latenighthack/lockers/connector/PersistentMutationContract.kt:13:13: The function verifyPersistentConnectorMutations is too long (68). The maximum length is 60. [LongMethod]
/Users/mikeroberts/workspace/latenighthack/.worktrees/lockers-review-static-pass2/connector/src/commonTest/kotlin/com/latenighthack/lockers/connector/ArchiveMigrationContract.kt:12:13: The function verifyHistoricalConnectorMigration is too long (95). The maximum length is 60. [LongMethod]
/Users/mikeroberts/workspace/latenighthack/.worktrees/lockers-review-static-pass2/connector/src/commonTest/kotlin/com/latenighthack/lockers/connector/ArchiveMigrationContract.kt:12:13: The function verifyHistoricalConnectorMigration appears to be too complex based on Cyclomatic Complexity (complexity: 19). Defined complexity threshold for methods is set to '15' [CyclomaticComplexMethod]
/Users/mikeroberts/workspace/latenighthack/.worktrees/lockers-review-static-pass2/connector/src/jvmTest/kotlin/com/latenighthack/lockers/connector/test/ReviewPublicObservationIsolationTests.kt:21:59: This empty block of code can be removed. [EmptyFunctionBlock]
/Users/mikeroberts/workspace/latenighthack/.worktrees/lockers-review-static-pass2/connector/src/jvmTest/kotlin/com/latenighthack/lockers/connector/test/ReviewPublicObservationIsolationTests.kt:22:47: This empty block of code can be removed. [EmptyFunctionBlock]
/Users/mikeroberts/workspace/latenighthack/.worktrees/lockers-review-static-pass2/connector/src/commonMain/kotlin/com/latenighthack/lockers/connector/Stream.kt:344:16: The caught exception is too generic. Prefer catching specific exceptions to the case that is currently handled. [TooGenericExceptionCaught]
/Users/mikeroberts/workspace/latenighthack/.worktrees/lockers-review-static-pass2/connector/src/commonMain/kotlin/com/latenighthack/lockers/connector/Stream.kt:350:16: The caught exception is too generic. Prefer catching specific exceptions to the case that is currently handled. [TooGenericExceptionCaught]
/Users/mikeroberts/workspace/latenighthack/.worktrees/lockers-review-static-pass2/connector/src/commonMain/kotlin/com/latenighthack/lockers/connector/Stream.kt:396:28: The caught exception is too generic. Prefer catching specific exceptions to the case that is currently handled. [TooGenericExceptionCaught]
/Users/mikeroberts/workspace/latenighthack/.worktrees/lockers-review-static-pass2/connector/src/commonMain/kotlin/com/latenighthack/lockers/connector/Stream.kt:506:30: The caught exception is too generic. Prefer catching specific exceptions to the case that is currently handled. [TooGenericExceptionCaught]
/Users/mikeroberts/workspace/latenighthack/.worktrees/lockers-review-static-pass2/connector/src/commonMain/kotlin/com/latenighthack/lockers/connector/Stream.kt:527:20: The caught exception is too generic. Prefer catching specific exceptions to the case that is currently handled. [TooGenericExceptionCaught]
/Users/mikeroberts/workspace/latenighthack/.worktrees/lockers-review-static-pass2/connector/src/commonMain/kotlin/com/latenighthack/lockers/connector/Stream.kt:533:20: The caught exception is too generic. Prefer catching specific exceptions to the case that is currently handled. [TooGenericExceptionCaught]
/Users/mikeroberts/workspace/latenighthack/.worktrees/lockers-review-static-pass2/connector/src/commonMain/kotlin/com/latenighthack/lockers/connector/Stream.kt:507:29: Instead of catching for a general exception type and checking for a specific exception type, use multiple catch blocks. [InstanceOfCheckForException]
/Users/mikeroberts/workspace/latenighthack/.worktrees/lockers-review-static-pass2/connector/src/commonMain/kotlin/com/latenighthack/lockers/connector/Stream.kt:507:65: Instead of catching for a general exception type and checking for a specific exception type, use multiple catch blocks. [InstanceOfCheckForException]
/Users/mikeroberts/workspace/latenighthack/.worktrees/lockers-review-static-pass2/connector/src/jsTest/kotlin/com/latenighthack/lockers/connector/BrowserStorageContractTest.kt:16:1: Line detected, which is longer than the defined maximum line length in the code style. [MaxLineLength]
/Users/mikeroberts/workspace/latenighthack/.worktrees/lockers-review-static-pass2/connector/src/jvmTest/kotlin/com/latenighthack/lockers/connector/test/ReviewSubscriptionFailureTests.kt:3:1: com.latenighthack.ktbuf.net.* is a wildcard import. Replace it with fully qualified imports. [WildcardImport]
/Users/mikeroberts/workspace/latenighthack/.worktrees/lockers-review-static-pass2/connector/src/jvmTest/kotlin/com/latenighthack/lockers/connector/test/ReviewSubscriptionFailureTests.kt:5:1: com.latenighthack.ktstore.* is a wildcard import. Replace it with fully qualified imports. [WildcardImport]
/Users/mikeroberts/workspace/latenighthack/.worktrees/lockers-review-static-pass2/connector/src/jvmTest/kotlin/com/latenighthack/lockers/connector/test/ReviewSubscriptionFailureTests.kt:6:1: com.latenighthack.lockers.common.v1.* is a wildcard import. Replace it with fully qualified imports. [WildcardImport]
/Users/mikeroberts/workspace/latenighthack/.worktrees/lockers-review-static-pass2/connector/src/jvmTest/kotlin/com/latenighthack/lockers/connector/test/ReviewSubscriptionFailureTests.kt:7:1: com.latenighthack.lockers.connector.* is a wildcard import. Replace it with fully qualified imports. [WildcardImport]
/Users/mikeroberts/workspace/latenighthack/.worktrees/lockers-review-static-pass2/connector/src/jvmTest/kotlin/com/latenighthack/lockers/connector/test/ReviewSubscriptionFailureTests.kt:8:1: com.latenighthack.lockers.room.v1.* is a wildcard import. Replace it with fully qualified imports. [WildcardImport]
/Users/mikeroberts/workspace/latenighthack/.worktrees/lockers-review-static-pass2/connector/src/jvmTest/kotlin/com/latenighthack/lockers/connector/test/ReviewSubscriptionFailureTests.kt:10:1: kotlinx.coroutines.* is a wildcard import. Replace it with fully qualified imports. [WildcardImport]
/Users/mikeroberts/workspace/latenighthack/.worktrees/lockers-review-static-pass2/connector/src/jvmTest/kotlin/com/latenighthack/lockers/connector/test/ReviewSubscriptionFailureTests.kt:14:1: kotlin.test.* is a wildcard import. Replace it with fully qualified imports. [WildcardImport]
/Users/mikeroberts/workspace/latenighthack/.worktrees/lockers-review-static-pass2/connector/src/jvmTest/kotlin/com/latenighthack/lockers/connector/test/ReviewSubscriptionFailureTests.kt:17:1: Line detected, which is longer than the defined maximum line length in the code style. [MaxLineLength]
/Users/mikeroberts/workspace/latenighthack/.worktrees/lockers-review-static-pass2/connector/src/jvmTest/kotlin/com/latenighthack/lockers/connector/test/ReviewSubscriptionFailureTests.kt:20:1: Line detected, which is longer than the defined maximum line length in the code style. [MaxLineLength]
/Users/mikeroberts/workspace/latenighthack/.worktrees/lockers-review-static-pass2/connector/src/jvmTest/kotlin/com/latenighthack/lockers/connector/test/ReviewSubscriptionFailureTests.kt:45:1: Line detected, which is longer than the defined maximum line length in the code style. [MaxLineLength]
/Users/mikeroberts/workspace/latenighthack/.worktrees/lockers-review-static-pass2/connector/src/jvmTest/kotlin/com/latenighthack/lockers/connector/test/ReviewSubscriptionFailureTests.kt:48:1: Line detected, which is longer than the defined maximum line length in the code style. [MaxLineLength]
/Users/mikeroberts/workspace/latenighthack/.worktrees/lockers-review-static-pass2/connector/src/jvmTest/kotlin/com/latenighthack/lockers/connector/test/ReviewSubscriptionFailureTests.kt:49:1: Line detected, which is longer than the defined maximum line length in the code style. [MaxLineLength]
/Users/mikeroberts/workspace/latenighthack/.worktrees/lockers-review-static-pass2/connector/src/jvmTest/kotlin/com/latenighthack/lockers/connector/test/ReviewSubscriptionFailureTests.kt:52:1: Line detected, which is longer than the defined maximum line length in the code style. [MaxLineLength]
/Users/mikeroberts/workspace/latenighthack/.worktrees/lockers-review-static-pass2/connector/src/jvmTest/kotlin/com/latenighthack/lockers/connector/test/ReviewSubscriptionFailureTests.kt:55:1: Line detected, which is longer than the defined maximum line length in the code style. [MaxLineLength]
/Users/mikeroberts/workspace/latenighthack/.worktrees/lockers-review-static-pass2/connector/src/jvmTest/kotlin/com/latenighthack/lockers/connector/test/ReviewSubscriptionFailureTests.kt:65:1: Line detected, which is longer than the defined maximum line length in the code style. [MaxLineLength]
/Users/mikeroberts/workspace/latenighthack/.worktrees/lockers-review-static-pass2/connector/src/jvmTest/kotlin/com/latenighthack/lockers/connector/test/ReviewSubscriptionFailureTests.kt:71:1: Line detected, which is longer than the defined maximum line length in the code style. [MaxLineLength]
/Users/mikeroberts/workspace/latenighthack/.worktrees/lockers-review-static-pass2/connector/src/jvmTest/kotlin/com/latenighthack/lockers/connector/test/ReviewSubscriptionFailureTests.kt:84:1: Line detected, which is longer than the defined maximum line length in the code style. [MaxLineLength]
/Users/mikeroberts/workspace/latenighthack/.worktrees/lockers-review-static-pass2/connector/src/jvmTest/kotlin/com/latenighthack/lockers/connector/test/ReviewSubscriptionFailureTests.kt:85:1: Line detected, which is longer than the defined maximum line length in the code style. [MaxLineLength]
/Users/mikeroberts/workspace/latenighthack/.worktrees/lockers-review-static-pass2/connector/src/jvmTest/kotlin/com/latenighthack/lockers/connector/test/ReviewSubscriptionFailureTests.kt:88:1: Line detected, which is longer than the defined maximum line length in the code style. [MaxLineLength]
/Users/mikeroberts/workspace/latenighthack/.worktrees/lockers-review-static-pass2/connector/src/jvmTest/kotlin/com/latenighthack/lockers/connector/test/ReviewSubscriptionFailureTests.kt:98:1: Line detected, which is longer than the defined maximum line length in the code style. [MaxLineLength]
/Users/mikeroberts/workspace/latenighthack/.worktrees/lockers-review-static-pass2/connector/src/jvmTest/kotlin/com/latenighthack/lockers/connector/test/ReviewSubscriptionFailureTests.kt:103:1: Line detected, which is longer than the defined maximum line length in the code style. [MaxLineLength]
/Users/mikeroberts/workspace/latenighthack/.worktrees/lockers-review-static-pass2/connector/src/jvmTest/kotlin/com/latenighthack/lockers/connector/test/ReviewSubscriptionFailureTests.kt:105:1: Line detected, which is longer than the defined maximum line length in the code style. [MaxLineLength]
/Users/mikeroberts/workspace/latenighthack/.worktrees/lockers-review-static-pass2/connector/src/jvmTest/kotlin/com/latenighthack/lockers/connector/test/ReviewSubscriptionFailureTests.kt:114:1: Line detected, which is longer than the defined maximum line length in the code style. [MaxLineLength]
/Users/mikeroberts/workspace/latenighthack/.worktrees/lockers-review-static-pass2/connector/src/jvmTest/kotlin/com/latenighthack/lockers/connector/test/ReviewSubscriptionFailureTests.kt:119:1: Line detected, which is longer than the defined maximum line length in the code style. [MaxLineLength]
/Users/mikeroberts/workspace/latenighthack/.worktrees/lockers-review-static-pass2/connector/src/jvmTest/kotlin/com/latenighthack/lockers/connector/test/ReviewSubscriptionFailureTests.kt:128:1: Line detected, which is longer than the defined maximum line length in the code style. [MaxLineLength]
/Users/mikeroberts/workspace/latenighthack/.worktrees/lockers-review-static-pass2/connector/src/jvmTest/kotlin/com/latenighthack/lockers/connector/test/ReviewSubscriptionFailureTests.kt:147:1: Line detected, which is longer than the defined maximum line length in the code style. [MaxLineLength]
/Users/mikeroberts/workspace/latenighthack/.worktrees/lockers-review-static-pass2/connector/src/jvmTest/kotlin/com/latenighthack/lockers/connector/test/ReviewSubscriptionFailureTests.kt:151:1: Line detected, which is longer than the defined maximum line length in the code style. [MaxLineLength]
/Users/mikeroberts/workspace/latenighthack/.worktrees/lockers-review-static-pass2/connector/src/jvmTest/kotlin/com/latenighthack/lockers/connector/test/ReviewSubscriptionFailureTests.kt:152:1: Line detected, which is longer than the defined maximum line length in the code style. [MaxLineLength]
/Users/mikeroberts/workspace/latenighthack/.worktrees/lockers-review-static-pass2/connector/src/jvmTest/kotlin/com/latenighthack/lockers/connector/test/ReviewSubscriptionFailureTests.kt:154:1: Line detected, which is longer than the defined maximum line length in the code style. [MaxLineLength]
/Users/mikeroberts/workspace/latenighthack/.worktrees/lockers-review-static-pass2/connector/src/jvmTest/kotlin/com/latenighthack/lockers/connector/test/ReviewSubscriptionFailureTests.kt:158:1: Line detected, which is longer than the defined maximum line length in the code style. [MaxLineLength]
/Users/mikeroberts/workspace/latenighthack/.worktrees/lockers-review-static-pass2/connector/src/jvmTest/kotlin/com/latenighthack/lockers/connector/test/ReviewSubscriptionFailureTests.kt:171:1: Line detected, which is longer than the defined maximum line length in the code style. [MaxLineLength]
/Users/mikeroberts/workspace/latenighthack/.worktrees/lockers-review-static-pass2/connector/src/jvmTest/kotlin/com/latenighthack/lockers/connector/test/ReviewSubscriptionFailureTests.kt:175:1: Line detected, which is longer than the defined maximum line length in the code style. [MaxLineLength]
/Users/mikeroberts/workspace/latenighthack/.worktrees/lockers-review-static-pass2/connector/src/jvmTest/kotlin/com/latenighthack/lockers/connector/test/ReviewSubscriptionFailureTests.kt:180:1: Line detected, which is longer than the defined maximum line length in the code style. [MaxLineLength]
/Users/mikeroberts/workspace/latenighthack/.worktrees/lockers-review-static-pass2/connector/src/jvmTest/kotlin/com/latenighthack/lockers/connector/test/ReviewSubscriptionFailureTests.kt:187:1: Line detected, which is longer than the defined maximum line length in the code style. [MaxLineLength]
/Users/mikeroberts/workspace/latenighthack/.worktrees/lockers-review-static-pass2/connector/src/jvmTest/kotlin/com/latenighthack/lockers/connector/test/ReviewSubscriptionFailureTests.kt:197:1: Line detected, which is longer than the defined maximum line length in the code style. [MaxLineLength]
/Users/mikeroberts/workspace/latenighthack/.worktrees/lockers-review-static-pass2/connector/src/jvmTest/kotlin/com/latenighthack/lockers/connector/test/ReviewSubscriptionFailureTests.kt:200:1: Line detected, which is longer than the defined maximum line length in the code style. [MaxLineLength]
/Users/mikeroberts/workspace/latenighthack/.worktrees/lockers-review-static-pass2/connector/src/jvmTest/kotlin/com/latenighthack/lockers/connector/test/ReviewSubscriptionFailureTests.kt:202:1: Line detected, which is longer than the defined maximum line length in the code style. [MaxLineLength]
/Users/mikeroberts/workspace/latenighthack/.worktrees/lockers-review-static-pass2/connector/src/jvmTest/kotlin/com/latenighthack/lockers/connector/test/ReviewSubscriptionFailureTests.kt:207:1: Line detected, which is longer than the defined maximum line length in the code style. [MaxLineLength]
/Users/mikeroberts/workspace/latenighthack/.worktrees/lockers-review-static-pass2/connector/src/jvmTest/kotlin/com/latenighthack/lockers/connector/test/ReviewSubscriptionFailureTests.kt:209:1: Line detected, which is longer than the defined maximum line length in the code style. [MaxLineLength]
/Users/mikeroberts/workspace/latenighthack/.worktrees/lockers-review-static-pass2/connector/src/jvmTest/kotlin/com/latenighthack/lockers/connector/test/ReviewSubscriptionFailureTests.kt:213:1: Line detected, which is longer than the defined maximum line length in the code style. [MaxLineLength]
/Users/mikeroberts/workspace/latenighthack/.worktrees/lockers-review-static-pass2/connector/src/jvmTest/kotlin/com/latenighthack/lockers/connector/test/ReviewSubscriptionFailureTests.kt:218:1: Line detected, which is longer than the defined maximum line length in the code style. [MaxLineLength]
/Users/mikeroberts/workspace/latenighthack/.worktrees/lockers-review-static-pass2/connector/src/jvmTest/kotlin/com/latenighthack/lockers/connector/test/ReviewSubscriptionFailureTests.kt:219:1: Line detected, which is longer than the defined maximum line length in the code style. [MaxLineLength]
/Users/mikeroberts/workspace/latenighthack/.worktrees/lockers-review-static-pass2/connector/src/jvmTest/kotlin/com/latenighthack/lockers/connector/test/ReviewSubscriptionFailureTests.kt:223:1: Line detected, which is longer than the defined maximum line length in the code style. [MaxLineLength]
/Users/mikeroberts/workspace/latenighthack/.worktrees/lockers-review-static-pass2/connector/src/jvmTest/kotlin/com/latenighthack/lockers/connector/test/ReviewSubscriptionFailureTests.kt:225:1: Line detected, which is longer than the defined maximum line length in the code style. [MaxLineLength]
/Users/mikeroberts/workspace/latenighthack/.worktrees/lockers-review-static-pass2/connector/src/jvmTest/kotlin/com/latenighthack/lockers/connector/test/ReviewSubscriptionFailureTests.kt:228:1: Line detected, which is longer than the defined maximum line length in the code style. [MaxLineLength]
/Users/mikeroberts/workspace/latenighthack/.worktrees/lockers-review-static-pass2/connector/src/jvmTest/kotlin/com/latenighthack/lockers/connector/test/ReviewSubscriptionFailureTests.kt:232:1: Line detected, which is longer than the defined maximum line length in the code style. [MaxLineLength]
/Users/mikeroberts/workspace/latenighthack/.worktrees/lockers-review-static-pass2/connector/src/jvmTest/kotlin/com/latenighthack/lockers/connector/test/ReviewSubscriptionFailureTests.kt:238:1: Line detected, which is longer than the defined maximum line length in the code style. [MaxLineLength]
/Users/mikeroberts/workspace/latenighthack/.worktrees/lockers-review-static-pass2/connector/src/jvmTest/kotlin/com/latenighthack/lockers/connector/test/ReviewSubscriptionFailureTests.kt:240:1: Line detected, which is longer than the defined maximum line length in the code style. [MaxLineLength]
/Users/mikeroberts/workspace/latenighthack/.worktrees/lockers-review-static-pass2/connector/src/jvmTest/kotlin/com/latenighthack/lockers/connector/test/ReviewSubscriptionFailureTests.kt:248:1: Line detected, which is longer than the defined maximum line length in the code style. [MaxLineLength]
/Users/mikeroberts/workspace/latenighthack/.worktrees/lockers-review-static-pass2/connector/src/jvmTest/kotlin/com/latenighthack/lockers/connector/test/ReviewSubscriptionFailureTests.kt:250:1: Line detected, which is longer than the defined maximum line length in the code style. [MaxLineLength]
/Users/mikeroberts/workspace/latenighthack/.worktrees/lockers-review-static-pass2/connector/src/jvmTest/kotlin/com/latenighthack/lockers/connector/test/ReviewSubscriptionFailureTests.kt:263:1: Line detected, which is longer than the defined maximum line length in the code style. [MaxLineLength]
/Users/mikeroberts/workspace/latenighthack/.worktrees/lockers-review-static-pass2/connector/src/jvmTest/kotlin/com/latenighthack/lockers/connector/test/ReviewSubscriptionFailureTests.kt:268:1: Line detected, which is longer than the defined maximum line length in the code style. [MaxLineLength]
/Users/mikeroberts/workspace/latenighthack/.worktrees/lockers-review-static-pass2/connector/src/jvmTest/kotlin/com/latenighthack/lockers/connector/test/ReviewPushControllerTests.kt:4:1: com.latenighthack.ktbuf.* is a wildcard import. Replace it with fully qualified imports. [WildcardImport]
/Users/mikeroberts/workspace/latenighthack/.worktrees/lockers-review-static-pass2/connector/src/jvmTest/kotlin/com/latenighthack/lockers/connector/test/ReviewPushControllerTests.kt:116:1: Line detected, which is longer than the defined maximum line length in the code style. [MaxLineLength]
/Users/mikeroberts/workspace/latenighthack/.worktrees/lockers-review-static-pass2/connector/src/jvmTest/kotlin/com/latenighthack/lockers/connector/test/ReviewRatchetArchiveOrderingTests.kt:3:1: com.latenighthack.ktcrypto.* is a wildcard import. Replace it with fully qualified imports. [WildcardImport]
/Users/mikeroberts/workspace/latenighthack/.worktrees/lockers-review-static-pass2/connector/src/jvmTest/kotlin/com/latenighthack/lockers/connector/test/ReviewRatchetArchiveOrderingTests.kt:4:1: com.latenighthack.lockers.common.v1.* is a wildcard import. Replace it with fully qualified imports. [WildcardImport]
/Users/mikeroberts/workspace/latenighthack/.worktrees/lockers-review-static-pass2/connector/src/jvmTest/kotlin/com/latenighthack/lockers/connector/test/ReviewRatchetArchiveOrderingTests.kt:5:1: com.latenighthack.lockers.connector.* is a wildcard import. Replace it with fully qualified imports. [WildcardImport]
/Users/mikeroberts/workspace/latenighthack/.worktrees/lockers-review-static-pass2/connector/src/jvmTest/kotlin/com/latenighthack/lockers/connector/test/ReviewRatchetArchiveOrderingTests.kt:6:1: com.latenighthack.lockers.connector.internal.* is a wildcard import. Replace it with fully qualified imports. [WildcardImport]
/Users/mikeroberts/workspace/latenighthack/.worktrees/lockers-review-static-pass2/connector/src/jvmTest/kotlin/com/latenighthack/lockers/connector/test/ReviewRatchetArchiveOrderingTests.kt:7:1: com.latenighthack.lockers.room.v1.* is a wildcard import. Replace it with fully qualified imports. [WildcardImport]
/Users/mikeroberts/workspace/latenighthack/.worktrees/lockers-review-static-pass2/connector/src/jvmTest/kotlin/com/latenighthack/lockers/connector/test/ReviewRatchetArchiveOrderingTests.kt:9:1: kotlin.test.* is a wildcard import. Replace it with fully qualified imports. [WildcardImport]
/Users/mikeroberts/workspace/latenighthack/.worktrees/lockers-review-static-pass2/connector/src/jvmTest/kotlin/com/latenighthack/lockers/connector/test/ReviewRatchetArchiveOrderingTests.kt:18:1: Line detected, which is longer than the defined maximum line length in the code style. [MaxLineLength]
/Users/mikeroberts/workspace/latenighthack/.worktrees/lockers-review-static-pass2/connector/src/jvmTest/kotlin/com/latenighthack/lockers/connector/test/ReviewRatchetAdoptionTests.kt:27:1: Line detected, which is longer than the defined maximum line length in the code style. [MaxLineLength]
/Users/mikeroberts/workspace/latenighthack/.worktrees/lockers-review-static-pass2/connector/src/jvmTest/kotlin/com/latenighthack/lockers/connector/test/ReviewRatchetAdoptionTests.kt:31:1: Line detected, which is longer than the defined maximum line length in the code style. [MaxLineLength]
/Users/mikeroberts/workspace/latenighthack/.worktrees/lockers-review-static-pass2/connector/src/jvmTest/kotlin/com/latenighthack/lockers/connector/test/SubscriptionRecoveryTests.kt:38:1: Line detected, which is longer than the defined maximum line length in the code style. [MaxLineLength]
/Users/mikeroberts/workspace/latenighthack/.worktrees/lockers-review-static-pass2/connector/src/jvmTest/kotlin/com/latenighthack/lockers/connector/test/SubscriptionRecoveryTests.kt:68:1: Line detected, which is longer than the defined maximum line length in the code style. [MaxLineLength]
/Users/mikeroberts/workspace/latenighthack/.worktrees/lockers-review-static-pass2/connector/src/jvmTest/kotlin/com/latenighthack/lockers/connector/test/ReviewSubscriptionRevisionPersistenceTests.kt:3:1: com.latenighthack.ktstore.* is a wildcard import. Replace it with fully qualified imports. [WildcardImport]
/Users/mikeroberts/workspace/latenighthack/.worktrees/lockers-review-static-pass2/connector/src/jvmTest/kotlin/com/latenighthack/lockers/connector/test/ReviewSubscriptionRevisionPersistenceTests.kt:4:1: com.latenighthack.lockers.common.v1.* is a wildcard import. Replace it with fully qualified imports. [WildcardImport]
/Users/mikeroberts/workspace/latenighthack/.worktrees/lockers-review-static-pass2/connector/src/jvmTest/kotlin/com/latenighthack/lockers/connector/test/ReviewSubscriptionRevisionPersistenceTests.kt:5:1: com.latenighthack.lockers.connector.* is a wildcard import. Replace it with fully qualified imports. [WildcardImport]
/Users/mikeroberts/workspace/latenighthack/.worktrees/lockers-review-static-pass2/connector/src/jvmTest/kotlin/com/latenighthack/lockers/connector/test/ReviewSubscriptionRevisionPersistenceTests.kt:6:1: com.latenighthack.lockers.connector.storage.v1.* is a wildcard import. Replace it with fully qualified imports. [WildcardImport]
/Users/mikeroberts/workspace/latenighthack/.worktrees/lockers-review-static-pass2/connector/src/jvmTest/kotlin/com/latenighthack/lockers/connector/test/ReviewSubscriptionRevisionPersistenceTests.kt:9:1: kotlin.test.* is a wildcard import. Replace it with fully qualified imports. [WildcardImport]
/Users/mikeroberts/workspace/latenighthack/.worktrees/lockers-review-static-pass2/connector/src/jvmTest/kotlin/com/latenighthack/lockers/connector/test/ReviewSubscriptionRevisionPersistenceTests.kt:12:1: Line detected, which is longer than the defined maximum line length in the code style. [MaxLineLength]
/Users/mikeroberts/workspace/latenighthack/.worktrees/lockers-review-static-pass2/connector/src/jvmTest/kotlin/com/latenighthack/lockers/connector/test/ReviewSubscriptionRevisionPersistenceTests.kt:15:1: Line detected, which is longer than the defined maximum line length in the code style. [MaxLineLength]
/Users/mikeroberts/workspace/latenighthack/.worktrees/lockers-review-static-pass2/connector/src/jvmTest/kotlin/com/latenighthack/lockers/connector/test/ReviewSubscriptionRevisionPersistenceTests.kt:28:1: Line detected, which is longer than the defined maximum line length in the code style. [MaxLineLength]
/Users/mikeroberts/workspace/latenighthack/.worktrees/lockers-review-static-pass2/connector/src/jvmTest/kotlin/com/latenighthack/lockers/connector/test/ReviewSubscriptionRevisionPersistenceTests.kt:30:1: Line detected, which is longer than the defined maximum line length in the code style. [MaxLineLength]
/Users/mikeroberts/workspace/latenighthack/.worktrees/lockers-review-static-pass2/connector/src/jvmTest/kotlin/com/latenighthack/lockers/connector/test/ReviewSubscriptionRevisionPersistenceTests.kt:33:1: Line detected, which is longer than the defined maximum line length in the code style. [MaxLineLength]
/Users/mikeroberts/workspace/latenighthack/.worktrees/lockers-review-static-pass2/connector/src/jvmTest/kotlin/com/latenighthack/lockers/connector/test/ReviewExpiredRatchetTests.kt:64:1: Line detected, which is longer than the defined maximum line length in the code style. [MaxLineLength]
/Users/mikeroberts/workspace/latenighthack/.worktrees/lockers-review-static-pass2/connector/src/jvmTest/kotlin/com/latenighthack/lockers/connector/test/ReviewExpiredRatchetTests.kt:65:1: Line detected, which is longer than the defined maximum line length in the code style. [MaxLineLength]
/Users/mikeroberts/workspace/latenighthack/.worktrees/lockers-review-static-pass2/connector/src/jvmTest/kotlin/com/latenighthack/lockers/connector/test/ReviewExpiredRatchetTests.kt:71:1: Line detected, which is longer than the defined maximum line length in the code style. [MaxLineLength]
/Users/mikeroberts/workspace/latenighthack/.worktrees/lockers-review-static-pass2/connector/src/jvmTest/kotlin/com/latenighthack/lockers/connector/test/ReviewExpiredRatchetTests.kt:73:1: Line detected, which is longer than the defined maximum line length in the code style. [MaxLineLength]
/Users/mikeroberts/workspace/latenighthack/.worktrees/lockers-review-static-pass2/connector/src/jvmTest/kotlin/com/latenighthack/lockers/connector/test/ReviewExpiredRatchetTests.kt:81:1: Line detected, which is longer than the defined maximum line length in the code style. [MaxLineLength]
/Users/mikeroberts/workspace/latenighthack/.worktrees/lockers-review-static-pass2/connector/src/jvmTest/kotlin/com/latenighthack/lockers/connector/test/ReviewExpiredRatchetTests.kt:158:1: Line detected, which is longer than the defined maximum line length in the code style. [MaxLineLength]
/Users/mikeroberts/workspace/latenighthack/.worktrees/lockers-review-static-pass2/connector/src/jvmTest/kotlin/com/latenighthack/lockers/connector/test/ReviewExpiredRatchetTests.kt:159:1: Line detected, which is longer than the defined maximum line length in the code style. [MaxLineLength]
/Users/mikeroberts/workspace/latenighthack/.worktrees/lockers-review-static-pass2/connector/src/jvmTest/kotlin/com/latenighthack/lockers/connector/test/ReviewExpiredRatchetTests.kt:161:1: Line detected, which is longer than the defined maximum line length in the code style. [MaxLineLength]
/Users/mikeroberts/workspace/latenighthack/.worktrees/lockers-review-static-pass2/connector/src/jvmTest/kotlin/com/latenighthack/lockers/connector/test/ReviewExpiredRatchetTests.kt:168:1: Line detected, which is longer than the defined maximum line length in the code style. [MaxLineLength]
/Users/mikeroberts/workspace/latenighthack/.worktrees/lockers-review-static-pass2/connector/src/jvmTest/kotlin/com/latenighthack/lockers/connector/test/ReviewExpiredRatchetTests.kt:179:1: Line detected, which is longer than the defined maximum line length in the code style. [MaxLineLength]
/Users/mikeroberts/workspace/latenighthack/.worktrees/lockers-review-static-pass2/connector/src/jvmTest/kotlin/com/latenighthack/lockers/connector/test/ReviewExpiredRatchetTests.kt:191:1: Line detected, which is longer than the defined maximum line length in the code style. [MaxLineLength]
/Users/mikeroberts/workspace/latenighthack/.worktrees/lockers-review-static-pass2/connector/src/jvmTest/kotlin/com/latenighthack/lockers/connector/test/ReviewExpiredRatchetTests.kt:192:1: Line detected, which is longer than the defined maximum line length in the code style. [MaxLineLength]
/Users/mikeroberts/workspace/latenighthack/.worktrees/lockers-review-static-pass2/connector/src/jvmTest/kotlin/com/latenighthack/lockers/connector/test/ReviewExpiredRatchetTests.kt:193:1: Line detected, which is longer than the defined maximum line length in the code style. [MaxLineLength]
/Users/mikeroberts/workspace/latenighthack/.worktrees/lockers-review-static-pass2/connector/src/jvmTest/kotlin/com/latenighthack/lockers/connector/test/ReviewExpiredRatchetTests.kt:194:1: Line detected, which is longer than the defined maximum line length in the code style. [MaxLineLength]
/Users/mikeroberts/workspace/latenighthack/.worktrees/lockers-review-static-pass2/connector/src/jvmTest/kotlin/com/latenighthack/lockers/connector/test/ReviewExpiredRatchetTests.kt:196:1: Line detected, which is longer than the defined maximum line length in the code style. [MaxLineLength]
/Users/mikeroberts/workspace/latenighthack/.worktrees/lockers-review-static-pass2/connector/src/jvmTest/kotlin/com/latenighthack/lockers/connector/test/ReviewExpiredRatchetTests.kt:197:1: Line detected, which is longer than the defined maximum line length in the code style. [MaxLineLength]
/Users/mikeroberts/workspace/latenighthack/.worktrees/lockers-review-static-pass2/connector/src/jvmTest/kotlin/com/latenighthack/lockers/connector/test/ReviewExpiredRatchetTests.kt:202:1: Line detected, which is longer than the defined maximum line length in the code style. [MaxLineLength]
/Users/mikeroberts/workspace/latenighthack/.worktrees/lockers-review-static-pass2/connector/src/jvmTest/kotlin/com/latenighthack/lockers/connector/test/ReviewExpiredRatchetTests.kt:204:1: Line detected, which is longer than the defined maximum line length in the code style. [MaxLineLength]
/Users/mikeroberts/workspace/latenighthack/.worktrees/lockers-review-static-pass2/connector/src/jvmTest/kotlin/com/latenighthack/lockers/connector/test/ReviewExpiredRatchetTests.kt:207:1: Line detected, which is longer than the defined maximum line length in the code style. [MaxLineLength]
/Users/mikeroberts/workspace/latenighthack/.worktrees/lockers-review-static-pass2/connector/src/jvmTest/kotlin/com/latenighthack/lockers/connector/test/ReviewExpiredRatchetTests.kt:245:1: Line detected, which is longer than the defined maximum line length in the code style. [MaxLineLength]
/Users/mikeroberts/workspace/latenighthack/.worktrees/lockers-review-static-pass2/connector/src/jvmTest/kotlin/com/latenighthack/lockers/connector/test/ReviewExpiredRatchetTests.kt:267:1: Line detected, which is longer than the defined maximum line length in the code style. [MaxLineLength]
/Users/mikeroberts/workspace/latenighthack/.worktrees/lockers-review-static-pass2/connector/src/jvmTest/kotlin/com/latenighthack/lockers/connector/test/ReviewExpiredRatchetTests.kt:276:1: Line detected, which is longer than the defined maximum line length in the code style. [MaxLineLength]
/Users/mikeroberts/workspace/latenighthack/.worktrees/lockers-review-static-pass2/connector/src/jvmTest/kotlin/com/latenighthack/lockers/connector/test/ReviewExpiredRatchetTests.kt:277:1: Line detected, which is longer than the defined maximum line length in the code style. [MaxLineLength]
/Users/mikeroberts/workspace/latenighthack/.worktrees/lockers-review-static-pass2/connector/src/jvmTest/kotlin/com/latenighthack/lockers/connector/test/ReviewExpiredRatchetTests.kt:280:1: Line detected, which is longer than the defined maximum line length in the code style. [MaxLineLength]
/Users/mikeroberts/workspace/latenighthack/.worktrees/lockers-review-static-pass2/connector/src/jvmTest/kotlin/com/latenighthack/lockers/connector/test/ReviewExpiredRatchetTests.kt:281:1: Line detected, which is longer than the defined maximum line length in the code style. [MaxLineLength]
/Users/mikeroberts/workspace/latenighthack/.worktrees/lockers-review-static-pass2/connector/src/jvmTest/kotlin/com/latenighthack/lockers/connector/test/ReviewExpiredRatchetTests.kt:284:1: Line detected, which is longer than the defined maximum line length in the code style. [MaxLineLength]
/Users/mikeroberts/workspace/latenighthack/.worktrees/lockers-review-static-pass2/connector/src/jvmTest/kotlin/com/latenighthack/lockers/connector/test/ReviewExpiredRatchetTests.kt:305:1: Line detected, which is longer than the defined maximum line length in the code style. [MaxLineLength]
/Users/mikeroberts/workspace/latenighthack/.worktrees/lockers-review-static-pass2/connector/src/jvmTest/kotlin/com/latenighthack/lockers/connector/test/ReviewExpiredRatchetTests.kt:324:1: Line detected, which is longer than the defined maximum line length in the code style. [MaxLineLength]
/Users/mikeroberts/workspace/latenighthack/.worktrees/lockers-review-static-pass2/connector/src/jvmTest/kotlin/com/latenighthack/lockers/connector/test/ReviewExpiredRatchetTests.kt:327:1: Line detected, which is longer than the defined maximum line length in the code style. [MaxLineLength]
/Users/mikeroberts/workspace/latenighthack/.worktrees/lockers-review-static-pass2/connector/src/jvmTest/kotlin/com/latenighthack/lockers/connector/test/ReviewExpiredRatchetTests.kt:331:1: Line detected, which is longer than the defined maximum line length in the code style. [MaxLineLength]
/Users/mikeroberts/workspace/latenighthack/.worktrees/lockers-review-static-pass2/connector/src/jvmTest/kotlin/com/latenighthack/lockers/connector/test/ReviewExpiredRatchetTests.kt:333:1: Line detected, which is longer than the defined maximum line length in the code style. [MaxLineLength]
/Users/mikeroberts/workspace/latenighthack/.worktrees/lockers-review-static-pass2/connector/src/jvmTest/kotlin/com/latenighthack/lockers/connector/test/ReviewExpiredRatchetTests.kt:337:1: Line detected, which is longer than the defined maximum line length in the code style. [MaxLineLength]
/Users/mikeroberts/workspace/latenighthack/.worktrees/lockers-review-static-pass2/connector/src/jvmTest/kotlin/com/latenighthack/lockers/connector/test/ReviewExpiredRatchetTests.kt:344:1: Line detected, which is longer than the defined maximum line length in the code style. [MaxLineLength]
/Users/mikeroberts/workspace/latenighthack/.worktrees/lockers-review-static-pass2/connector/src/jvmTest/kotlin/com/latenighthack/lockers/connector/test/ReviewExpiredRatchetTests.kt:345:1: Line detected, which is longer than the defined maximum line length in the code style. [MaxLineLength]
/Users/mikeroberts/workspace/latenighthack/.worktrees/lockers-review-static-pass2/connector/src/jvmTest/kotlin/com/latenighthack/lockers/connector/test/ReviewExpiredRatchetTests.kt:348:1: Line detected, which is longer than the defined maximum line length in the code style. [MaxLineLength]
/Users/mikeroberts/workspace/latenighthack/.worktrees/lockers-review-static-pass2/connector/src/jvmTest/kotlin/com/latenighthack/lockers/connector/test/ReviewExpiredRatchetTests.kt:349:1: Line detected, which is longer than the defined maximum line length in the code style. [MaxLineLength]
/Users/mikeroberts/workspace/latenighthack/.worktrees/lockers-review-static-pass2/connector/src/jvmTest/kotlin/com/latenighthack/lockers/connector/test/ReviewExpiredRatchetTests.kt:358:1: Line detected, which is longer than the defined maximum line length in the code style. [MaxLineLength]
/Users/mikeroberts/workspace/latenighthack/.worktrees/lockers-review-static-pass2/connector/src/jvmTest/kotlin/com/latenighthack/lockers/connector/test/ReviewSubscriptionRevisionTests.kt:3:1: com.latenighthack.ktbuf.net.* is a wildcard import. Replace it with fully qualified imports. [WildcardImport]
/Users/mikeroberts/workspace/latenighthack/.worktrees/lockers-review-static-pass2/connector/src/jvmTest/kotlin/com/latenighthack/lockers/connector/test/ReviewSubscriptionRevisionTests.kt:4:1: com.latenighthack.ktstore.* is a wildcard import. Replace it with fully qualified imports. [WildcardImport]
/Users/mikeroberts/workspace/latenighthack/.worktrees/lockers-review-static-pass2/connector/src/jvmTest/kotlin/com/latenighthack/lockers/connector/test/ReviewSubscriptionRevisionTests.kt:5:1: com.latenighthack.lockers.common.v1.* is a wildcard import. Replace it with fully qualified imports. [WildcardImport]
/Users/mikeroberts/workspace/latenighthack/.worktrees/lockers-review-static-pass2/connector/src/jvmTest/kotlin/com/latenighthack/lockers/connector/test/ReviewSubscriptionRevisionTests.kt:6:1: com.latenighthack.lockers.connector.* is a wildcard import. Replace it with fully qualified imports. [WildcardImport]
/Users/mikeroberts/workspace/latenighthack/.worktrees/lockers-review-static-pass2/connector/src/jvmTest/kotlin/com/latenighthack/lockers/connector/test/ReviewSubscriptionRevisionTests.kt:7:1: com.latenighthack.lockers.room.v1.* is a wildcard import. Replace it with fully qualified imports. [WildcardImport]
/Users/mikeroberts/workspace/latenighthack/.worktrees/lockers-review-static-pass2/connector/src/jvmTest/kotlin/com/latenighthack/lockers/connector/test/ReviewSubscriptionRevisionTests.kt:8:1: kotlinx.coroutines.* is a wildcard import. Replace it with fully qualified imports. [WildcardImport]
/Users/mikeroberts/workspace/latenighthack/.worktrees/lockers-review-static-pass2/connector/src/jvmTest/kotlin/com/latenighthack/lockers/connector/test/ReviewSubscriptionRevisionTests.kt:9:1: kotlinx.coroutines.flow.* is a wildcard import. Replace it with fully qualified imports. [WildcardImport]
/Users/mikeroberts/workspace/latenighthack/.worktrees/lockers-review-static-pass2/connector/src/jvmTest/kotlin/com/latenighthack/lockers/connector/test/ReviewSubscriptionRevisionTests.kt:11:1: kotlin.test.* is a wildcard import. Replace it with fully qualified imports. [WildcardImport]
/Users/mikeroberts/workspace/latenighthack/.worktrees/lockers-review-static-pass2/connector/src/jvmTest/kotlin/com/latenighthack/lockers/connector/test/ReviewSubscriptionRevisionTests.kt:21:1: Line detected, which is longer than the defined maximum line length in the code style. [MaxLineLength]
/Users/mikeroberts/workspace/latenighthack/.worktrees/lockers-review-static-pass2/connector/src/jvmTest/kotlin/com/latenighthack/lockers/connector/test/ReviewSubscriptionRevisionTests.kt:29:1: Line detected, which is longer than the defined maximum line length in the code style. [MaxLineLength]
/Users/mikeroberts/workspace/latenighthack/.worktrees/lockers-review-static-pass2/connector/src/jvmTest/kotlin/com/latenighthack/lockers/connector/test/ReviewSubscriptionRevisionTests.kt:42:1: Line detected, which is longer than the defined maximum line length in the code style. [MaxLineLength]
/Users/mikeroberts/workspace/latenighthack/.worktrees/lockers-review-static-pass2/connector/src/jvmTest/kotlin/com/latenighthack/lockers/connector/test/ReviewSubscriptionRevisionTests.kt:43:1: Line detected, which is longer than the defined maximum line length in the code style. [MaxLineLength]
/Users/mikeroberts/workspace/latenighthack/.worktrees/lockers-review-static-pass2/connector/src/jvmTest/kotlin/com/latenighthack/lockers/connector/test/ReviewSubscriptionRevisionTests.kt:57:1: Line detected, which is longer than the defined maximum line length in the code style. [MaxLineLength]
/Users/mikeroberts/workspace/latenighthack/.worktrees/lockers-review-static-pass2/connector/src/jvmTest/kotlin/com/latenighthack/lockers/connector/test/ReviewSubscriptionRevisionTests.kt:61:1: Line detected, which is longer than the defined maximum line length in the code style. [MaxLineLength]
/Users/mikeroberts/workspace/latenighthack/.worktrees/lockers-review-static-pass2/connector/src/jvmTest/kotlin/com/latenighthack/lockers/connector/test/ReviewSubscriptionRevisionTests.kt:84:1: Line detected, which is longer than the defined maximum line length in the code style. [MaxLineLength]
/Users/mikeroberts/workspace/latenighthack/.worktrees/lockers-review-static-pass2/connector/src/jvmTest/kotlin/com/latenighthack/lockers/connector/test/ReviewSubscriptionRevisionTests.kt:89:1: Line detected, which is longer than the defined maximum line length in the code style. [MaxLineLength]
/Users/mikeroberts/workspace/latenighthack/.worktrees/lockers-review-static-pass2/connector/src/jvmTest/kotlin/com/latenighthack/lockers/connector/test/ReviewSubscriptionRevisionTests.kt:98:1: Line detected, which is longer than the defined maximum line length in the code style. [MaxLineLength]
/Users/mikeroberts/workspace/latenighthack/.worktrees/lockers-review-static-pass2/connector/src/jvmTest/kotlin/com/latenighthack/lockers/connector/test/ReviewSubscriptionRevisionTests.kt:102:1: Line detected, which is longer than the defined maximum line length in the code style. [MaxLineLength]
/Users/mikeroberts/workspace/latenighthack/.worktrees/lockers-review-static-pass2/connector/src/jvmTest/kotlin/com/latenighthack/lockers/connector/test/ReviewSubscriptionRevisionTests.kt:109:1: Line detected, which is longer than the defined maximum line length in the code style. [MaxLineLength]
/Users/mikeroberts/workspace/latenighthack/.worktrees/lockers-review-static-pass2/connector/src/jvmTest/kotlin/com/latenighthack/lockers/connector/test/ReviewControllerBudgetTests.kt:3:1: com.latenighthack.ktbuf.net.* is a wildcard import. Replace it with fully qualified imports. [WildcardImport]
/Users/mikeroberts/workspace/latenighthack/.worktrees/lockers-review-static-pass2/connector/src/jvmTest/kotlin/com/latenighthack/lockers/connector/test/ReviewControllerBudgetTests.kt:5:1: com.latenighthack.ktbuf.rpc.* is a wildcard import. Replace it with fully qualified imports. [WildcardImport]
/Users/mikeroberts/workspace/latenighthack/.worktrees/lockers-review-static-pass2/connector/src/jvmTest/kotlin/com/latenighthack/lockers/connector/test/ReviewControllerBudgetTests.kt:6:1: com.latenighthack.ktstore.* is a wildcard import. Replace it with fully qualified imports. [WildcardImport]
/Users/mikeroberts/workspace/latenighthack/.worktrees/lockers-review-static-pass2/connector/src/jvmTest/kotlin/com/latenighthack/lockers/connector/test/ReviewControllerBudgetTests.kt:7:1: com.latenighthack.lockers.common.v1.* is a wildcard import. Replace it with fully qualified imports. [WildcardImport]
/Users/mikeroberts/workspace/latenighthack/.worktrees/lockers-review-static-pass2/connector/src/jvmTest/kotlin/com/latenighthack/lockers/connector/test/ReviewControllerBudgetTests.kt:8:1: com.latenighthack.lockers.connector.* is a wildcard import. Replace it with fully qualified imports. [WildcardImport]
/Users/mikeroberts/workspace/latenighthack/.worktrees/lockers-review-static-pass2/connector/src/jvmTest/kotlin/com/latenighthack/lockers/connector/test/ReviewControllerBudgetTests.kt:9:1: kotlinx.coroutines.* is a wildcard import. Replace it with fully qualified imports. [WildcardImport]
/Users/mikeroberts/workspace/latenighthack/.worktrees/lockers-review-static-pass2/connector/src/jvmTest/kotlin/com/latenighthack/lockers/connector/test/ReviewControllerBudgetTests.kt:10:1: kotlinx.coroutines.flow.* is a wildcard import. Replace it with fully qualified imports. [WildcardImport]
/Users/mikeroberts/workspace/latenighthack/.worktrees/lockers-review-static-pass2/connector/src/jvmTest/kotlin/com/latenighthack/lockers/connector/test/ReviewControllerBudgetTests.kt:12:1: kotlin.test.* is a wildcard import. Replace it with fully qualified imports. [WildcardImport]
/Users/mikeroberts/workspace/latenighthack/.worktrees/lockers-review-static-pass2/connector/src/jvmTest/kotlin/com/latenighthack/lockers/connector/test/ReviewControllerBudgetTests.kt:15:1: Line detected, which is longer than the defined maximum line length in the code style. [MaxLineLength]
/Users/mikeroberts/workspace/latenighthack/.worktrees/lockers-review-static-pass2/connector/src/jvmTest/kotlin/com/latenighthack/lockers/connector/test/ReviewControllerBudgetTests.kt:20:1: Line detected, which is longer than the defined maximum line length in the code style. [MaxLineLength]
/Users/mikeroberts/workspace/latenighthack/.worktrees/lockers-review-static-pass2/connector/src/jvmTest/kotlin/com/latenighthack/lockers/connector/test/ReviewControllerBudgetTests.kt:22:1: Line detected, which is longer than the defined maximum line length in the code style. [MaxLineLength]
/Users/mikeroberts/workspace/latenighthack/.worktrees/lockers-review-static-pass2/connector/src/jvmTest/kotlin/com/latenighthack/lockers/connector/test/ReviewControllerBudgetTests.kt:25:1: Line detected, which is longer than the defined maximum line length in the code style. [MaxLineLength]
/Users/mikeroberts/workspace/latenighthack/.worktrees/lockers-review-static-pass2/connector/src/jvmTest/kotlin/com/latenighthack/lockers/connector/test/ReviewControllerBudgetTests.kt:34:1: Line detected, which is longer than the defined maximum line length in the code style. [MaxLineLength]
/Users/mikeroberts/workspace/latenighthack/.worktrees/lockers-review-static-pass2/connector/src/jvmTest/kotlin/com/latenighthack/lockers/connector/test/ReviewControllerBudgetTests.kt:39:1: Line detected, which is longer than the defined maximum line length in the code style. [MaxLineLength]
/Users/mikeroberts/workspace/latenighthack/.worktrees/lockers-review-static-pass2/connector/src/jvmTest/kotlin/com/latenighthack/lockers/connector/test/ReviewPublicObservationIsolationTests.kt:3:1: com.latenighthack.ktcrypto.* is a wildcard import. Replace it with fully qualified imports. [WildcardImport]
/Users/mikeroberts/workspace/latenighthack/.worktrees/lockers-review-static-pass2/connector/src/jvmTest/kotlin/com/latenighthack/lockers/connector/test/ReviewPublicObservationIsolationTests.kt:4:1: com.latenighthack.ktstore.* is a wildcard import. Replace it with fully qualified imports. [WildcardImport]
/Users/mikeroberts/workspace/latenighthack/.worktrees/lockers-review-static-pass2/connector/src/jvmTest/kotlin/com/latenighthack/lockers/connector/test/ReviewPublicObservationIsolationTests.kt:5:1: com.latenighthack.lockers.common.v1.* is a wildcard import. Replace it with fully qualified imports. [WildcardImport]
/Users/mikeroberts/workspace/latenighthack/.worktrees/lockers-review-static-pass2/connector/src/jvmTest/kotlin/com/latenighthack/lockers/connector/test/ReviewPublicObservationIsolationTests.kt:6:1: com.latenighthack.lockers.connector.* is a wildcard import. Replace it with fully qualified imports. [WildcardImport]
/Users/mikeroberts/workspace/latenighthack/.worktrees/lockers-review-static-pass2/connector/src/jvmTest/kotlin/com/latenighthack/lockers/connector/test/ReviewPublicObservationIsolationTests.kt:7:1: com.latenighthack.lockers.connector.storage.v1.* is a wildcard import. Replace it with fully qualified imports. [WildcardImport]
/Users/mikeroberts/workspace/latenighthack/.worktrees/lockers-review-static-pass2/connector/src/jvmTest/kotlin/com/latenighthack/lockers/connector/test/ReviewPublicObservationIsolationTests.kt:8:1: com.latenighthack.lockers.push.v1.* is a wildcard import. Replace it with fully qualified imports. [WildcardImport]
/Users/mikeroberts/workspace/latenighthack/.worktrees/lockers-review-static-pass2/connector/src/jvmTest/kotlin/com/latenighthack/lockers/connector/test/ReviewPublicObservationIsolationTests.kt:9:1: com.latenighthack.lockers.room.v1.* is a wildcard import. Replace it with fully qualified imports. [WildcardImport]
/Users/mikeroberts/workspace/latenighthack/.worktrees/lockers-review-static-pass2/connector/src/jvmTest/kotlin/com/latenighthack/lockers/connector/test/ReviewPublicObservationIsolationTests.kt:11:1: kotlinx.coroutines.* is a wildcard import. Replace it with fully qualified imports. [WildcardImport]
/Users/mikeroberts/workspace/latenighthack/.worktrees/lockers-review-static-pass2/connector/src/jvmTest/kotlin/com/latenighthack/lockers/connector/test/ReviewPublicObservationIsolationTests.kt:12:1: kotlinx.coroutines.flow.* is a wildcard import. Replace it with fully qualified imports. [WildcardImport]
/Users/mikeroberts/workspace/latenighthack/.worktrees/lockers-review-static-pass2/connector/src/jvmTest/kotlin/com/latenighthack/lockers/connector/test/ReviewPublicObservationIsolationTests.kt:13:1: kotlin.test.* is a wildcard import. Replace it with fully qualified imports. [WildcardImport]
/Users/mikeroberts/workspace/latenighthack/.worktrees/lockers-review-static-pass2/connector/src/jvmTest/kotlin/com/latenighthack/lockers/connector/test/ReviewPublicObservationIsolationTests.kt:16:1: Line detected, which is longer than the defined maximum line length in the code style. [MaxLineLength]
/Users/mikeroberts/workspace/latenighthack/.worktrees/lockers-review-static-pass2/connector/src/jvmTest/kotlin/com/latenighthack/lockers/connector/test/ReviewPublicObservationIsolationTests.kt:24:1: Line detected, which is longer than the defined maximum line length in the code style. [MaxLineLength]
/Users/mikeroberts/workspace/latenighthack/.worktrees/lockers-review-static-pass2/connector/src/jvmTest/kotlin/com/latenighthack/lockers/connector/test/ReviewPublicObservationIsolationTests.kt:35:1: Line detected, which is longer than the defined maximum line length in the code style. [MaxLineLength]
/Users/mikeroberts/workspace/latenighthack/.worktrees/lockers-review-static-pass2/connector/src/jvmTest/kotlin/com/latenighthack/lockers/connector/test/ReviewPublicObservationIsolationTests.kt:49:1: Line detected, which is longer than the defined maximum line length in the code style. [MaxLineLength]
/Users/mikeroberts/workspace/latenighthack/.worktrees/lockers-review-static-pass2/connector/src/jvmTest/kotlin/com/latenighthack/lockers/connector/test/ReviewPublicObservationIsolationTests.kt:53:1: Line detected, which is longer than the defined maximum line length in the code style. [MaxLineLength]
/Users/mikeroberts/workspace/latenighthack/.worktrees/lockers-review-static-pass2/connector/src/jvmTest/kotlin/com/latenighthack/lockers/connector/test/ReviewPublicObservationIsolationTests.kt:54:1: Line detected, which is longer than the defined maximum line length in the code style. [MaxLineLength]
/Users/mikeroberts/workspace/latenighthack/.worktrees/lockers-review-static-pass2/connector/src/jvmTest/kotlin/com/latenighthack/lockers/connector/test/ReviewPublicObservationIsolationTests.kt:79:1: Line detected, which is longer than the defined maximum line length in the code style. [MaxLineLength]
/Users/mikeroberts/workspace/latenighthack/.worktrees/lockers-review-static-pass2/connector/src/jvmTest/kotlin/com/latenighthack/lockers/connector/test/ReviewPublicObservationIsolationTests.kt:99:1: Line detected, which is longer than the defined maximum line length in the code style. [MaxLineLength]
/Users/mikeroberts/workspace/latenighthack/.worktrees/lockers-review-static-pass2/connector/src/jvmTest/kotlin/com/latenighthack/lockers/connector/test/ReviewPublicObservationIsolationTests.kt:100:1: Line detected, which is longer than the defined maximum line length in the code style. [MaxLineLength]
/Users/mikeroberts/workspace/latenighthack/.worktrees/lockers-review-static-pass2/connector/src/jvmTest/kotlin/com/latenighthack/lockers/connector/test/ReviewSnapshotRepairTests.kt:77:1: Line detected, which is longer than the defined maximum line length in the code style. [MaxLineLength]
/Users/mikeroberts/workspace/latenighthack/.worktrees/lockers-review-static-pass2/connector/src/jvmTest/kotlin/com/latenighthack/lockers/connector/ArchiveMigrationSafetyTest.kt:3:1: com.latenighthack.ktcrypto.* is a wildcard import. Replace it with fully qualified imports. [WildcardImport]
/Users/mikeroberts/workspace/latenighthack/.worktrees/lockers-review-static-pass2/connector/src/jvmTest/kotlin/com/latenighthack/lockers/connector/ArchiveMigrationSafetyTest.kt:4:1: com.latenighthack.ktstore.* is a wildcard import. Replace it with fully qualified imports. [WildcardImport]
/Users/mikeroberts/workspace/latenighthack/.worktrees/lockers-review-static-pass2/connector/src/jvmTest/kotlin/com/latenighthack/lockers/connector/ArchiveMigrationSafetyTest.kt:5:1: com.latenighthack.lockers.common.v1.* is a wildcard import. Replace it with fully qualified imports. [WildcardImport]
/Users/mikeroberts/workspace/latenighthack/.worktrees/lockers-review-static-pass2/connector/src/jvmTest/kotlin/com/latenighthack/lockers/connector/ArchiveMigrationSafetyTest.kt:6:1: com.latenighthack.lockers.connector.internal.* is a wildcard import. Replace it with fully qualified imports. [WildcardImport]
/Users/mikeroberts/workspace/latenighthack/.worktrees/lockers-review-static-pass2/connector/src/jvmTest/kotlin/com/latenighthack/lockers/connector/ArchiveMigrationSafetyTest.kt:7:1: com.latenighthack.lockers.room.v1.* is a wildcard import. Replace it with fully qualified imports. [WildcardImport]
/Users/mikeroberts/workspace/latenighthack/.worktrees/lockers-review-static-pass2/connector/src/jvmTest/kotlin/com/latenighthack/lockers/connector/ArchiveMigrationSafetyTest.kt:8:1: kotlinx.coroutines.* is a wildcard import. Replace it with fully qualified imports. [WildcardImport]
/Users/mikeroberts/workspace/latenighthack/.worktrees/lockers-review-static-pass2/connector/src/jvmTest/kotlin/com/latenighthack/lockers/connector/ArchiveMigrationSafetyTest.kt:11:1: kotlin.test.* is a wildcard import. Replace it with fully qualified imports. [WildcardImport]
/Users/mikeroberts/workspace/latenighthack/.worktrees/lockers-review-static-pass2/connector/src/jvmTest/kotlin/com/latenighthack/lockers/connector/ArchiveMigrationSafetyTest.kt:17:1: Line detected, which is longer than the defined maximum line length in the code style. [MaxLineLength]
/Users/mikeroberts/workspace/latenighthack/.worktrees/lockers-review-static-pass2/connector/src/jvmTest/kotlin/com/latenighthack/lockers/connector/ArchiveMigrationSafetyTest.kt:20:1: Line detected, which is longer than the defined maximum line length in the code style. [MaxLineLength]
/Users/mikeroberts/workspace/latenighthack/.worktrees/lockers-review-static-pass2/connector/src/jvmTest/kotlin/com/latenighthack/lockers/connector/ArchiveMigrationSafetyTest.kt:37:1: Line detected, which is longer than the defined maximum line length in the code style. [MaxLineLength]
/Users/mikeroberts/workspace/latenighthack/.worktrees/lockers-review-static-pass2/connector/src/jvmTest/kotlin/com/latenighthack/lockers/connector/ArchiveMigrationSafetyTest.kt:64:1: Line detected, which is longer than the defined maximum line length in the code style. [MaxLineLength]
/Users/mikeroberts/workspace/latenighthack/.worktrees/lockers-review-static-pass2/connector/src/jvmTest/kotlin/com/latenighthack/lockers/connector/ArchiveMigrationSafetyTest.kt:72:1: Line detected, which is longer than the defined maximum line length in the code style. [MaxLineLength]
/Users/mikeroberts/workspace/latenighthack/.worktrees/lockers-review-static-pass2/connector/src/jvmTest/kotlin/com/latenighthack/lockers/connector/ArchiveMigrationSafetyTest.kt:75:1: Line detected, which is longer than the defined maximum line length in the code style. [MaxLineLength]
/Users/mikeroberts/workspace/latenighthack/.worktrees/lockers-review-static-pass2/connector/src/jvmTest/kotlin/com/latenighthack/lockers/connector/ArchiveMigrationSafetyTest.kt:94:1: Line detected, which is longer than the defined maximum line length in the code style. [MaxLineLength]
/Users/mikeroberts/workspace/latenighthack/.worktrees/lockers-review-static-pass2/connector/src/jvmTest/kotlin/com/latenighthack/lockers/connector/ArchiveMigrationSafetyTest.kt:98:1: Line detected, which is longer than the defined maximum line length in the code style. [MaxLineLength]
/Users/mikeroberts/workspace/latenighthack/.worktrees/lockers-review-static-pass2/connector/src/jvmTest/kotlin/com/latenighthack/lockers/connector/ArchiveMigrationSafetyTest.kt:115:1: Line detected, which is longer than the defined maximum line length in the code style. [MaxLineLength]
/Users/mikeroberts/workspace/latenighthack/.worktrees/lockers-review-static-pass2/connector/src/jvmTest/kotlin/com/latenighthack/lockers/connector/ArchiveMigrationSafetyTest.kt:116:1: Line detected, which is longer than the defined maximum line length in the code style. [MaxLineLength]
/Users/mikeroberts/workspace/latenighthack/.worktrees/lockers-review-static-pass2/connector/src/commonMain/kotlin/com/latenighthack/lockers/connector/PushRegistration.kt:109:1: Line detected, which is longer than the defined maximum line length in the code style. [MaxLineLength]
/Users/mikeroberts/workspace/latenighthack/.worktrees/lockers-review-static-pass2/connector/src/commonMain/kotlin/com/latenighthack/lockers/connector/PushRegistration.kt:111:1: Line detected, which is longer than the defined maximum line length in the code style. [MaxLineLength]
/Users/mikeroberts/workspace/latenighthack/.worktrees/lockers-review-static-pass2/connector/src/commonMain/kotlin/com/latenighthack/lockers/connector/PushRegistration.kt:182:1: Line detected, which is longer than the defined maximum line length in the code style. [MaxLineLength]
/Users/mikeroberts/workspace/latenighthack/.worktrees/lockers-review-static-pass2/connector/src/commonMain/kotlin/com/latenighthack/lockers/connector/PushRegistration.kt:218:1: Line detected, which is longer than the defined maximum line length in the code style. [MaxLineLength]
/Users/mikeroberts/workspace/latenighthack/.worktrees/lockers-review-static-pass2/connector/src/commonMain/kotlin/com/latenighthack/lockers/connector/ConnectorStorage.kt:46:1: Line detected, which is longer than the defined maximum line length in the code style. [MaxLineLength]
/Users/mikeroberts/workspace/latenighthack/.worktrees/lockers-review-static-pass2/connector/src/commonMain/kotlin/com/latenighthack/lockers/connector/ConnectorStorage.kt:49:49: This expression contains a magic number. Consider defining it to a well named constant. [MagicNumber]
/Users/mikeroberts/workspace/latenighthack/.worktrees/lockers-review-static-pass2/connector/src/commonMain/kotlin/com/latenighthack/lockers/connector/ConnectorStorage.kt:51:46: This expression contains a magic number. Consider defining it to a well named constant. [MagicNumber]
/Users/mikeroberts/workspace/latenighthack/.worktrees/lockers-review-static-pass2/connector/src/commonMain/kotlin/com/latenighthack/lockers/connector/ConnectorStorage.kt:51:49: This expression contains a magic number. Consider defining it to a well named constant. [MagicNumber]
/Users/mikeroberts/workspace/latenighthack/.worktrees/lockers-review-static-pass2/connector/src/commonMain/kotlin/com/latenighthack/lockers/connector/ConnectorStorage.kt:54:46: This expression contains a magic number. Consider defining it to a well named constant. [MagicNumber]
/Users/mikeroberts/workspace/latenighthack/.worktrees/lockers-review-static-pass2/connector/src/commonMain/kotlin/com/latenighthack/lockers/connector/ConnectorStorage.kt:54:49: This expression contains a magic number. Consider defining it to a well named constant. [MagicNumber]
/Users/mikeroberts/workspace/latenighthack/.worktrees/lockers-review-static-pass2/connector/src/commonMain/kotlin/com/latenighthack/lockers/connector/LockersClient.kt:49:1: Line detected, which is longer than the defined maximum line length in the code style. [MaxLineLength]
/Users/mikeroberts/workspace/latenighthack/.worktrees/lockers-review-static-pass2/connector/src/commonMain/kotlin/com/latenighthack/lockers/connector/internal/RatchetArchive.kt:111:25: Function merge has 3 return statements which exceeds the limit of 2. [ReturnCount]
/Users/mikeroberts/workspace/latenighthack/.worktrees/lockers-review-static-pass2/connector/src/commonMain/kotlin/com/latenighthack/lockers/connector/internal/RatchetArchive.kt:4:1: kotlinx.coroutines.flow.* is a wildcard import. Replace it with fully qualified imports. [WildcardImport]
/Users/mikeroberts/workspace/latenighthack/.worktrees/lockers-review-static-pass2/connector/src/commonMain/kotlin/com/latenighthack/lockers/connector/internal/RatchetArchive.kt:8:1: com.latenighthack.ktcrypto.* is a wildcard import. Replace it with fully qualified imports. [WildcardImport]
/Users/mikeroberts/workspace/latenighthack/.worktrees/lockers-review-static-pass2/connector/src/commonMain/kotlin/com/latenighthack/lockers/connector/internal/RatchetArchive.kt:49:1: Line detected, which is longer than the defined maximum line length in the code style. [MaxLineLength]
/Users/mikeroberts/workspace/latenighthack/.worktrees/lockers-review-static-pass2/connector/src/commonMain/kotlin/com/latenighthack/lockers/connector/internal/RatchetArchive.kt:50:1: Line detected, which is longer than the defined maximum line length in the code style. [MaxLineLength]
/Users/mikeroberts/workspace/latenighthack/.worktrees/lockers-review-static-pass2/connector/src/commonMain/kotlin/com/latenighthack/lockers/connector/internal/RatchetArchive.kt:66:1: Line detected, which is longer than the defined maximum line length in the code style. [MaxLineLength]
/Users/mikeroberts/workspace/latenighthack/.worktrees/lockers-review-static-pass2/connector/src/commonMain/kotlin/com/latenighthack/lockers/connector/internal/RatchetArchive.kt:79:1: Line detected, which is longer than the defined maximum line length in the code style. [MaxLineLength]
/Users/mikeroberts/workspace/latenighthack/.worktrees/lockers-review-static-pass2/connector/src/commonMain/kotlin/com/latenighthack/lockers/connector/internal/RatchetArchive.kt:100:1: Line detected, which is longer than the defined maximum line length in the code style. [MaxLineLength]
/Users/mikeroberts/workspace/latenighthack/.worktrees/lockers-review-static-pass2/connector/src/commonMain/kotlin/com/latenighthack/lockers/connector/internal/RatchetArchive.kt:103:1: Line detected, which is longer than the defined maximum line length in the code style. [MaxLineLength]
/Users/mikeroberts/workspace/latenighthack/.worktrees/lockers-review-static-pass2/connector/src/commonMain/kotlin/com/latenighthack/lockers/connector/internal/RatchetArchive.kt:203:1: Line detected, which is longer than the defined maximum line length in the code style. [MaxLineLength]
/Users/mikeroberts/workspace/latenighthack/.worktrees/lockers-review-static-pass2/connector/src/commonMain/kotlin/com/latenighthack/lockers/connector/internal/RatchetArchive.kt:70:32: This expression contains a magic number. Consider defining it to a well named constant. [MagicNumber]
/Users/mikeroberts/workspace/latenighthack/.worktrees/lockers-review-static-pass2/connector/src/commonMain/kotlin/com/latenighthack/lockers/connector/internal/RatchetArchive.kt:72:64: This expression contains a magic number. Consider defining it to a well named constant. [MagicNumber]
/Users/mikeroberts/workspace/latenighthack/.worktrees/lockers-review-static-pass2/connector/src/commonMain/kotlin/com/latenighthack/lockers/connector/internal/RatchetArchive.kt:89:32: This expression contains a magic number. Consider defining it to a well named constant. [MagicNumber]
/Users/mikeroberts/workspace/latenighthack/.worktrees/lockers-review-static-pass2/connector/src/commonMain/kotlin/com/latenighthack/lockers/connector/internal/RatchetArchive.kt:89:36: This expression contains a magic number. Consider defining it to a well named constant. [MagicNumber]
/Users/mikeroberts/workspace/latenighthack/.worktrees/lockers-review-static-pass2/connector/src/commonMain/kotlin/com/latenighthack/lockers/connector/internal/RatchetArchive.kt:89:43: This expression contains a magic number. Consider defining it to a well named constant. [MagicNumber]
/Users/mikeroberts/workspace/latenighthack/.worktrees/lockers-review-static-pass2/connector/src/commonMain/kotlin/com/latenighthack/lockers/connector/internal/RatchetArchive.kt:89:50: This expression contains a magic number. Consider defining it to a well named constant. [MagicNumber]
/Users/mikeroberts/workspace/latenighthack/.worktrees/lockers-review-static-pass2/connector/src/commonMain/kotlin/com/latenighthack/lockers/connector/internal/RatchetArchive.kt:89:55: This expression contains a magic number. Consider defining it to a well named constant. [MagicNumber]
/Users/mikeroberts/workspace/latenighthack/.worktrees/lockers-review-static-pass2/connector/src/commonMain/kotlin/com/latenighthack/lockers/connector/internal/RatchetArchive.kt:93:38: This expression contains a magic number. Consider defining it to a well named constant. [MagicNumber]
/Users/mikeroberts/workspace/latenighthack/.worktrees/lockers-review-static-pass2/connector/src/commonMain/kotlin/com/latenighthack/lockers/connector/internal/RatchetArchive.kt:93:42: This expression contains a magic number. Consider defining it to a well named constant. [MagicNumber]
/Users/mikeroberts/workspace/latenighthack/.worktrees/lockers-review-static-pass2/connector/src/commonMain/kotlin/com/latenighthack/lockers/connector/internal/RatchetArchive.kt:93:49: This expression contains a magic number. Consider defining it to a well named constant. [MagicNumber]
/Users/mikeroberts/workspace/latenighthack/.worktrees/lockers-review-static-pass2/connector/src/commonMain/kotlin/com/latenighthack/lockers/connector/internal/RatchetArchive.kt:93:56: This expression contains a magic number. Consider defining it to a well named constant. [MagicNumber]
/Users/mikeroberts/workspace/latenighthack/.worktrees/lockers-review-static-pass2/connector/src/commonMain/kotlin/com/latenighthack/lockers/connector/internal/RatchetArchive.kt:93:61: This expression contains a magic number. Consider defining it to a well named constant. [MagicNumber]
/Users/mikeroberts/workspace/latenighthack/.worktrees/lockers-review-static-pass2/connector/src/commonMain/kotlin/com/latenighthack/lockers/connector/internal/RatchetArchive.kt:95:72: This expression contains a magic number. Consider defining it to a well named constant. [MagicNumber]
/Users/mikeroberts/workspace/latenighthack/.worktrees/lockers-review-static-pass2/connector/src/commonMain/kotlin/com/latenighthack/lockers/connector/internal/RatchetArchive.kt:95:102: This expression contains a magic number. Consider defining it to a well named constant. [MagicNumber]
/Users/mikeroberts/workspace/latenighthack/.worktrees/lockers-review-static-pass2/connector/src/commonMain/kotlin/com/latenighthack/lockers/connector/internal/RatchetArchive.kt:156:67: This expression contains a magic number. Consider defining it to a well named constant. [MagicNumber]
/Users/mikeroberts/workspace/latenighthack/.worktrees/lockers-review-static-pass2/connector/src/commonMain/kotlin/com/latenighthack/lockers/connector/internal/LockerStore.kt:28:1: Line detected, which is longer than the defined maximum line length in the code style. [MaxLineLength]
/Users/mikeroberts/workspace/latenighthack/.worktrees/lockers-review-static-pass2/connector/src/commonMain/kotlin/com/latenighthack/lockers/connector/internal/LockerStore.kt:29:1: Line detected, which is longer than the defined maximum line length in the code style. [MaxLineLength]
/Users/mikeroberts/workspace/latenighthack/.worktrees/lockers-review-static-pass2/connector/src/commonMain/kotlin/com/latenighthack/lockers/connector/internal/LockerStore.kt:30:1: Line detected, which is longer than the defined maximum line length in the code style. [MaxLineLength]
/Users/mikeroberts/workspace/latenighthack/.worktrees/lockers-review-static-pass2/connector/src/commonMain/kotlin/com/latenighthack/lockers/connector/internal/LockerStore.kt:59:1: Line detected, which is longer than the defined maximum line length in the code style. [MaxLineLength]
/Users/mikeroberts/workspace/latenighthack/.worktrees/lockers-review-static-pass2/connector/src/commonMain/kotlin/com/latenighthack/lockers/connector/internal/LockerStore.kt:63:1: Line detected, which is longer than the defined maximum line length in the code style. [MaxLineLength]
/Users/mikeroberts/workspace/latenighthack/.worktrees/lockers-review-static-pass2/connector/src/commonMain/kotlin/com/latenighthack/lockers/connector/internal/LockerStore.kt:82:1: Line detected, which is longer than the defined maximum line length in the code style. [MaxLineLength]
/Users/mikeroberts/workspace/latenighthack/.worktrees/lockers-review-static-pass2/connector/src/commonMain/kotlin/com/latenighthack/lockers/connector/internal/LockerStore.kt:100:1: Line detected, which is longer than the defined maximum line length in the code style. [MaxLineLength]
/Users/mikeroberts/workspace/latenighthack/.worktrees/lockers-review-static-pass2/connector/src/commonMain/kotlin/com/latenighthack/lockers/connector/internal/RatchetJournal.kt:5:1: com.latenighthack.lockers.common.v1.* is a wildcard import. Replace it with fully qualified imports. [WildcardImport]
/Users/mikeroberts/workspace/latenighthack/.worktrees/lockers-review-static-pass2/connector/src/commonMain/kotlin/com/latenighthack/lockers/connector/internal/RatchetJournal.kt:6:1: kotlinx.coroutines.flow.* is a wildcard import. Replace it with fully qualified imports. [WildcardImport]
/Users/mikeroberts/workspace/latenighthack/.worktrees/lockers-review-static-pass2/connector/src/commonMain/kotlin/com/latenighthack/lockers/connector/internal/RatchetJournal.kt:9:1: Line detected, which is longer than the defined maximum line length in the code style. [MaxLineLength]
/Users/mikeroberts/workspace/latenighthack/.worktrees/lockers-review-static-pass2/connector/src/commonMain/kotlin/com/latenighthack/lockers/connector/internal/RatchetJournal.kt:46:1: Line detected, which is longer than the defined maximum line length in the code style. [MaxLineLength]
/Users/mikeroberts/workspace/latenighthack/.worktrees/lockers-review-static-pass2/connector/src/commonMain/kotlin/com/latenighthack/lockers/connector/internal/RatchetJournal.kt:47:1: Line detected, which is longer than the defined maximum line length in the code style. [MaxLineLength]
/Users/mikeroberts/workspace/latenighthack/.worktrees/lockers-review-static-pass2/connector/src/commonMain/kotlin/com/latenighthack/lockers/connector/internal/RatchetJournal.kt:55:1: Line detected, which is longer than the defined maximum line length in the code style. [MaxLineLength]
/Users/mikeroberts/workspace/latenighthack/.worktrees/lockers-review-static-pass2/connector/src/commonMain/kotlin/com/latenighthack/lockers/connector/internal/RatchetJournal.kt:70:1: Line detected, which is longer than the defined maximum line length in the code style. [MaxLineLength]
/Users/mikeroberts/workspace/latenighthack/.worktrees/lockers-review-static-pass2/connector/src/commonMain/kotlin/com/latenighthack/lockers/connector/internal/RatchetJournal.kt:82:1: Line detected, which is longer than the defined maximum line length in the code style. [MaxLineLength]
/Users/mikeroberts/workspace/latenighthack/.worktrees/lockers-review-static-pass2/connector/src/commonMain/kotlin/com/latenighthack/lockers/connector/internal/RatchetJournal.kt:87:1: Line detected, which is longer than the defined maximum line length in the code style. [MaxLineLength]
/Users/mikeroberts/workspace/latenighthack/.worktrees/lockers-review-static-pass2/connector/src/commonMain/kotlin/com/latenighthack/lockers/connector/internal/RatchetJournal.kt:94:1: Line detected, which is longer than the defined maximum line length in the code style. [MaxLineLength]
/Users/mikeroberts/workspace/latenighthack/.worktrees/lockers-review-static-pass2/connector/src/commonMain/kotlin/com/latenighthack/lockers/connector/internal/RatchetJournal.kt:95:1: Line detected, which is longer than the defined maximum line length in the code style. [MaxLineLength]
/Users/mikeroberts/workspace/latenighthack/.worktrees/lockers-review-static-pass2/connector/src/commonMain/kotlin/com/latenighthack/lockers/connector/internal/RatchetJournal.kt:96:1: Line detected, which is longer than the defined maximum line length in the code style. [MaxLineLength]
/Users/mikeroberts/workspace/latenighthack/.worktrees/lockers-review-static-pass2/connector/src/commonMain/kotlin/com/latenighthack/lockers/connector/internal/RatchetJournal.kt:49:62: This expression contains a magic number. Consider defining it to a well named constant. [MagicNumber]
/Users/mikeroberts/workspace/latenighthack/.worktrees/lockers-review-static-pass2/connector/src/commonMain/kotlin/com/latenighthack/lockers/connector/PushIntentDefinitionsV2.kt:19:1: Line detected, which is longer than the defined maximum line length in the code style. [MaxLineLength]
/Users/mikeroberts/workspace/latenighthack/.worktrees/lockers-review-static-pass2/connector/src/commonMain/kotlin/com/latenighthack/lockers/connector/PushIntentDefinitionsV2.kt:21:1: Line detected, which is longer than the defined maximum line length in the code style. [MaxLineLength]
/Users/mikeroberts/workspace/latenighthack/.worktrees/lockers-review-static-pass2/connector/src/commonMain/kotlin/com/latenighthack/lockers/connector/ConnectorRetention.kt:6:63: This expression contains a magic number. Consider defining it to a well named constant. [MagicNumber]
/Users/mikeroberts/workspace/latenighthack/.worktrees/lockers-review-static-pass2/connector/src/commonMain/kotlin/com/latenighthack/lockers/connector/ConnectorRetention.kt:7:40: This expression contains a magic number. Consider defining it to a well named constant. [MagicNumber]
/Users/mikeroberts/workspace/latenighthack/.worktrees/lockers-review-static-pass2/connector/src/commonMain/kotlin/com/latenighthack/lockers/connector/ProtocolRetry.kt:17:1: Line detected, which is longer than the defined maximum line length in the code style. [MaxLineLength]
/Users/mikeroberts/workspace/latenighthack/.worktrees/lockers-review-static-pass2/connector/src/commonMain/kotlin/com/latenighthack/lockers/connector/ProtocolRetry.kt:18:1: Line detected, which is longer than the defined maximum line length in the code style. [MaxLineLength]
/Users/mikeroberts/workspace/latenighthack/.worktrees/lockers-review-static-pass2/connector/src/commonMain/kotlin/com/latenighthack/lockers/connector/ProtocolRetry.kt:17:67: This expression contains a magic number. Consider defining it to a well named constant. [MagicNumber]
/Users/mikeroberts/workspace/latenighthack/.worktrees/lockers-review-static-pass2/connector/src/commonMain/kotlin/com/latenighthack/lockers/connector/ProtocolRetry.kt:17:98: This expression contains a magic number. Consider defining it to a well named constant. [MagicNumber]
/Users/mikeroberts/workspace/latenighthack/.worktrees/lockers-review-static-pass2/connector/src/commonMain/kotlin/com/latenighthack/lockers/connector/ProtocolRetry.kt:17:134: This expression contains a magic number. Consider defining it to a well named constant. [MagicNumber]
/Users/mikeroberts/workspace/latenighthack/.worktrees/lockers-review-static-pass2/connector/src/commonMain/kotlin/com/latenighthack/lockers/connector/ProtocolRetry.kt:18:48: This expression contains a magic number. Consider defining it to a well named constant. [MagicNumber]
/Users/mikeroberts/workspace/latenighthack/.worktrees/lockers-review-static-pass2/connector/src/commonMain/kotlin/com/latenighthack/lockers/connector/ProtocolRetry.kt:18:74: This expression contains a magic number. Consider defining it to a well named constant. [MagicNumber]
/Users/mikeroberts/workspace/latenighthack/.worktrees/lockers-review-static-pass2/connector/src/commonMain/kotlin/com/latenighthack/lockers/connector/ProtocolRetry.kt:18:119: This expression contains a magic number. Consider defining it to a well named constant. [MagicNumber]
/Users/mikeroberts/workspace/latenighthack/.worktrees/lockers-review-static-pass2/connector/src/commonMain/kotlin/com/latenighthack/lockers/connector/LockerClient.kt:1272:25: Function recoverRatchetAuthority has 13 return statements which exceeds the limit of 2. [ReturnCount]
/Users/mikeroberts/workspace/latenighthack/.worktrees/lockers-review-static-pass2/connector/src/commonMain/kotlin/com/latenighthack/lockers/connector/LockerClient.kt:543:25: Too many throw statements in the function hydrateRoom. The maximum number of allowed throw statements is 2. [ThrowsCount]
/Users/mikeroberts/workspace/latenighthack/.worktrees/lockers-review-static-pass2/connector/src/commonMain/kotlin/com/latenighthack/lockers/connector/LockerClient.kt:559:1: Line detected, which is longer than the defined maximum line length in the code style. [MaxLineLength]
/Users/mikeroberts/workspace/latenighthack/.worktrees/lockers-review-static-pass2/connector/src/commonMain/kotlin/com/latenighthack/lockers/connector/LockerClient.kt:561:1: Line detected, which is longer than the defined maximum line length in the code style. [MaxLineLength]
/Users/mikeroberts/workspace/latenighthack/.worktrees/lockers-review-static-pass2/connector/src/commonMain/kotlin/com/latenighthack/lockers/connector/LockerClient.kt:562:1: Line detected, which is longer than the defined maximum line length in the code style. [MaxLineLength]
/Users/mikeroberts/workspace/latenighthack/.worktrees/lockers-review-static-pass2/connector/src/commonMain/kotlin/com/latenighthack/lockers/connector/LockerClient.kt:573:1: Line detected, which is longer than the defined maximum line length in the code style. [MaxLineLength]
/Users/mikeroberts/workspace/latenighthack/.worktrees/lockers-review-static-pass2/connector/src/commonMain/kotlin/com/latenighthack/lockers/connector/LockerClient.kt:574:1: Line detected, which is longer than the defined maximum line length in the code style. [MaxLineLength]
/Users/mikeroberts/workspace/latenighthack/.worktrees/lockers-review-static-pass2/connector/src/commonMain/kotlin/com/latenighthack/lockers/connector/LockerClient.kt:580:1: Line detected, which is longer than the defined maximum line length in the code style. [MaxLineLength]
/Users/mikeroberts/workspace/latenighthack/.worktrees/lockers-review-static-pass2/connector/src/commonMain/kotlin/com/latenighthack/lockers/connector/LockerClient.kt:584:1: Line detected, which is longer than the defined maximum line length in the code style. [MaxLineLength]
/Users/mikeroberts/workspace/latenighthack/.worktrees/lockers-review-static-pass2/connector/src/commonMain/kotlin/com/latenighthack/lockers/connector/LockerClient.kt:596:1: Line detected, which is longer than the defined maximum line length in the code style. [MaxLineLength]
/Users/mikeroberts/workspace/latenighthack/.worktrees/lockers-review-static-pass2/connector/src/commonMain/kotlin/com/latenighthack/lockers/connector/LockerClient.kt:1082:1: Line detected, which is longer than the defined maximum line length in the code style. [MaxLineLength]
/Users/mikeroberts/workspace/latenighthack/.worktrees/lockers-review-static-pass2/connector/src/commonMain/kotlin/com/latenighthack/lockers/connector/LockerClient.kt:1105:1: Line detected, which is longer than the defined maximum line length in the code style. [MaxLineLength]
/Users/mikeroberts/workspace/latenighthack/.worktrees/lockers-review-static-pass2/connector/src/commonMain/kotlin/com/latenighthack/lockers/connector/LockerClient.kt:1122:1: Line detected, which is longer than the defined maximum line length in the code style. [MaxLineLength]
/Users/mikeroberts/workspace/latenighthack/.worktrees/lockers-review-static-pass2/connector/src/commonMain/kotlin/com/latenighthack/lockers/connector/LockerClient.kt:1124:1: Line detected, which is longer than the defined maximum line length in the code style. [MaxLineLength]
/Users/mikeroberts/workspace/latenighthack/.worktrees/lockers-review-static-pass2/connector/src/commonMain/kotlin/com/latenighthack/lockers/connector/LockerClient.kt:1125:1: Line detected, which is longer than the defined maximum line length in the code style. [MaxLineLength]
/Users/mikeroberts/workspace/latenighthack/.worktrees/lockers-review-static-pass2/connector/src/commonMain/kotlin/com/latenighthack/lockers/connector/LockerClient.kt:1227:1: Line detected, which is longer than the defined maximum line length in the code style. [MaxLineLength]
/Users/mikeroberts/workspace/latenighthack/.worktrees/lockers-review-static-pass2/connector/src/commonMain/kotlin/com/latenighthack/lockers/connector/LockerClient.kt:1256:1: Line detected, which is longer than the defined maximum line length in the code style. [MaxLineLength]
/Users/mikeroberts/workspace/latenighthack/.worktrees/lockers-review-static-pass2/connector/src/commonMain/kotlin/com/latenighthack/lockers/connector/LockerClient.kt:1293:1: Line detected, which is longer than the defined maximum line length in the code style. [MaxLineLength]
/Users/mikeroberts/workspace/latenighthack/.worktrees/lockers-review-static-pass2/connector/src/commonMain/kotlin/com/latenighthack/lockers/connector/LockerClient.kt:1294:1: Line detected, which is longer than the defined maximum line length in the code style. [MaxLineLength]
/Users/mikeroberts/workspace/latenighthack/.worktrees/lockers-review-static-pass2/connector/src/commonMain/kotlin/com/latenighthack/lockers/connector/LockerClient.kt:1305:1: Line detected, which is longer than the defined maximum line length in the code style. [MaxLineLength]
/Users/mikeroberts/workspace/latenighthack/.worktrees/lockers-review-static-pass2/connector/src/commonMain/kotlin/com/latenighthack/lockers/connector/LockerClient.kt:1323:1: Line detected, which is longer than the defined maximum line length in the code style. [MaxLineLength]
/Users/mikeroberts/workspace/latenighthack/.worktrees/lockers-review-static-pass2/connector/src/commonMain/kotlin/com/latenighthack/lockers/connector/LockerClient.kt:1439:1: Line detected, which is longer than the defined maximum line length in the code style. [MaxLineLength]
/Users/mikeroberts/workspace/latenighthack/.worktrees/lockers-review-static-pass2/connector/src/commonMain/kotlin/com/latenighthack/lockers/connector/SubscriptionIntentRevisions.kt:3:1: com.latenighthack.ktstore.* is a wildcard import. Replace it with fully qualified imports. [WildcardImport]
/Users/mikeroberts/workspace/latenighthack/.worktrees/lockers-review-static-pass2/connector/src/commonMain/kotlin/com/latenighthack/lockers/connector/SubscriptionIntentRevisions.kt:4:1: com.latenighthack.lockers.connector.internal.* is a wildcard import. Replace it with fully qualified imports. [WildcardImport]
/Users/mikeroberts/workspace/latenighthack/.worktrees/lockers-review-static-pass2/connector/src/commonMain/kotlin/com/latenighthack/lockers/connector/SubscriptionIntentRevisions.kt:8:1: Line detected, which is longer than the defined maximum line length in the code style. [MaxLineLength]
/Users/mikeroberts/workspace/latenighthack/.worktrees/lockers-review-static-pass2/connector/src/commonMain/kotlin/com/latenighthack/lockers/connector/SubscriptionIntentRevisions.kt:10:1: Line detected, which is longer than the defined maximum line length in the code style. [MaxLineLength]
/Users/mikeroberts/workspace/latenighthack/.worktrees/lockers-review-static-pass2/connector/src/commonMain/kotlin/com/latenighthack/lockers/connector/SubscriptionIntentRevisions.kt:11:1: Line detected, which is longer than the defined maximum line length in the code style. [MaxLineLength]
/Users/mikeroberts/workspace/latenighthack/.worktrees/lockers-review-static-pass2/connector/src/commonMain/kotlin/com/latenighthack/lockers/connector/SubscriptionIntentRevisions.kt:13:1: Line detected, which is longer than the defined maximum line length in the code style. [MaxLineLength]
/Users/mikeroberts/workspace/latenighthack/.worktrees/lockers-review-static-pass2/connector/src/commonMain/kotlin/com/latenighthack/lockers/connector/SubscriptionIntentRevisions.kt:15:1: Line detected, which is longer than the defined maximum line length in the code style. [MaxLineLength]
/Users/mikeroberts/workspace/latenighthack/.worktrees/lockers-review-static-pass2/connector/src/commonMain/kotlin/com/latenighthack/lockers/connector/SubscriptionIntentRevisions.kt:17:1: Line detected, which is longer than the defined maximum line length in the code style. [MaxLineLength]
/Users/mikeroberts/workspace/latenighthack/.worktrees/lockers-review-static-pass2/connector/src/commonMain/kotlin/com/latenighthack/lockers/connector/SubscriptionIntentRevisions.kt:18:1: Line detected, which is longer than the defined maximum line length in the code style. [MaxLineLength]
/Users/mikeroberts/workspace/latenighthack/.worktrees/lockers-review-static-pass2/connector/src/commonMain/kotlin/com/latenighthack/lockers/connector/SubscriptionIntentRevisions.kt:20:1: Line detected, which is longer than the defined maximum line length in the code style. [MaxLineLength]
/Users/mikeroberts/workspace/latenighthack/.worktrees/lockers-review-static-pass2/connector/src/commonMain/kotlin/com/latenighthack/lockers/connector/SubscriptionIntentRevisions.kt:25:1: Line detected, which is longer than the defined maximum line length in the code style. [MaxLineLength]
/Users/mikeroberts/workspace/latenighthack/.worktrees/lockers-review-static-pass2/connector/src/commonMain/kotlin/com/latenighthack/lockers/connector/SubscriptionIntentRevisions.kt:26:1: Line detected, which is longer than the defined maximum line length in the code style. [MaxLineLength]
/Users/mikeroberts/workspace/latenighthack/.worktrees/lockers-review-static-pass2/connector/src/commonMain/kotlin/com/latenighthack/lockers/connector/SubscriptionIntentRevisions.kt:27:1: Line detected, which is longer than the defined maximum line length in the code style. [MaxLineLength]
/Users/mikeroberts/workspace/latenighthack/.worktrees/lockers-review-static-pass2/connector/src/commonMain/kotlin/com/latenighthack/lockers/connector/SubscriptionIntentRevisions.kt:28:1: Line detected, which is longer than the defined maximum line length in the code style. [MaxLineLength]
/Users/mikeroberts/workspace/latenighthack/.worktrees/lockers-review-static-pass2/connector/src/commonMain/kotlin/com/latenighthack/lockers/connector/SubscriptionIntentRevisions.kt:10:62: This expression contains a magic number. Consider defining it to a well named constant. [MagicNumber]
/Users/mikeroberts/workspace/latenighthack/.worktrees/lockers-review-static-pass2/connector/src/commonMain/kotlin/com/latenighthack/lockers/connector/SubscriptionIntentRevisions.kt:10:88: This expression contains a magic number. Consider defining it to a well named constant. [MagicNumber]
/Users/mikeroberts/workspace/latenighthack/.worktrees/lockers-review-static-pass2/connector/src/commonMain/kotlin/com/latenighthack/lockers/connector/Stream.kt:333:17: Too many throw statements in the function startWatchingSubscriptions. The maximum number of allowed throw statements is 2. [ThrowsCount]
/Users/mikeroberts/workspace/latenighthack/.worktrees/lockers-review-static-pass2/connector/src/commonMain/kotlin/com/latenighthack/lockers/connector/Stream.kt:94:1: Line detected, which is longer than the defined maximum line length in the code style. [MaxLineLength]
/Users/mikeroberts/workspace/latenighthack/.worktrees/lockers-review-static-pass2/connector/src/commonMain/kotlin/com/latenighthack/lockers/connector/Stream.kt:108:1: Line detected, which is longer than the defined maximum line length in the code style. [MaxLineLength]
/Users/mikeroberts/workspace/latenighthack/.worktrees/lockers-review-static-pass2/connector/src/commonMain/kotlin/com/latenighthack/lockers/connector/Stream.kt:182:1: Line detected, which is longer than the defined maximum line length in the code style. [MaxLineLength]
/Users/mikeroberts/workspace/latenighthack/.worktrees/lockers-review-static-pass2/connector/src/commonMain/kotlin/com/latenighthack/lockers/connector/Stream.kt:186:1: Line detected, which is longer than the defined maximum line length in the code style. [MaxLineLength]
/Users/mikeroberts/workspace/latenighthack/.worktrees/lockers-review-static-pass2/connector/src/commonMain/kotlin/com/latenighthack/lockers/connector/Stream.kt:187:1: Line detected, which is longer than the defined maximum line length in the code style. [MaxLineLength]
/Users/mikeroberts/workspace/latenighthack/.worktrees/lockers-review-static-pass2/connector/src/commonMain/kotlin/com/latenighthack/lockers/connector/Stream.kt:188:1: Line detected, which is longer than the defined maximum line length in the code style. [MaxLineLength]
/Users/mikeroberts/workspace/latenighthack/.worktrees/lockers-review-static-pass2/connector/src/commonMain/kotlin/com/latenighthack/lockers/connector/Stream.kt:214:1: Line detected, which is longer than the defined maximum line length in the code style. [MaxLineLength]
/Users/mikeroberts/workspace/latenighthack/.worktrees/lockers-review-static-pass2/connector/src/commonMain/kotlin/com/latenighthack/lockers/connector/Stream.kt:224:1: Line detected, which is longer than the defined maximum line length in the code style. [MaxLineLength]
/Users/mikeroberts/workspace/latenighthack/.worktrees/lockers-review-static-pass2/connector/src/commonMain/kotlin/com/latenighthack/lockers/connector/Stream.kt:225:1: Line detected, which is longer than the defined maximum line length in the code style. [MaxLineLength]
/Users/mikeroberts/workspace/latenighthack/.worktrees/lockers-review-static-pass2/connector/src/commonMain/kotlin/com/latenighthack/lockers/connector/Stream.kt:233:1: Line detected, which is longer than the defined maximum line length in the code style. [MaxLineLength]
/Users/mikeroberts/workspace/latenighthack/.worktrees/lockers-review-static-pass2/connector/src/commonMain/kotlin/com/latenighthack/lockers/connector/Stream.kt:235:1: Line detected, which is longer than the defined maximum line length in the code style. [MaxLineLength]
/Users/mikeroberts/workspace/latenighthack/.worktrees/lockers-review-static-pass2/connector/src/commonMain/kotlin/com/latenighthack/lockers/connector/Stream.kt:244:1: Line detected, which is longer than the defined maximum line length in the code style. [MaxLineLength]
/Users/mikeroberts/workspace/latenighthack/.worktrees/lockers-review-static-pass2/connector/src/commonMain/kotlin/com/latenighthack/lockers/connector/Stream.kt:250:1: Line detected, which is longer than the defined maximum line length in the code style. [MaxLineLength]
/Users/mikeroberts/workspace/latenighthack/.worktrees/lockers-review-static-pass2/connector/src/commonMain/kotlin/com/latenighthack/lockers/connector/Stream.kt:306:1: Line detected, which is longer than the defined maximum line length in the code style. [MaxLineLength]
/Users/mikeroberts/workspace/latenighthack/.worktrees/lockers-review-static-pass2/connector/src/commonMain/kotlin/com/latenighthack/lockers/connector/Stream.kt:307:1: Line detected, which is longer than the defined maximum line length in the code style. [MaxLineLength]
/Users/mikeroberts/workspace/latenighthack/.worktrees/lockers-review-static-pass2/connector/src/commonMain/kotlin/com/latenighthack/lockers/connector/Stream.kt:310:1: Line detected, which is longer than the defined maximum line length in the code style. [MaxLineLength]
/Users/mikeroberts/workspace/latenighthack/.worktrees/lockers-review-static-pass2/connector/src/commonMain/kotlin/com/latenighthack/lockers/connector/Stream.kt:315:1: Line detected, which is longer than the defined maximum line length in the code style. [MaxLineLength]
/Users/mikeroberts/workspace/latenighthack/.worktrees/lockers-review-static-pass2/connector/src/commonMain/kotlin/com/latenighthack/lockers/connector/Stream.kt:347:1: Line detected, which is longer than the defined maximum line length in the code style. [MaxLineLength]
/Users/mikeroberts/workspace/latenighthack/.worktrees/lockers-review-static-pass2/connector/src/commonMain/kotlin/com/latenighthack/lockers/connector/Stream.kt:348:1: Line detected, which is longer than the defined maximum line length in the code style. [MaxLineLength]
/Users/mikeroberts/workspace/latenighthack/.worktrees/lockers-review-static-pass2/connector/src/commonMain/kotlin/com/latenighthack/lockers/connector/Stream.kt:355:1: Line detected, which is longer than the defined maximum line length in the code style. [MaxLineLength]
/Users/mikeroberts/workspace/latenighthack/.worktrees/lockers-review-static-pass2/connector/src/commonMain/kotlin/com/latenighthack/lockers/connector/Stream.kt:358:1: Line detected, which is longer than the defined maximum line length in the code style. [MaxLineLength]
/Users/mikeroberts/workspace/latenighthack/.worktrees/lockers-review-static-pass2/connector/src/commonMain/kotlin/com/latenighthack/lockers/connector/Stream.kt:381:1: Line detected, which is longer than the defined maximum line length in the code style. [MaxLineLength]
/Users/mikeroberts/workspace/latenighthack/.worktrees/lockers-review-static-pass2/connector/src/commonMain/kotlin/com/latenighthack/lockers/connector/Stream.kt:382:1: Line detected, which is longer than the defined maximum line length in the code style. [MaxLineLength]
/Users/mikeroberts/workspace/latenighthack/.worktrees/lockers-review-static-pass2/connector/src/commonMain/kotlin/com/latenighthack/lockers/connector/Stream.kt:411:1: Line detected, which is longer than the defined maximum line length in the code style. [MaxLineLength]
/Users/mikeroberts/workspace/latenighthack/.worktrees/lockers-review-static-pass2/connector/src/commonMain/kotlin/com/latenighthack/lockers/connector/Stream.kt:418:1: Line detected, which is longer than the defined maximum line length in the code style. [MaxLineLength]
/Users/mikeroberts/workspace/latenighthack/.worktrees/lockers-review-static-pass2/connector/src/commonMain/kotlin/com/latenighthack/lockers/connector/Stream.kt:431:1: Line detected, which is longer than the defined maximum line length in the code style. [MaxLineLength]
/Users/mikeroberts/workspace/latenighthack/.worktrees/lockers-review-static-pass2/connector/src/commonMain/kotlin/com/latenighthack/lockers/connector/Stream.kt:444:1: Line detected, which is longer than the defined maximum line length in the code style. [MaxLineLength]
/Users/mikeroberts/workspace/latenighthack/.worktrees/lockers-review-static-pass2/connector/src/commonMain/kotlin/com/latenighthack/lockers/connector/Stream.kt:447:1: Line detected, which is longer than the defined maximum line length in the code style. [MaxLineLength]
/Users/mikeroberts/workspace/latenighthack/.worktrees/lockers-review-static-pass2/connector/src/commonMain/kotlin/com/latenighthack/lockers/connector/Stream.kt:448:1: Line detected, which is longer than the defined maximum line length in the code style. [MaxLineLength]
/Users/mikeroberts/workspace/latenighthack/.worktrees/lockers-review-static-pass2/connector/src/commonMain/kotlin/com/latenighthack/lockers/connector/Stream.kt:452:1: Line detected, which is longer than the defined maximum line length in the code style. [MaxLineLength]
/Users/mikeroberts/workspace/latenighthack/.worktrees/lockers-review-static-pass2/connector/src/commonMain/kotlin/com/latenighthack/lockers/connector/Stream.kt:467:1: Line detected, which is longer than the defined maximum line length in the code style. [MaxLineLength]
/Users/mikeroberts/workspace/latenighthack/.worktrees/lockers-review-static-pass2/connector/src/commonMain/kotlin/com/latenighthack/lockers/connector/Stream.kt:471:1: Line detected, which is longer than the defined maximum line length in the code style. [MaxLineLength]
/Users/mikeroberts/workspace/latenighthack/.worktrees/lockers-review-static-pass2/connector/src/commonMain/kotlin/com/latenighthack/lockers/connector/Stream.kt:473:1: Line detected, which is longer than the defined maximum line length in the code style. [MaxLineLength]
/Users/mikeroberts/workspace/latenighthack/.worktrees/lockers-review-static-pass2/connector/src/commonMain/kotlin/com/latenighthack/lockers/connector/Stream.kt:477:1: Line detected, which is longer than the defined maximum line length in the code style. [MaxLineLength]
/Users/mikeroberts/workspace/latenighthack/.worktrees/lockers-review-static-pass2/connector/src/commonMain/kotlin/com/latenighthack/lockers/connector/Stream.kt:482:1: Line detected, which is longer than the defined maximum line length in the code style. [MaxLineLength]
/Users/mikeroberts/workspace/latenighthack/.worktrees/lockers-review-static-pass2/connector/src/commonMain/kotlin/com/latenighthack/lockers/connector/Stream.kt:484:1: Line detected, which is longer than the defined maximum line length in the code style. [MaxLineLength]
/Users/mikeroberts/workspace/latenighthack/.worktrees/lockers-review-static-pass2/connector/src/commonMain/kotlin/com/latenighthack/lockers/connector/Stream.kt:487:1: Line detected, which is longer than the defined maximum line length in the code style. [MaxLineLength]
/Users/mikeroberts/workspace/latenighthack/.worktrees/lockers-review-static-pass2/connector/src/commonMain/kotlin/com/latenighthack/lockers/connector/Stream.kt:490:1: Line detected, which is longer than the defined maximum line length in the code style. [MaxLineLength]
/Users/mikeroberts/workspace/latenighthack/.worktrees/lockers-review-static-pass2/connector/src/commonMain/kotlin/com/latenighthack/lockers/connector/Stream.kt:491:1: Line detected, which is longer than the defined maximum line length in the code style. [MaxLineLength]
/Users/mikeroberts/workspace/latenighthack/.worktrees/lockers-review-static-pass2/connector/src/commonMain/kotlin/com/latenighthack/lockers/connector/Stream.kt:492:1: Line detected, which is longer than the defined maximum line length in the code style. [MaxLineLength]
/Users/mikeroberts/workspace/latenighthack/.worktrees/lockers-review-static-pass2/connector/src/commonMain/kotlin/com/latenighthack/lockers/connector/Stream.kt:500:1: Line detected, which is longer than the defined maximum line length in the code style. [MaxLineLength]
/Users/mikeroberts/workspace/latenighthack/.worktrees/lockers-review-static-pass2/connector/src/commonMain/kotlin/com/latenighthack/lockers/connector/Stream.kt:522:1: Line detected, which is longer than the defined maximum line length in the code style. [MaxLineLength]
/Users/mikeroberts/workspace/latenighthack/.worktrees/lockers-review-static-pass2/connector/src/commonMain/kotlin/com/latenighthack/lockers/connector/Stream.kt:556:1: Line detected, which is longer than the defined maximum line length in the code style. [MaxLineLength]
/Users/mikeroberts/workspace/latenighthack/.worktrees/lockers-review-static-pass2/connector/src/commonMain/kotlin/com/latenighthack/lockers/connector/Stream.kt:627:1: Line detected, which is longer than the defined maximum line length in the code style. [MaxLineLength]
/Users/mikeroberts/workspace/latenighthack/.worktrees/lockers-review-static-pass2/connector/src/commonMain/kotlin/com/latenighthack/lockers/connector/Stream.kt:752:1: Line detected, which is longer than the defined maximum line length in the code style. [MaxLineLength]
/Users/mikeroberts/workspace/latenighthack/.worktrees/lockers-review-static-pass2/connector/src/commonMain/kotlin/com/latenighthack/lockers/connector/Stream.kt:436:17: The loop contains more than one break or continue statement. The code should be refactored to increase readability. [LoopWithTooManyJumpStatements]
/Users/mikeroberts/workspace/latenighthack/.worktrees/lockers-review-static-pass2/connector/src/commonMain/kotlin/com/latenighthack/lockers/connector/Stream.kt:185:39: This expression contains a magic number. Consider defining it to a well named constant. [MagicNumber]
/Users/mikeroberts/workspace/latenighthack/.worktrees/lockers-review-static-pass2/connector/src/commonMain/kotlin/com/latenighthack/lockers/connector/Stream.kt:241:56: This expression contains a magic number. Consider defining it to a well named constant. [MagicNumber]
/Users/mikeroberts/workspace/latenighthack/.worktrees/lockers-review-static-pass2/connector/src/commonMain/kotlin/com/latenighthack/lockers/connector/Stream.kt:315:128: This expression contains a magic number. Consider defining it to a well named constant. [MagicNumber]
/Users/mikeroberts/workspace/latenighthack/.worktrees/lockers-review-static-pass2/connector/src/commonMain/kotlin/com/latenighthack/lockers/connector/Stream.kt:357:74: This expression contains a magic number. Consider defining it to a well named constant. [MagicNumber]
/Users/mikeroberts/workspace/latenighthack/.worktrees/lockers-review-static-pass2/connector/src/commonMain/kotlin/com/latenighthack/lockers/connector/Stream.kt:490:49: This expression contains a magic number. Consider defining it to a well named constant. [MagicNumber]
/Users/mikeroberts/workspace/latenighthack/.worktrees/lockers-review-static-pass2/connector/src/commonMain/kotlin/com/latenighthack/lockers/connector/Stream.kt:553:42: This expression contains a magic number. Consider defining it to a well named constant. [MagicNumber]
/Users/mikeroberts/workspace/latenighthack/.worktrees/lockers-review-static-pass2/connector/src/commonMain/kotlin/com/latenighthack/lockers/connector/Stream.kt:725:85: This expression contains a magic number. Consider defining it to a well named constant. [MagicNumber]
/Users/mikeroberts/workspace/latenighthack/.worktrees/lockers-review-static-pass2/connector/src/commonTest/kotlin/com/latenighthack/lockers/connector/LockerStoreIsolationTest.kt:3:1: com.latenighthack.lockers.common.v1.* is a wildcard import. Replace it with fully qualified imports. [WildcardImport]
/Users/mikeroberts/workspace/latenighthack/.worktrees/lockers-review-static-pass2/connector/src/commonTest/kotlin/com/latenighthack/lockers/connector/LockerStoreIsolationTest.kt:7:1: kotlin.test.* is a wildcard import. Replace it with fully qualified imports. [WildcardImport]
/Users/mikeroberts/workspace/latenighthack/.worktrees/lockers-review-static-pass2/connector/src/commonTest/kotlin/com/latenighthack/lockers/connector/PersistentMutationContract.kt:3:1: com.latenighthack.ktcrypto.* is a wildcard import. Replace it with fully qualified imports. [WildcardImport]
/Users/mikeroberts/workspace/latenighthack/.worktrees/lockers-review-static-pass2/connector/src/commonTest/kotlin/com/latenighthack/lockers/connector/PersistentMutationContract.kt:4:1: com.latenighthack.ktstore.* is a wildcard import. Replace it with fully qualified imports. [WildcardImport]
/Users/mikeroberts/workspace/latenighthack/.worktrees/lockers-review-static-pass2/connector/src/commonTest/kotlin/com/latenighthack/lockers/connector/PersistentMutationContract.kt:5:1: com.latenighthack.lockers.common.v1.* is a wildcard import. Replace it with fully qualified imports. [WildcardImport]
/Users/mikeroberts/workspace/latenighthack/.worktrees/lockers-review-static-pass2/connector/src/commonTest/kotlin/com/latenighthack/lockers/connector/PersistentMutationContract.kt:6:1: com.latenighthack.lockers.connector.internal.* is a wildcard import. Replace it with fully qualified imports. [WildcardImport]
/Users/mikeroberts/workspace/latenighthack/.worktrees/lockers-review-static-pass2/connector/src/commonTest/kotlin/com/latenighthack/lockers/connector/PersistentMutationContract.kt:7:1: com.latenighthack.lockers.connector.storage.v1.* is a wildcard import. Replace it with fully qualified imports. [WildcardImport]
/Users/mikeroberts/workspace/latenighthack/.worktrees/lockers-review-static-pass2/connector/src/commonTest/kotlin/com/latenighthack/lockers/connector/PersistentMutationContract.kt:8:1: com.latenighthack.lockers.room.v1.* is a wildcard import. Replace it with fully qualified imports. [WildcardImport]
/Users/mikeroberts/workspace/latenighthack/.worktrees/lockers-review-static-pass2/connector/src/commonTest/kotlin/com/latenighthack/lockers/connector/PersistentMutationContract.kt:10:1: kotlin.test.* is a wildcard import. Replace it with fully qualified imports. [WildcardImport]
/Users/mikeroberts/workspace/latenighthack/.worktrees/lockers-review-static-pass2/connector/src/commonTest/kotlin/com/latenighthack/lockers/connector/ArchiveMigrationContract.kt:3:1: com.latenighthack.ktcrypto.* is a wildcard import. Replace it with fully qualified imports. [WildcardImport]
/Users/mikeroberts/workspace/latenighthack/.worktrees/lockers-review-static-pass2/connector/src/commonTest/kotlin/com/latenighthack/lockers/connector/ArchiveMigrationContract.kt:4:1: com.latenighthack.ktstore.* is a wildcard import. Replace it with fully qualified imports. [WildcardImport]
/Users/mikeroberts/workspace/latenighthack/.worktrees/lockers-review-static-pass2/connector/src/commonTest/kotlin/com/latenighthack/lockers/connector/ArchiveMigrationContract.kt:5:1: com.latenighthack.lockers.common.v1.* is a wildcard import. Replace it with fully qualified imports. [WildcardImport]
/Users/mikeroberts/workspace/latenighthack/.worktrees/lockers-review-static-pass2/connector/src/commonTest/kotlin/com/latenighthack/lockers/connector/ArchiveMigrationContract.kt:6:1: com.latenighthack.lockers.connector.internal.* is a wildcard import. Replace it with fully qualified imports. [WildcardImport]
/Users/mikeroberts/workspace/latenighthack/.worktrees/lockers-review-static-pass2/connector/src/commonTest/kotlin/com/latenighthack/lockers/connector/ArchiveMigrationContract.kt:7:1: com.latenighthack.lockers.connector.storage.v1.* is a wildcard import. Replace it with fully qualified imports. [WildcardImport]
/Users/mikeroberts/workspace/latenighthack/.worktrees/lockers-review-static-pass2/connector/src/commonTest/kotlin/com/latenighthack/lockers/connector/ArchiveMigrationContract.kt:8:1: com.latenighthack.lockers.room.v1.* is a wildcard import. Replace it with fully qualified imports. [WildcardImport]
/Users/mikeroberts/workspace/latenighthack/.worktrees/lockers-review-static-pass2/connector/src/commonTest/kotlin/com/latenighthack/lockers/connector/ArchiveMigrationContract.kt:9:1: kotlin.test.* is a wildcard import. Replace it with fully qualified imports. [WildcardImport]
/Users/mikeroberts/workspace/latenighthack/.worktrees/lockers-review-static-pass2/connector/src/commonTest/kotlin/com/latenighthack/lockers/connector/ArchiveMigrationContract.kt:41:1: Line detected, which is longer than the defined maximum line length in the code style. [MaxLineLength]
/Users/mikeroberts/workspace/latenighthack/.worktrees/lockers-review-static-pass2/connector/src/commonTest/kotlin/com/latenighthack/lockers/connector/ArchiveMigrationContract.kt:54:1: Line detected, which is longer than the defined maximum line length in the code style. [MaxLineLength]
/Users/mikeroberts/workspace/latenighthack/.worktrees/lockers-review-static-pass2/connector/src/commonTest/kotlin/com/latenighthack/lockers/connector/ArchiveMigrationContract.kt:68:1: Line detected, which is longer than the defined maximum line length in the code style. [MaxLineLength]
/Users/mikeroberts/workspace/latenighthack/.worktrees/lockers-review-static-pass2/connector/src/commonTest/kotlin/com/latenighthack/lockers/connector/ArchiveMigrationContract.kt:94:1: Line detected, which is longer than the defined maximum line length in the code style. [MaxLineLength]
/Users/mikeroberts/workspace/latenighthack/.worktrees/lockers-review-static-pass2/connector/src/commonTest/kotlin/com/latenighthack/lockers/connector/ArchiveMigrationContract.kt:114:1: Line detected, which is longer than the defined maximum line length in the code style. [MaxLineLength]


> Task :keymaster:detekt
> Task :observability-api:detekt
> Task :observability-connector:detekt
> Task :observability-server:detekt

> Task :server:detekt FAILED
/Users/mikeroberts/workspace/latenighthack/.worktrees/lockers-review-static-pass2/server/src/main/kotlin/com/latenighthack/lockers/server/cluster/ClusterContext.kt:24:21: The constructor(router: ShardRouter, sessionGateways: RemoteGateway<SessionGatewayService>, pushGateways: RemoteGateway<PushGatewayService>, ownerCoordinator: OwnershipCoordinator?, roomKeyspaces: List<Keyspace>, ownerMetrics: OwnerLifecycleMetrics, sessionPublicAddresses: Map<NodeId, String>?) has too many parameters. The current threshold is set to 7. [LongParameterList]
/Users/mikeroberts/workspace/latenighthack/.worktrees/lockers-review-static-pass2/server/src/main/kotlin/com/latenighthack/lockers/server/services/room/v1/SubscriptionIntents.kt:72:17: This condition is too complex (4). Defined complexity threshold for conditions is set to '4' [ComplexCondition]
/Users/mikeroberts/workspace/latenighthack/.worktrees/lockers-review-static-pass2/server/src/main/kotlin/com/latenighthack/lockers/server/services/room/v1/SnapshotStore.kt:50:32: The function binding(operation: Int, room: RoomId, session: SessionId?, spaces: Set<Long>, pageSize: Int, intentRevision: Long) has too many parameters. The current threshold is set to 6. [LongParameterList]
/Users/mikeroberts/workspace/latenighthack/.worktrees/lockers-review-static-pass2/server/src/main/kotlin/com/latenighthack/lockers/server/services/room/v1/SnapshotStore.kt:62:21: The function next(operation: Int, room: RoomId, session: SessionId?, spaces: Set<Long>, pageSize: Int, token: ByteArray, intentRevision: Long) has too many parameters. The current threshold is set to 6. [LongParameterList]
/Users/mikeroberts/workspace/latenighthack/.worktrees/lockers-review-static-pass2/server/src/main/kotlin/com/latenighthack/lockers/server/services/room/v1/SnapshotStore.kt:69:23: The function create(operation: Int, room: RoomId, session: SessionId?, spaces: Set<Long>, pageSize: Int, sequence: Long, lockers: List<IdentifiedLocker>, intentRevision: Long) has too many parameters. The current threshold is set to 6. [LongParameterList]
/Users/mikeroberts/workspace/latenighthack/.worktrees/lockers-review-static-pass2/server/src/main/kotlin/com/latenighthack/lockers/server/services/room/v1/SnapshotStore.kt:69:17: The function create appears to be too complex based on Cyclomatic Complexity (complexity: 29). Defined complexity threshold for methods is set to '15' [CyclomaticComplexMethod]
/Users/mikeroberts/workspace/latenighthack/.worktrees/lockers-review-static-pass2/server/src/test/kotlin/com/latenighthack/lockers/server/RingPublicSessionRecoveryTest.kt:100:63: This empty block of code can be removed. [EmptyFunctionBlock]
/Users/mikeroberts/workspace/latenighthack/.worktrees/lockers-review-static-pass2/server/src/test/kotlin/com/latenighthack/lockers/server/RingPublicSessionRecoveryTest.kt:101:51: This empty block of code can be removed. [EmptyFunctionBlock]
/Users/mikeroberts/workspace/latenighthack/.worktrees/lockers-review-static-pass2/server/src/test/kotlin/com/latenighthack/lockers/server/SubscriptionIntentStoreTest.kt:5:1: com.latenighthack.ktstore.* is a wildcard import. Replace it with fully qualified imports. [WildcardImport]
/Users/mikeroberts/workspace/latenighthack/.worktrees/lockers-review-static-pass2/server/src/test/kotlin/com/latenighthack/lockers/server/SubscriptionIntentStoreTest.kt:6:1: com.latenighthack.lockers.server.services.room.v1.* is a wildcard import. Replace it with fully qualified imports. [WildcardImport]
/Users/mikeroberts/workspace/latenighthack/.worktrees/lockers-review-static-pass2/server/src/test/kotlin/com/latenighthack/lockers/server/SubscriptionIntentStoreTest.kt:7:1: com.latenighthack.lockers.server.storage.v1.* is a wildcard import. Replace it with fully qualified imports. [WildcardImport]
/Users/mikeroberts/workspace/latenighthack/.worktrees/lockers-review-static-pass2/server/src/test/kotlin/com/latenighthack/lockers/server/SubscriptionIntentStoreTest.kt:8:1: kotlinx.coroutines.* is a wildcard import. Replace it with fully qualified imports. [WildcardImport]
/Users/mikeroberts/workspace/latenighthack/.worktrees/lockers-review-static-pass2/server/src/test/kotlin/com/latenighthack/lockers/server/SubscriptionIntentStoreTest.kt:10:1: kotlin.test.* is a wildcard import. Replace it with fully qualified imports. [WildcardImport]
/Users/mikeroberts/workspace/latenighthack/.worktrees/lockers-review-static-pass2/server/src/test/kotlin/com/latenighthack/lockers/server/SubscriptionIntentStoreTest.kt:13:1: Line detected, which is longer than the defined maximum line length in the code style. [MaxLineLength]
/Users/mikeroberts/workspace/latenighthack/.worktrees/lockers-review-static-pass2/server/src/test/kotlin/com/latenighthack/lockers/server/SubscriptionIntentStoreTest.kt:16:1: Line detected, which is longer than the defined maximum line length in the code style. [MaxLineLength]
/Users/mikeroberts/workspace/latenighthack/.worktrees/lockers-review-static-pass2/server/src/test/kotlin/com/latenighthack/lockers/server/SubscriptionIntentStoreTest.kt:35:1: Line detected, which is longer than the defined maximum line length in the code style. [MaxLineLength]
/Users/mikeroberts/workspace/latenighthack/.worktrees/lockers-review-static-pass2/server/src/test/kotlin/com/latenighthack/lockers/server/SubscriptionIntentStoreTest.kt:37:1: Line detected, which is longer than the defined maximum line length in the code style. [MaxLineLength]
/Users/mikeroberts/workspace/latenighthack/.worktrees/lockers-review-static-pass2/server/src/test/kotlin/com/latenighthack/lockers/server/SubscriptionIntentStoreTest.kt:40:1: Line detected, which is longer than the defined maximum line length in the code style. [MaxLineLength]
/Users/mikeroberts/workspace/latenighthack/.worktrees/lockers-review-static-pass2/server/src/test/kotlin/com/latenighthack/lockers/server/SubscriptionIntentStoreTest.kt:43:1: Line detected, which is longer than the defined maximum line length in the code style. [MaxLineLength]
/Users/mikeroberts/workspace/latenighthack/.worktrees/lockers-review-static-pass2/server/src/test/kotlin/com/latenighthack/lockers/server/SubscriptionIntentStoreTest.kt:60:1: Line detected, which is longer than the defined maximum line length in the code style. [MaxLineLength]
/Users/mikeroberts/workspace/latenighthack/.worktrees/lockers-review-static-pass2/server/src/test/kotlin/com/latenighthack/lockers/server/SubscriptionIntentStoreTest.kt:64:1: Line detected, which is longer than the defined maximum line length in the code style. [MaxLineLength]
/Users/mikeroberts/workspace/latenighthack/.worktrees/lockers-review-static-pass2/server/src/test/kotlin/com/latenighthack/lockers/server/SubscriptionIntentStoreTest.kt:67:1: Line detected, which is longer than the defined maximum line length in the code style. [MaxLineLength]
/Users/mikeroberts/workspace/latenighthack/.worktrees/lockers-review-static-pass2/server/src/test/kotlin/com/latenighthack/lockers/server/SubscriptionIntentPgTest.kt:6:1: com.latenighthack.lockers.server.services.room.v1.* is a wildcard import. Replace it with fully qualified imports. [WildcardImport]
/Users/mikeroberts/workspace/latenighthack/.worktrees/lockers-review-static-pass2/server/src/test/kotlin/com/latenighthack/lockers/server/SubscriptionIntentPgTest.kt:7:1: com.latenighthack.lockers.server.storage.v1.* is a wildcard import. Replace it with fully qualified imports. [WildcardImport]
/Users/mikeroberts/workspace/latenighthack/.worktrees/lockers-review-static-pass2/server/src/test/kotlin/com/latenighthack/lockers/server/SubscriptionIntentPgTest.kt:9:1: kotlinx.coroutines.* is a wildcard import. Replace it with fully qualified imports. [WildcardImport]
/Users/mikeroberts/workspace/latenighthack/.worktrees/lockers-review-static-pass2/server/src/test/kotlin/com/latenighthack/lockers/server/SubscriptionIntentPgTest.kt:10:1: kotlin.test.* is a wildcard import. Replace it with fully qualified imports. [WildcardImport]
/Users/mikeroberts/workspace/latenighthack/.worktrees/lockers-review-static-pass2/server/src/test/kotlin/com/latenighthack/lockers/server/SubscriptionIntentPgTest.kt:15:1: Line detected, which is longer than the defined maximum line length in the code style. [MaxLineLength]
/Users/mikeroberts/workspace/latenighthack/.worktrees/lockers-review-static-pass2/server/src/test/kotlin/com/latenighthack/lockers/server/SubscriptionIntentPgTest.kt:30:1: Line detected, which is longer than the defined maximum line length in the code style. [MaxLineLength]
/Users/mikeroberts/workspace/latenighthack/.worktrees/lockers-review-static-pass2/server/src/test/kotlin/com/latenighthack/lockers/server/SubscriptionIntentPgTest.kt:32:1: Line detected, which is longer than the defined maximum line length in the code style. [MaxLineLength]
/Users/mikeroberts/workspace/latenighthack/.worktrees/lockers-review-static-pass2/server/src/test/kotlin/com/latenighthack/lockers/server/SubscriptionIntentPgTest.kt:35:1: Line detected, which is longer than the defined maximum line length in the code style. [MaxLineLength]
/Users/mikeroberts/workspace/latenighthack/.worktrees/lockers-review-static-pass2/server/src/test/kotlin/com/latenighthack/lockers/server/SubscriptionIntentPgTest.kt:38:1: Line detected, which is longer than the defined maximum line length in the code style. [MaxLineLength]
/Users/mikeroberts/workspace/latenighthack/.worktrees/lockers-review-static-pass2/server/src/test/kotlin/com/latenighthack/lockers/server/PublicSessionAddressContractTest.kt:6:1: com.latenighthack.lockers.server.cluster.* is a wildcard import. Replace it with fully qualified imports. [WildcardImport]
/Users/mikeroberts/workspace/latenighthack/.worktrees/lockers-review-static-pass2/server/src/test/kotlin/com/latenighthack/lockers/server/PublicSessionAddressContractTest.kt:7:1: com.latenighthack.lockers.sharding.* is a wildcard import. Replace it with fully qualified imports. [WildcardImport]
/Users/mikeroberts/workspace/latenighthack/.worktrees/lockers-review-static-pass2/server/src/test/kotlin/com/latenighthack/lockers/server/PublicSessionAddressContractTest.kt:9:1: kotlinx.coroutines.* is a wildcard import. Replace it with fully qualified imports. [WildcardImport]
/Users/mikeroberts/workspace/latenighthack/.worktrees/lockers-review-static-pass2/server/src/test/kotlin/com/latenighthack/lockers/server/PublicSessionAddressContractTest.kt:10:1: kotlinx.coroutines.test.* is a wildcard import. Replace it with fully qualified imports. [WildcardImport]
/Users/mikeroberts/workspace/latenighthack/.worktrees/lockers-review-static-pass2/server/src/test/kotlin/com/latenighthack/lockers/server/PublicSessionAddressContractTest.kt:11:1: kotlin.test.* is a wildcard import. Replace it with fully qualified imports. [WildcardImport]
/Users/mikeroberts/workspace/latenighthack/.worktrees/lockers-review-static-pass2/server/src/test/kotlin/com/latenighthack/lockers/server/PublicSessionAddressContractTest.kt:17:1: Line detected, which is longer than the defined maximum line length in the code style. [MaxLineLength]
/Users/mikeroberts/workspace/latenighthack/.worktrees/lockers-review-static-pass2/server/src/test/kotlin/com/latenighthack/lockers/server/PublicSessionAddressContractTest.kt:20:1: Line detected, which is longer than the defined maximum line length in the code style. [MaxLineLength]
/Users/mikeroberts/workspace/latenighthack/.worktrees/lockers-review-static-pass2/server/src/test/kotlin/com/latenighthack/lockers/server/PublicSessionAddressContractTest.kt:22:1: Line detected, which is longer than the defined maximum line length in the code style. [MaxLineLength]
/Users/mikeroberts/workspace/latenighthack/.worktrees/lockers-review-static-pass2/server/src/test/kotlin/com/latenighthack/lockers/server/PublicSessionAddressContractTest.kt:26:1: Line detected, which is longer than the defined maximum line length in the code style. [MaxLineLength]
/Users/mikeroberts/workspace/latenighthack/.worktrees/lockers-review-static-pass2/server/src/test/kotlin/com/latenighthack/lockers/server/PublicSessionAddressContractTest.kt:29:1: Line detected, which is longer than the defined maximum line length in the code style. [MaxLineLength]
/Users/mikeroberts/workspace/latenighthack/.worktrees/lockers-review-static-pass2/server/src/test/kotlin/com/latenighthack/lockers/server/PublicSessionAddressContractTest.kt:30:1: Line detected, which is longer than the defined maximum line length in the code style. [MaxLineLength]
/Users/mikeroberts/workspace/latenighthack/.worktrees/lockers-review-static-pass2/server/src/test/kotlin/com/latenighthack/lockers/server/PublicSessionAddressContractTest.kt:32:1: Line detected, which is longer than the defined maximum line length in the code style. [MaxLineLength]
/Users/mikeroberts/workspace/latenighthack/.worktrees/lockers-review-static-pass2/server/src/test/kotlin/com/latenighthack/lockers/server/PublicSessionAddressContractTest.kt:41:1: Line detected, which is longer than the defined maximum line length in the code style. [MaxLineLength]
/Users/mikeroberts/workspace/latenighthack/.worktrees/lockers-review-static-pass2/server/src/test/kotlin/com/latenighthack/lockers/server/PublicSessionAddressContractTest.kt:44:1: Line detected, which is longer than the defined maximum line length in the code style. [MaxLineLength]
/Users/mikeroberts/workspace/latenighthack/.worktrees/lockers-review-static-pass2/server/src/test/kotlin/com/latenighthack/lockers/server/PublicSessionAddressContractTest.kt:46:1: Line detected, which is longer than the defined maximum line length in the code style. [MaxLineLength]
/Users/mikeroberts/workspace/latenighthack/.worktrees/lockers-review-static-pass2/server/src/test/kotlin/com/latenighthack/lockers/server/PublicSessionAddressContractTest.kt:48:1: Line detected, which is longer than the defined maximum line length in the code style. [MaxLineLength]
/Users/mikeroberts/workspace/latenighthack/.worktrees/lockers-review-static-pass2/server/src/test/kotlin/com/latenighthack/lockers/server/PublicSessionAddressContractTest.kt:57:1: Line detected, which is longer than the defined maximum line length in the code style. [MaxLineLength]
/Users/mikeroberts/workspace/latenighthack/.worktrees/lockers-review-static-pass2/server/src/test/kotlin/com/latenighthack/lockers/server/PublicSessionAddressContractTest.kt:58:1: Line detected, which is longer than the defined maximum line length in the code style. [MaxLineLength]
/Users/mikeroberts/workspace/latenighthack/.worktrees/lockers-review-static-pass2/server/src/test/kotlin/com/latenighthack/lockers/server/PublicSessionAddressContractTest.kt:60:1: Line detected, which is longer than the defined maximum line length in the code style. [MaxLineLength]
/Users/mikeroberts/workspace/latenighthack/.worktrees/lockers-review-static-pass2/server/src/test/kotlin/com/latenighthack/lockers/server/SubscriptionIntentBoundaryTest.kt:5:1: com.latenighthack.ktcrypto.* is a wildcard import. Replace it with fully qualified imports. [WildcardImport]
/Users/mikeroberts/workspace/latenighthack/.worktrees/lockers-review-static-pass2/server/src/test/kotlin/com/latenighthack/lockers/server/SubscriptionIntentBoundaryTest.kt:8:1: com.latenighthack.lockers.common.v1.* is a wildcard import. Replace it with fully qualified imports. [WildcardImport]
/Users/mikeroberts/workspace/latenighthack/.worktrees/lockers-review-static-pass2/server/src/test/kotlin/com/latenighthack/lockers/server/SubscriptionIntentBoundaryTest.kt:9:1: com.latenighthack.lockers.room.v1.* is a wildcard import. Replace it with fully qualified imports. [WildcardImport]
/Users/mikeroberts/workspace/latenighthack/.worktrees/lockers-review-static-pass2/server/src/test/kotlin/com/latenighthack/lockers/server/SubscriptionIntentBoundaryTest.kt:10:1: com.latenighthack.lockers.server.services.room.v1.* is a wildcard import. Replace it with fully qualified imports. [WildcardImport]
/Users/mikeroberts/workspace/latenighthack/.worktrees/lockers-review-static-pass2/server/src/test/kotlin/com/latenighthack/lockers/server/SubscriptionIntentBoundaryTest.kt:12:1: com.latenighthack.lockers.server.storage.v1.* is a wildcard import. Replace it with fully qualified imports. [WildcardImport]
/Users/mikeroberts/workspace/latenighthack/.worktrees/lockers-review-static-pass2/server/src/test/kotlin/com/latenighthack/lockers/server/SubscriptionIntentBoundaryTest.kt:18:1: kotlin.test.* is a wildcard import. Replace it with fully qualified imports. [WildcardImport]
/Users/mikeroberts/workspace/latenighthack/.worktrees/lockers-review-static-pass2/server/src/test/kotlin/com/latenighthack/lockers/server/SubscriptionIntentBoundaryTest.kt:30:1: Line detected, which is longer than the defined maximum line length in the code style. [MaxLineLength]
/Users/mikeroberts/workspace/latenighthack/.worktrees/lockers-review-static-pass2/server/src/test/kotlin/com/latenighthack/lockers/server/SubscriptionIntentBoundaryTest.kt:31:1: Line detected, which is longer than the defined maximum line length in the code style. [MaxLineLength]
/Users/mikeroberts/workspace/latenighthack/.worktrees/lockers-review-static-pass2/server/src/test/kotlin/com/latenighthack/lockers/server/SubscriptionIntentBoundaryTest.kt:33:1: Line detected, which is longer than the defined maximum line length in the code style. [MaxLineLength]
/Users/mikeroberts/workspace/latenighthack/.worktrees/lockers-review-static-pass2/server/src/test/kotlin/com/latenighthack/lockers/server/SubscriptionIntentBoundaryTest.kt:38:1: Line detected, which is longer than the defined maximum line length in the code style. [MaxLineLength]
/Users/mikeroberts/workspace/latenighthack/.worktrees/lockers-review-static-pass2/server/src/test/kotlin/com/latenighthack/lockers/server/SubscriptionIntentBoundaryTest.kt:41:1: Line detected, which is longer than the defined maximum line length in the code style. [MaxLineLength]
/Users/mikeroberts/workspace/latenighthack/.worktrees/lockers-review-static-pass2/server/src/test/kotlin/com/latenighthack/lockers/server/SubscriptionIntentBoundaryTest.kt:44:1: Line detected, which is longer than the defined maximum line length in the code style. [MaxLineLength]
/Users/mikeroberts/workspace/latenighthack/.worktrees/lockers-review-static-pass2/server/src/test/kotlin/com/latenighthack/lockers/server/SubscriptionIntentBoundaryTest.kt:45:1: Line detected, which is longer than the defined maximum line length in the code style. [MaxLineLength]
/Users/mikeroberts/workspace/latenighthack/.worktrees/lockers-review-static-pass2/server/src/test/kotlin/com/latenighthack/lockers/server/SubscriptionIntentBoundaryTest.kt:50:1: Line detected, which is longer than the defined maximum line length in the code style. [MaxLineLength]
/Users/mikeroberts/workspace/latenighthack/.worktrees/lockers-review-static-pass2/server/src/test/kotlin/com/latenighthack/lockers/server/SubscriptionIntentBoundaryTest.kt:54:1: Line detected, which is longer than the defined maximum line length in the code style. [MaxLineLength]
/Users/mikeroberts/workspace/latenighthack/.worktrees/lockers-review-static-pass2/server/src/test/kotlin/com/latenighthack/lockers/server/SubscriptionIntentBoundaryTest.kt:60:1: Line detected, which is longer than the defined maximum line length in the code style. [MaxLineLength]
/Users/mikeroberts/workspace/latenighthack/.worktrees/lockers-review-static-pass2/server/src/test/kotlin/com/latenighthack/lockers/server/SubscriptionIntentBoundaryTest.kt:62:1: Line detected, which is longer than the defined maximum line length in the code style. [MaxLineLength]
/Users/mikeroberts/workspace/latenighthack/.worktrees/lockers-review-static-pass2/server/src/test/kotlin/com/latenighthack/lockers/server/SubscriptionIntentBoundaryTest.kt:64:1: Line detected, which is longer than the defined maximum line length in the code style. [MaxLineLength]
/Users/mikeroberts/workspace/latenighthack/.worktrees/lockers-review-static-pass2/server/src/test/kotlin/com/latenighthack/lockers/server/SubscriptionIntentBoundaryTest.kt:69:1: Line detected, which is longer than the defined maximum line length in the code style. [MaxLineLength]
/Users/mikeroberts/workspace/latenighthack/.worktrees/lockers-review-static-pass2/server/src/test/kotlin/com/latenighthack/lockers/server/SubscriptionIntentBoundaryTest.kt:72:1: Line detected, which is longer than the defined maximum line length in the code style. [MaxLineLength]
/Users/mikeroberts/workspace/latenighthack/.worktrees/lockers-review-static-pass2/server/src/test/kotlin/com/latenighthack/lockers/server/SubscriptionIntentBoundaryTest.kt:77:1: Line detected, which is longer than the defined maximum line length in the code style. [MaxLineLength]
/Users/mikeroberts/workspace/latenighthack/.worktrees/lockers-review-static-pass2/server/src/test/kotlin/com/latenighthack/lockers/server/SubscriptionIntentBoundaryTest.kt:79:1: Line detected, which is longer than the defined maximum line length in the code style. [MaxLineLength]
/Users/mikeroberts/workspace/latenighthack/.worktrees/lockers-review-static-pass2/server/src/test/kotlin/com/latenighthack/lockers/server/SubscriptionIntentBoundaryTest.kt:84:1: Line detected, which is longer than the defined maximum line length in the code style. [MaxLineLength]
/Users/mikeroberts/workspace/latenighthack/.worktrees/lockers-review-static-pass2/server/src/test/kotlin/com/latenighthack/lockers/server/SubscriptionIntentBoundaryTest.kt:90:1: Line detected, which is longer than the defined maximum line length in the code style. [MaxLineLength]
/Users/mikeroberts/workspace/latenighthack/.worktrees/lockers-review-static-pass2/server/src/test/kotlin/com/latenighthack/lockers/server/SubscriptionIntentBoundaryTest.kt:91:1: Line detected, which is longer than the defined maximum line length in the code style. [MaxLineLength]
/Users/mikeroberts/workspace/latenighthack/.worktrees/lockers-review-static-pass2/server/src/test/kotlin/com/latenighthack/lockers/server/SubscriptionIntentBoundaryTest.kt:93:1: Line detected, which is longer than the defined maximum line length in the code style. [MaxLineLength]
/Users/mikeroberts/workspace/latenighthack/.worktrees/lockers-review-static-pass2/server/src/test/kotlin/com/latenighthack/lockers/server/SubscriptionIntentBoundaryTest.kt:98:1: Line detected, which is longer than the defined maximum line length in the code style. [MaxLineLength]
/Users/mikeroberts/workspace/latenighthack/.worktrees/lockers-review-static-pass2/server/src/test/kotlin/com/latenighthack/lockers/server/SubscriptionIntentBoundaryTest.kt:101:1: Line detected, which is longer than the defined maximum line length in the code style. [MaxLineLength]
/Users/mikeroberts/workspace/latenighthack/.worktrees/lockers-review-static-pass2/server/src/test/kotlin/com/latenighthack/lockers/server/SubscriptionIntentBoundaryTest.kt:104:1: Line detected, which is longer than the defined maximum line length in the code style. [MaxLineLength]
/Users/mikeroberts/workspace/latenighthack/.worktrees/lockers-review-static-pass2/server/src/test/kotlin/com/latenighthack/lockers/server/SubscriptionIntentBoundaryTest.kt:105:1: Line detected, which is longer than the defined maximum line length in the code style. [MaxLineLength]
/Users/mikeroberts/workspace/latenighthack/.worktrees/lockers-review-static-pass2/server/src/test/kotlin/com/latenighthack/lockers/server/SubscriptionIntentBoundaryTest.kt:108:1: Line detected, which is longer than the defined maximum line length in the code style. [MaxLineLength]
/Users/mikeroberts/workspace/latenighthack/.worktrees/lockers-review-static-pass2/server/src/test/kotlin/com/latenighthack/lockers/server/SubscriptionIntentBoundaryTest.kt:110:1: Line detected, which is longer than the defined maximum line length in the code style. [MaxLineLength]
/Users/mikeroberts/workspace/latenighthack/.worktrees/lockers-review-static-pass2/server/src/test/kotlin/com/latenighthack/lockers/server/SubscriptionIntentBoundaryTest.kt:112:1: Line detected, which is longer than the defined maximum line length in the code style. [MaxLineLength]
/Users/mikeroberts/workspace/latenighthack/.worktrees/lockers-review-static-pass2/server/src/test/kotlin/com/latenighthack/lockers/server/SubscriptionIntentBoundaryTest.kt:115:1: Line detected, which is longer than the defined maximum line length in the code style. [MaxLineLength]
/Users/mikeroberts/workspace/latenighthack/.worktrees/lockers-review-static-pass2/server/src/test/kotlin/com/latenighthack/lockers/server/SubscriptionIntentBoundaryTest.kt:123:1: Line detected, which is longer than the defined maximum line length in the code style. [MaxLineLength]
/Users/mikeroberts/workspace/latenighthack/.worktrees/lockers-review-static-pass2/server/src/test/kotlin/com/latenighthack/lockers/server/SubscriptionIntentBoundaryTest.kt:125:1: Line detected, which is longer than the defined maximum line length in the code style. [MaxLineLength]
/Users/mikeroberts/workspace/latenighthack/.worktrees/lockers-review-static-pass2/server/src/test/kotlin/com/latenighthack/lockers/server/SubscriptionIntentBoundaryTest.kt:128:1: Line detected, which is longer than the defined maximum line length in the code style. [MaxLineLength]
/Users/mikeroberts/workspace/latenighthack/.worktrees/lockers-review-static-pass2/server/src/test/kotlin/com/latenighthack/lockers/server/SubscriptionIntentBoundaryTest.kt:129:1: Line detected, which is longer than the defined maximum line length in the code style. [MaxLineLength]
/Users/mikeroberts/workspace/latenighthack/.worktrees/lockers-review-static-pass2/server/src/test/kotlin/com/latenighthack/lockers/server/RingPublicSessionRecoveryTest.kt:3:1: com.latenighthack.ktbuf.net.* is a wildcard import. Replace it with fully qualified imports. [WildcardImport]
/Users/mikeroberts/workspace/latenighthack/.worktrees/lockers-review-static-pass2/server/src/test/kotlin/com/latenighthack/lockers/server/RingPublicSessionRecoveryTest.kt:6:1: com.latenighthack.ktbuf.server.* is a wildcard import. Replace it with fully qualified imports. [WildcardImport]
/Users/mikeroberts/workspace/latenighthack/.worktrees/lockers-review-static-pass2/server/src/test/kotlin/com/latenighthack/lockers/server/RingPublicSessionRecoveryTest.kt:7:1: com.latenighthack.ktcrypto.* is a wildcard import. Replace it with fully qualified imports. [WildcardImport]
/Users/mikeroberts/workspace/latenighthack/.worktrees/lockers-review-static-pass2/server/src/test/kotlin/com/latenighthack/lockers/server/RingPublicSessionRecoveryTest.kt:8:1: com.latenighthack.ktstore.* is a wildcard import. Replace it with fully qualified imports. [WildcardImport]
/Users/mikeroberts/workspace/latenighthack/.worktrees/lockers-review-static-pass2/server/src/test/kotlin/com/latenighthack/lockers/server/RingPublicSessionRecoveryTest.kt:9:1: com.latenighthack.lockers.common.v1.* is a wildcard import. Replace it with fully qualified imports. [WildcardImport]
/Users/mikeroberts/workspace/latenighthack/.worktrees/lockers-review-static-pass2/server/src/test/kotlin/com/latenighthack/lockers/server/RingPublicSessionRecoveryTest.kt:15:1: com.latenighthack.lockers.server.storage.v1.* is a wildcard import. Replace it with fully qualified imports. [WildcardImport]
/Users/mikeroberts/workspace/latenighthack/.worktrees/lockers-review-static-pass2/server/src/test/kotlin/com/latenighthack/lockers/server/RingPublicSessionRecoveryTest.kt:16:1: com.latenighthack.lockers.session.v1.* is a wildcard import. Replace it with fully qualified imports. [WildcardImport]
/Users/mikeroberts/workspace/latenighthack/.worktrees/lockers-review-static-pass2/server/src/test/kotlin/com/latenighthack/lockers/server/RingPublicSessionRecoveryTest.kt:23:1: kotlinx.coroutines.* is a wildcard import. Replace it with fully qualified imports. [WildcardImport]
/Users/mikeroberts/workspace/latenighthack/.worktrees/lockers-review-static-pass2/server/src/test/kotlin/com/latenighthack/lockers/server/RingPublicSessionRecoveryTest.kt:24:1: kotlinx.coroutines.flow.* is a wildcard import. Replace it with fully qualified imports. [WildcardImport]
/Users/mikeroberts/workspace/latenighthack/.worktrees/lockers-review-static-pass2/server/src/test/kotlin/com/latenighthack/lockers/server/RingPublicSessionRecoveryTest.kt:25:1: kotlin.test.* is a wildcard import. Replace it with fully qualified imports. [WildcardImport]
/Users/mikeroberts/workspace/latenighthack/.worktrees/lockers-review-static-pass2/server/src/test/kotlin/com/latenighthack/lockers/server/RingPublicSessionRecoveryTest.kt:33:1: Line detected, which is longer than the defined maximum line length in the code style. [MaxLineLength]
/Users/mikeroberts/workspace/latenighthack/.worktrees/lockers-review-static-pass2/server/src/test/kotlin/com/latenighthack/lockers/server/RingPublicSessionRecoveryTest.kt:41:1: Line detected, which is longer than the defined maximum line length in the code style. [MaxLineLength]
/Users/mikeroberts/workspace/latenighthack/.worktrees/lockers-review-static-pass2/server/src/test/kotlin/com/latenighthack/lockers/server/RingPublicSessionRecoveryTest.kt:42:1: Line detected, which is longer than the defined maximum line length in the code style. [MaxLineLength]
/Users/mikeroberts/workspace/latenighthack/.worktrees/lockers-review-static-pass2/server/src/test/kotlin/com/latenighthack/lockers/server/RingPublicSessionRecoveryTest.kt:46:1: Line detected, which is longer than the defined maximum line length in the code style. [MaxLineLength]
/Users/mikeroberts/workspace/latenighthack/.worktrees/lockers-review-static-pass2/server/src/test/kotlin/com/latenighthack/lockers/server/RingPublicSessionRecoveryTest.kt:47:1: Line detected, which is longer than the defined maximum line length in the code style. [MaxLineLength]
/Users/mikeroberts/workspace/latenighthack/.worktrees/lockers-review-static-pass2/server/src/test/kotlin/com/latenighthack/lockers/server/RingPublicSessionRecoveryTest.kt:48:1: Line detected, which is longer than the defined maximum line length in the code style. [MaxLineLength]
/Users/mikeroberts/workspace/latenighthack/.worktrees/lockers-review-static-pass2/server/src/test/kotlin/com/latenighthack/lockers/server/RingPublicSessionRecoveryTest.kt:85:1: Line detected, which is longer than the defined maximum line length in the code style. [MaxLineLength]
/Users/mikeroberts/workspace/latenighthack/.worktrees/lockers-review-static-pass2/server/src/test/kotlin/com/latenighthack/lockers/server/RingPublicSessionRecoveryTest.kt:92:1: Line detected, which is longer than the defined maximum line length in the code style. [MaxLineLength]
/Users/mikeroberts/workspace/latenighthack/.worktrees/lockers-review-static-pass2/server/src/test/kotlin/com/latenighthack/lockers/server/RingPublicSessionRecoveryTest.kt:94:1: Line detected, which is longer than the defined maximum line length in the code style. [MaxLineLength]
/Users/mikeroberts/workspace/latenighthack/.worktrees/lockers-review-static-pass2/server/src/test/kotlin/com/latenighthack/lockers/server/RingPublicSessionRecoveryTest.kt:105:1: Line detected, which is longer than the defined maximum line length in the code style. [MaxLineLength]
/Users/mikeroberts/workspace/latenighthack/.worktrees/lockers-review-static-pass2/server/src/test/kotlin/com/latenighthack/lockers/server/RingPublicSessionRecoveryTest.kt:106:1: Line detected, which is longer than the defined maximum line length in the code style. [MaxLineLength]
/Users/mikeroberts/workspace/latenighthack/.worktrees/lockers-review-static-pass2/server/src/test/kotlin/com/latenighthack/lockers/server/RingPublicSessionRecoveryTest.kt:108:1: Line detected, which is longer than the defined maximum line length in the code style. [MaxLineLength]
/Users/mikeroberts/workspace/latenighthack/.worktrees/lockers-review-static-pass2/server/src/test/kotlin/com/latenighthack/lockers/server/RingPublicSessionRecoveryTest.kt:109:1: Line detected, which is longer than the defined maximum line length in the code style. [MaxLineLength]
/Users/mikeroberts/workspace/latenighthack/.worktrees/lockers-review-static-pass2/server/src/test/kotlin/com/latenighthack/lockers/server/RingPublicSessionRecoveryTest.kt:111:1: Line detected, which is longer than the defined maximum line length in the code style. [MaxLineLength]
/Users/mikeroberts/workspace/latenighthack/.worktrees/lockers-review-static-pass2/server/src/test/kotlin/com/latenighthack/lockers/server/RingPublicSessionRecoveryTest.kt:112:1: Line detected, which is longer than the defined maximum line length in the code style. [MaxLineLength]
/Users/mikeroberts/workspace/latenighthack/.worktrees/lockers-review-static-pass2/server/src/test/kotlin/com/latenighthack/lockers/server/RingPublicSessionRecoveryTest.kt:114:1: Line detected, which is longer than the defined maximum line length in the code style. [MaxLineLength]
/Users/mikeroberts/workspace/latenighthack/.worktrees/lockers-review-static-pass2/server/src/test/kotlin/com/latenighthack/lockers/server/SubscriptionHttpOrderingTest.kt:3:1: com.latenighthack.ktbuf.net.* is a wildcard import. Replace it with fully qualified imports. [WildcardImport]
/Users/mikeroberts/workspace/latenighthack/.worktrees/lockers-review-static-pass2/server/src/test/kotlin/com/latenighthack/lockers/server/SubscriptionHttpOrderingTest.kt:6:1: com.latenighthack.ktcrypto.* is a wildcard import. Replace it with fully qualified imports. [WildcardImport]
/Users/mikeroberts/workspace/latenighthack/.worktrees/lockers-review-static-pass2/server/src/test/kotlin/com/latenighthack/lockers/server/SubscriptionHttpOrderingTest.kt:7:1: com.latenighthack.ktstore.* is a wildcard import. Replace it with fully qualified imports. [WildcardImport]
/Users/mikeroberts/workspace/latenighthack/.worktrees/lockers-review-static-pass2/server/src/test/kotlin/com/latenighthack/lockers/server/SubscriptionHttpOrderingTest.kt:9:1: com.latenighthack.lockers.common.v1.* is a wildcard import. Replace it with fully qualified imports. [WildcardImport]
/Users/mikeroberts/workspace/latenighthack/.worktrees/lockers-review-static-pass2/server/src/test/kotlin/com/latenighthack/lockers/server/SubscriptionHttpOrderingTest.kt:10:1: com.latenighthack.lockers.connector.* is a wildcard import. Replace it with fully qualified imports. [WildcardImport]
/Users/mikeroberts/workspace/latenighthack/.worktrees/lockers-review-static-pass2/server/src/test/kotlin/com/latenighthack/lockers/server/SubscriptionHttpOrderingTest.kt:12:1: com.latenighthack.lockers.room.v1.* is a wildcard import. Replace it with fully qualified imports. [WildcardImport]
/Users/mikeroberts/workspace/latenighthack/.worktrees/lockers-review-static-pass2/server/src/test/kotlin/com/latenighthack/lockers/server/SubscriptionHttpOrderingTest.kt:13:1: com.latenighthack.lockers.server.services.room.v1.* is a wildcard import. Replace it with fully qualified imports. [WildcardImport]
/Users/mikeroberts/workspace/latenighthack/.worktrees/lockers-review-static-pass2/server/src/test/kotlin/com/latenighthack/lockers/server/SubscriptionHttpOrderingTest.kt:15:1: com.latenighthack.lockers.server.storage.v1.* is a wildcard import. Replace it with fully qualified imports. [WildcardImport]
/Users/mikeroberts/workspace/latenighthack/.worktrees/lockers-review-static-pass2/server/src/test/kotlin/com/latenighthack/lockers/server/SubscriptionHttpOrderingTest.kt:20:1: kotlinx.coroutines.* is a wildcard import. Replace it with fully qualified imports. [WildcardImport]
/Users/mikeroberts/workspace/latenighthack/.worktrees/lockers-review-static-pass2/server/src/test/kotlin/com/latenighthack/lockers/server/SubscriptionHttpOrderingTest.kt:23:1: kotlin.test.* is a wildcard import. Replace it with fully qualified imports. [WildcardImport]
/Users/mikeroberts/workspace/latenighthack/.worktrees/lockers-review-static-pass2/server/src/test/kotlin/com/latenighthack/lockers/server/SubscriptionHttpOrderingTest.kt:26:1: Line detected, which is longer than the defined maximum line length in the code style. [MaxLineLength]
/Users/mikeroberts/workspace/latenighthack/.worktrees/lockers-review-static-pass2/server/src/test/kotlin/com/latenighthack/lockers/server/SubscriptionHttpOrderingTest.kt:31:1: Line detected, which is longer than the defined maximum line length in the code style. [MaxLineLength]
/Users/mikeroberts/workspace/latenighthack/.worktrees/lockers-review-static-pass2/server/src/test/kotlin/com/latenighthack/lockers/server/SubscriptionHttpOrderingTest.kt:32:1: Line detected, which is longer than the defined maximum line length in the code style. [MaxLineLength]
/Users/mikeroberts/workspace/latenighthack/.worktrees/lockers-review-static-pass2/server/src/test/kotlin/com/latenighthack/lockers/server/SubscriptionHttpOrderingTest.kt:33:1: Line detected, which is longer than the defined maximum line length in the code style. [MaxLineLength]
/Users/mikeroberts/workspace/latenighthack/.worktrees/lockers-review-static-pass2/server/src/test/kotlin/com/latenighthack/lockers/server/SubscriptionHttpOrderingTest.kt:35:1: Line detected, which is longer than the defined maximum line length in the code style. [MaxLineLength]
/Users/mikeroberts/workspace/latenighthack/.worktrees/lockers-review-static-pass2/server/src/test/kotlin/com/latenighthack/lockers/server/SubscriptionHttpOrderingTest.kt:53:1: Line detected, which is longer than the defined maximum line length in the code style. [MaxLineLength]
/Users/mikeroberts/workspace/latenighthack/.worktrees/lockers-review-static-pass2/server/src/test/kotlin/com/latenighthack/lockers/server/SubscriptionHttpOrderingTest.kt:57:1: Line detected, which is longer than the defined maximum line length in the code style. [MaxLineLength]
/Users/mikeroberts/workspace/latenighthack/.worktrees/lockers-review-static-pass2/server/src/test/kotlin/com/latenighthack/lockers/server/SubscriptionHttpOrderingTest.kt:60:1: Line detected, which is longer than the defined maximum line length in the code style. [MaxLineLength]
/Users/mikeroberts/workspace/latenighthack/.worktrees/lockers-review-static-pass2/server/src/test/kotlin/com/latenighthack/lockers/server/SubscriptionHttpOrderingTest.kt:62:1: Line detected, which is longer than the defined maximum line length in the code style. [MaxLineLength]
/Users/mikeroberts/workspace/latenighthack/.worktrees/lockers-review-static-pass2/server/src/test/kotlin/com/latenighthack/lockers/server/SubscriptionHttpOrderingTest.kt:66:1: Line detected, which is longer than the defined maximum line length in the code style. [MaxLineLength]
/Users/mikeroberts/workspace/latenighthack/.worktrees/lockers-review-static-pass2/server/src/test/kotlin/com/latenighthack/lockers/server/SubscriptionHttpOrderingTest.kt:68:1: Line detected, which is longer than the defined maximum line length in the code style. [MaxLineLength]
/Users/mikeroberts/workspace/latenighthack/.worktrees/lockers-review-static-pass2/server/src/test/kotlin/com/latenighthack/lockers/server/SubscriptionHttpOrderingTest.kt:74:1: Line detected, which is longer than the defined maximum line length in the code style. [MaxLineLength]
/Users/mikeroberts/workspace/latenighthack/.worktrees/lockers-review-static-pass2/server/src/test/kotlin/com/latenighthack/lockers/server/SubscriptionHttpOrderingTest.kt:79:1: Line detected, which is longer than the defined maximum line length in the code style. [MaxLineLength]
/Users/mikeroberts/workspace/latenighthack/.worktrees/lockers-review-static-pass2/server/src/test/kotlin/com/latenighthack/lockers/server/SubscriptionHttpOrderingTest.kt:80:1: Line detected, which is longer than the defined maximum line length in the code style. [MaxLineLength]
/Users/mikeroberts/workspace/latenighthack/.worktrees/lockers-review-static-pass2/server/src/main/kotlin/com/latenighthack/lockers/server/cluster/PublicSessionAddresses.kt:9:1: Line detected, which is longer than the defined maximum line length in the code style. [MaxLineLength]
/Users/mikeroberts/workspace/latenighthack/.worktrees/lockers-review-static-pass2/server/src/main/kotlin/com/latenighthack/lockers/server/cluster/PublicSessionAddresses.kt:18:1: Line detected, which is longer than the defined maximum line length in the code style. [MaxLineLength]
/Users/mikeroberts/workspace/latenighthack/.worktrees/lockers-review-static-pass2/server/src/main/kotlin/com/latenighthack/lockers/server/cluster/PublicSessionAddresses.kt:23:1: Line detected, which is longer than the defined maximum line length in the code style. [MaxLineLength]
/Users/mikeroberts/workspace/latenighthack/.worktrees/lockers-review-static-pass2/server/src/main/kotlin/com/latenighthack/lockers/server/cluster/PublicSessionAddresses.kt:27:1: Line detected, which is longer than the defined maximum line length in the code style. [MaxLineLength]
/Users/mikeroberts/workspace/latenighthack/.worktrees/lockers-review-static-pass2/server/src/main/kotlin/com/latenighthack/lockers/server/cluster/PublicSessionAddresses.kt:23:59: This expression contains a magic number. Consider defining it to a well named constant. [MagicNumber]
/Users/mikeroberts/workspace/latenighthack/.worktrees/lockers-review-static-pass2/server/src/main/kotlin/com/latenighthack/lockers/server/cluster/PublicSessionAddresses.kt:27:98: This expression contains a magic number. Consider defining it to a well named constant. [MagicNumber]
/Users/mikeroberts/workspace/latenighthack/.worktrees/lockers-review-static-pass2/server/src/main/kotlin/com/latenighthack/lockers/server/cluster/RingSessionOwnership.kt:21:1: Line detected, which is longer than the defined maximum line length in the code style. [MaxLineLength]
/Users/mikeroberts/workspace/latenighthack/.worktrees/lockers-review-static-pass2/server/src/main/kotlin/com/latenighthack/lockers/server/cluster/RingSessionOwnership.kt:22:1: Line detected, which is longer than the defined maximum line length in the code style. [MaxLineLength]
/Users/mikeroberts/workspace/latenighthack/.worktrees/lockers-review-static-pass2/server/src/main/kotlin/com/latenighthack/lockers/server/cluster/RingSessionOwnership.kt:31:1: Line detected, which is longer than the defined maximum line length in the code style. [MaxLineLength]
/Users/mikeroberts/workspace/latenighthack/.worktrees/lockers-review-static-pass2/server/src/main/kotlin/com/latenighthack/lockers/server/cluster/ClusterContext.kt:34:1: Line detected, which is longer than the defined maximum line length in the code style. [MaxLineLength]
/Users/mikeroberts/workspace/latenighthack/.worktrees/lockers-review-static-pass2/server/src/main/kotlin/com/latenighthack/lockers/server/cluster/ClusterContext.kt:37:1: Line detected, which is longer than the defined maximum line length in the code style. [MaxLineLength]
/Users/mikeroberts/workspace/latenighthack/.worktrees/lockers-review-static-pass2/server/src/main/kotlin/com/latenighthack/lockers/server/ServerStorage.kt:69:1: Line detected, which is longer than the defined maximum line length in the code style. [MaxLineLength]
/Users/mikeroberts/workspace/latenighthack/.worktrees/lockers-review-static-pass2/server/src/main/kotlin/com/latenighthack/lockers/server/ServerStorage.kt:68:49: This expression contains a magic number. Consider defining it to a well named constant. [MagicNumber]
/Users/mikeroberts/workspace/latenighthack/.worktrees/lockers-review-static-pass2/server/src/main/kotlin/com/latenighthack/lockers/server/services/room/v1/SubscriptionIntents.kt:3:1: com.latenighthack.ktstore.* is a wildcard import. Replace it with fully qualified imports. [WildcardImport]
/Users/mikeroberts/workspace/latenighthack/.worktrees/lockers-review-static-pass2/server/src/main/kotlin/com/latenighthack/lockers/server/services/room/v1/SubscriptionIntents.kt:9:1: com.latenighthack.lockers.server.storage.v1.* is a wildcard import. Replace it with fully qualified imports. [WildcardImport]
/Users/mikeroberts/workspace/latenighthack/.worktrees/lockers-review-static-pass2/server/src/main/kotlin/com/latenighthack/lockers/server/services/room/v1/SubscriptionIntents.kt:10:1: java.io.* is a wildcard import. Replace it with fully qualified imports. [WildcardImport]
/Users/mikeroberts/workspace/latenighthack/.worktrees/lockers-review-static-pass2/server/src/main/kotlin/com/latenighthack/lockers/server/services/room/v1/SubscriptionIntents.kt:22:1: Line detected, which is longer than the defined maximum line length in the code style. [MaxLineLength]
/Users/mikeroberts/workspace/latenighthack/.worktrees/lockers-review-static-pass2/server/src/main/kotlin/com/latenighthack/lockers/server/services/room/v1/SubscriptionIntents.kt:23:1: Line detected, which is longer than the defined maximum line length in the code style. [MaxLineLength]
/Users/mikeroberts/workspace/latenighthack/.worktrees/lockers-review-static-pass2/server/src/main/kotlin/com/latenighthack/lockers/server/services/room/v1/SubscriptionIntents.kt:36:1: Line detected, which is longer than the defined maximum line length in the code style. [MaxLineLength]
/Users/mikeroberts/workspace/latenighthack/.worktrees/lockers-review-static-pass2/server/src/main/kotlin/com/latenighthack/lockers/server/services/room/v1/SubscriptionIntents.kt:40:1: Line detected, which is longer than the defined maximum line length in the code style. [MaxLineLength]
/Users/mikeroberts/workspace/latenighthack/.worktrees/lockers-review-static-pass2/server/src/main/kotlin/com/latenighthack/lockers/server/services/room/v1/SubscriptionIntents.kt:41:1: Line detected, which is longer than the defined maximum line length in the code style. [MaxLineLength]
/Users/mikeroberts/workspace/latenighthack/.worktrees/lockers-review-static-pass2/server/src/main/kotlin/com/latenighthack/lockers/server/services/room/v1/SubscriptionIntents.kt:43:1: Line detected, which is longer than the defined maximum line length in the code style. [MaxLineLength]
/Users/mikeroberts/workspace/latenighthack/.worktrees/lockers-review-static-pass2/server/src/main/kotlin/com/latenighthack/lockers/server/services/room/v1/SubscriptionIntents.kt:44:1: Line detected, which is longer than the defined maximum line length in the code style. [MaxLineLength]
/Users/mikeroberts/workspace/latenighthack/.worktrees/lockers-review-static-pass2/server/src/main/kotlin/com/latenighthack/lockers/server/services/room/v1/SubscriptionIntents.kt:50:1: Line detected, which is longer than the defined maximum line length in the code style. [MaxLineLength]
/Users/mikeroberts/workspace/latenighthack/.worktrees/lockers-review-static-pass2/server/src/main/kotlin/com/latenighthack/lockers/server/services/room/v1/SubscriptionIntents.kt:55:1: Line detected, which is longer than the defined maximum line length in the code style. [MaxLineLength]
/Users/mikeroberts/workspace/latenighthack/.worktrees/lockers-review-static-pass2/server/src/main/kotlin/com/latenighthack/lockers/server/services/room/v1/SubscriptionIntents.kt:57:1: Line detected, which is longer than the defined maximum line length in the code style. [MaxLineLength]
/Users/mikeroberts/workspace/latenighthack/.worktrees/lockers-review-static-pass2/server/src/main/kotlin/com/latenighthack/lockers/server/services/room/v1/SubscriptionIntents.kt:65:1: Line detected, which is longer than the defined maximum line length in the code style. [MaxLineLength]
/Users/mikeroberts/workspace/latenighthack/.worktrees/lockers-review-static-pass2/server/src/main/kotlin/com/latenighthack/lockers/server/services/room/v1/SubscriptionIntents.kt:67:1: Line detected, which is longer than the defined maximum line length in the code style. [MaxLineLength]
/Users/mikeroberts/workspace/latenighthack/.worktrees/lockers-review-static-pass2/server/src/main/kotlin/com/latenighthack/lockers/server/services/room/v1/SubscriptionIntents.kt:72:1: Line detected, which is longer than the defined maximum line length in the code style. [MaxLineLength]
/Users/mikeroberts/workspace/latenighthack/.worktrees/lockers-review-static-pass2/server/src/main/kotlin/com/latenighthack/lockers/server/services/room/v1/SubscriptionIntents.kt:82:1: Line detected, which is longer than the defined maximum line length in the code style. [MaxLineLength]
/Users/mikeroberts/workspace/latenighthack/.worktrees/lockers-review-static-pass2/server/src/main/kotlin/com/latenighthack/lockers/server/services/room/v1/SubscriptionIntents.kt:17:42: This expression contains a magic number. Consider defining it to a well named constant. [MagicNumber]
/Users/mikeroberts/workspace/latenighthack/.worktrees/lockers-review-static-pass2/server/src/main/kotlin/com/latenighthack/lockers/server/services/room/v1/SubscriptionIntents.kt:17:71: This expression contains a magic number. Consider defining it to a well named constant. [MagicNumber]
/Users/mikeroberts/workspace/latenighthack/.worktrees/lockers-review-static-pass2/server/src/main/kotlin/com/latenighthack/lockers/server/services/room/v1/SubscriptionIntents.kt:23:77: This expression contains a magic number. Consider defining it to a well named constant. [MagicNumber]
/Users/mikeroberts/workspace/latenighthack/.worktrees/lockers-review-static-pass2/server/src/main/kotlin/com/latenighthack/lockers/server/services/room/v1/SubscriptionIntents.kt:82:62: This expression contains a magic number. Consider defining it to a well named constant. [MagicNumber]
/Users/mikeroberts/workspace/latenighthack/.worktrees/lockers-review-static-pass2/server/src/main/kotlin/com/latenighthack/lockers/server/services/room/v1/SubscriptionStore.kt:8:1: Line detected, which is longer than the defined maximum line length in the code style. [MaxLineLength]
/Users/mikeroberts/workspace/latenighthack/.worktrees/lockers-review-static-pass2/server/src/main/kotlin/com/latenighthack/lockers/server/services/room/v1/SubscriptionStore.kt:9:1: Line detected, which is longer than the defined maximum line length in the code style. [MaxLineLength]
/Users/mikeroberts/workspace/latenighthack/.worktrees/lockers-review-static-pass2/server/src/main/kotlin/com/latenighthack/lockers/server/services/room/v1/SubscriptionStore.kt:12:1: Line detected, which is longer than the defined maximum line length in the code style. [MaxLineLength]
/Users/mikeroberts/workspace/latenighthack/.worktrees/lockers-review-static-pass2/server/src/main/kotlin/com/latenighthack/lockers/server/services/room/v1/SubscriptionStore.kt:13:1: Line detected, which is longer than the defined maximum line length in the code style. [MaxLineLength]
/Users/mikeroberts/workspace/latenighthack/.worktrees/lockers-review-static-pass2/server/src/main/kotlin/com/latenighthack/lockers/server/services/room/v1/SubscriptionStore.kt:29:1: Line detected, which is longer than the defined maximum line length in the code style. [MaxLineLength]
/Users/mikeroberts/workspace/latenighthack/.worktrees/lockers-review-static-pass2/server/src/main/kotlin/com/latenighthack/lockers/server/services/room/v1/SnapshotStore.kt:56:1: Line detected, which is longer than the defined maximum line length in the code style. [MaxLineLength]
/Users/mikeroberts/workspace/latenighthack/.worktrees/lockers-review-static-pass2/server/src/main/kotlin/com/latenighthack/lockers/server/services/room/v1/RoomServiceImpl.kt:340:1: Line detected, which is longer than the defined maximum line length in the code style. [MaxLineLength]
/Users/mikeroberts/workspace/latenighthack/.worktrees/lockers-review-static-pass2/server/src/main/kotlin/com/latenighthack/lockers/server/services/room/v1/RoomServiceImpl.kt:397:1: Line detected, which is longer than the defined maximum line length in the code style. [MaxLineLength]
/Users/mikeroberts/workspace/latenighthack/.worktrees/lockers-review-static-pass2/server/src/main/kotlin/com/latenighthack/lockers/server/services/room/v1/RoomServiceImpl.kt:682:1: Line detected, which is longer than the defined maximum line length in the code style. [MaxLineLength]
/Users/mikeroberts/workspace/latenighthack/.worktrees/lockers-review-static-pass2/server/src/main/kotlin/com/latenighthack/lockers/server/services/room/v1/RoomServiceImpl.kt:683:1: Line detected, which is longer than the defined maximum line length in the code style. [MaxLineLength]
/Users/mikeroberts/workspace/latenighthack/.worktrees/lockers-review-static-pass2/server/src/main/kotlin/com/latenighthack/lockers/server/services/room/v1/RoomServiceImpl.kt:703:1: Line detected, which is longer than the defined maximum line length in the code style. [MaxLineLength]
/Users/mikeroberts/workspace/latenighthack/.worktrees/lockers-review-static-pass2/server/src/main/kotlin/com/latenighthack/lockers/server/services/session/v1/SessionStore.kt:104:1: Line detected, which is longer than the defined maximum line length in the code style. [MaxLineLength]


> Task :sharding-core:detekt
> Task :server:run:detekt
> Task :server:test:detekt

[Incubating] Problems report is available at: file:///Users/mikeroberts/workspace/latenighthack/.worktrees/lockers-review-static-pass2/build/reports/problems/problems-report.html

FAILURE: Build completed with 2 failures.

1: Task failed with an exception.
-----------
* What went wrong:
Execution failed for task ':connector:detekt' (registered by plugin 'io.gitlab.arturbosch.detekt').
> Analysis failed with 387 weighted issues.

* Try:
> Run with --stacktrace option to get the stack trace.
> Run with --info or --debug option to get more log output.
> Run with --scan to get full insights from a Build Scan (powered by Develocity).
> Get more help at https://help.gradle.org.
==============================================================================

2: Task failed with an exception.
-----------
* What went wrong:
Execution failed for task ':server:detekt' (registered by plugin 'io.gitlab.arturbosch.detekt').
> Analysis failed with 184 weighted issues.

* Try:
> Run with --stacktrace option to get the stack trace.
> Run with --info or --debug option to get more log output.
> Run with --scan to get full insights from a Build Scan (powered by Develocity).
> Get more help at https://help.gradle.org.
==============================================================================

Deprecated Gradle features were used in this build, making it incompatible with Gradle 10.

You can use '--warning-mode all' to show the individual deprecation warnings and determine if they come from your own scripts or plugins.

For more on this, please refer to https://docs.gradle.org/9.5.1/userguide/command_line_interface.html#sec:command_line_warnings in the Gradle documentation.

BUILD FAILED in 7s
10 actionable tasks: 10 executed
